Temperature,Humidity,MQ135,MQ4,Vibration,Wet_Bulb,Explosion_Risk,Safety_Score
30.483570765056164,58.643604769659454,4.2939378068141005,24.68165073509006,15.696209091816442,24.2039268157524,0,83.8469061021832
27.308678494144075,58.19878837424219,5.786921337643262,0.7611362787415168,6.481315216375186,21.29719881612311,0,92.92418907366115
31.23844269050346,38.06535241054978,4.581814740346805,114.27315822425874,10.716994215167652,21.06253884615597,0,81.11563713311088
35.61514928204013,60.04864712447844,8.071460441202843,37.437645568381726,5.240355761618734,29.049993700293985,0,76.89872941824652
26.829233126383322,75.99243622732618,19.25446198243238,94.79012958559068,15.059527918748856,23.51192838853336,0,70.60602082784175
26.8293152152541,45.88651821384808,3.9875072021335964,3.0887013472785485,17.30278317791773,18.89011169809722,0,90.26494941871194
35.896064077536955,80.72723976575888,16.455444551313622,12.903452287769351,8.06579521006747,32.911055237593274,0,68.42675123582052
31.837173645764544,72.31662231626507,3.95374148554832,15.013379964191195,5.60491556917625,27.680178142316915,0,83.13321885760593
25.65262807032524,53.98650017043443,3.750534000592925,24.44435991279484,17.811221053191456,19.180102838929113,0,88.51337758242057
30.712800217929825,62.87705543993229,14.223217927705553,81.19367337457093,8.449275024946603,25.111941584264788,0,74.28468631397742
25.682911535937688,88.9748271146155,15.449074558230828,24.433467649576983,99.84060553220698,24.226574557089993,0,50.212052276222906
25.671351232148716,76.00321720258799,14.601553824837252,11.448872375027188,15.380893668024576,22.41450536271184,0,82.8056132500027
29.20981135783017,65.13175482347222,2.5788977357188547,3.3599166498861863,10.450417387700535,24.102723124493217,0,88.73700231784528
18.43359877671101,61.434750245585235,5.0898034635222915,4.141465701961492,18.12095663861032,13.778474997650815,0,81.66834531498216
19.375410837434835,66.14913605677489,14.273303061184512,71.36565332452646,13.295340144012426,15.219996399856004,0,74.12499768873496
25.188562353795135,57.32354663086545,7.638746144144276,29.42161285589371,12.4989586524848,19.27572191564316,0,87.98572896497497
22.93584439832788,33.42875741421478,3.1300398091267514,64.76442101836656,8.237736482310712,13.630012069844778,0,79.6576439375969
29.571236662976368,95.63266865802096,10.661662370723395,57.33036013442139,97.16859709129001,29.017641529600407,0,43.02013814303222
23.459879622393945,67.32987498799102,4.170993232941785,7.272244540248403,9.23727526181441,19.137941541737,0,92.81509948817163
20.938481493323543,70.97220897683806,31.050654240771966,7.709330184841226,4.129478098119144,17.279276032845786,0,78.24616121102552
35.32824384460777,64.13138375184637,25.42856554688848,70.39470125454847,12.140293738255828,29.530019600527655,0,61.90445312089082
26.871118497567323,53.97324798913118,11.980471403072283,63.87527926074297,21.694114707641223,20.245439952757707,0,80.02270487403926
28.33764102343962,62.21113278576844,21.95083903930306,23.743232594725725,14.013123800392389,22.84986703171012,0,77.70441540651325
20.87625906893272,41.00907856708533,7.782153349994738,4.029181961393831,87.07325834193641,13.179518336115276,0,56.450863185724025
25.278086377374088,99.15629747079956,13.631046139804111,0.608589920076328,6.391889043853174,25.21148222209564,0,83.17576492366246
28.55461294854933,46.48232002366406,24.099141952730882,16.994891325336454,15.533126545686422,20.446876176337526,0,80.40291677803248
22.245032112888488,49.52050574229231,8.992572379555202,0.4632531013295883,21.29230398077322,15.560680104528661,0,81.7009739966247
29.87849009172836,58.396111934203994,6.024595033666802,13.07295408519312,10.148105709784582,23.622266830073045,0,86.86430492627619
24.996806550405974,84.32113587278566,1.8894814634363017,27.1933376486101,15.632288785645791,22.918754143233222,0,86.7470313600224
26.541531251033618,65.2176349889398,6.913618619921149,6.472174563771111,6.311908187132806,21.670988335447017,0,91.28552133478085
24.991466938853016,46.45796305954306,14.278266380985338,5.506245582311974,17.964260321859935,17.43449241443656,0,82.47389409897767
37.26139092254469,83.81507541136008,15.744746310748859,113.37896815476792,10.708190640678252,34.74533931435441,0,55.10232417739108
27.93251387631033,75.96500940178223,11.061737181088963,44.030500034137056,8.066186056341746,24.555012093709564,0,80.54483458003023
22.711445355220498,73.07652435824679,4.792061640932601,136.25144135583886,2.874837465481635,19.21680791186485,0,81.84575775658655
32.11272456051594,75.7360136175626,1.5197452845197703,21.21910791178358,5.192386563353929,28.48571119772109,0,82.65885424886214
21.895781750144888,100.0,4.9720285788783345,56.527588942340266,15.97592701201549,21.919395199474746,0,83.65682501310953
29.044317975023777,97.77642342554168,5.792269033489265,11.451270442513174,15.434090150344453,28.79988040526418,0,77.6142211143263
18.201649380601122,54.69926985495057,5.75262818622998,48.161297518969576,5.046432393059528,12.741200230879489,0,79.73721237028744
21.359069755507846,89.35827489216729,12.119855832744436,6.9393004132646485,14.664508305547953,20.026839602370107,0,88.3177132035635
28.984306179345616,70.7475228463835,36.181253616920124,0.10414033565366114,12.438088376168988,24.763827927199806,0,70.60718780845187
31.692332899977053,72.48643724206624,8.156566933155172,134.06929478338608,10.185071887480712,27.571376638290165,0,67.76269813515499
28.85684140594985,39.61593752535007,6.212817946814322,40.472183403547476,-2.6298064088468927,19.447170304771962,0,92.89373027967834
27.421758588058797,62.44421351917706,6.005180717578249,130.82416647029683,9.004753586957726,22.05552179962603,0,77.83012576575624
26.494481522053555,52.807646144951526,8.162151623148667,20.310633650915154,5.586157608305435,19.731726543768183,0,91.62339810288461
20.607390048162863,77.42088222339964,3.808993540797792,19.8589319829877,17.650860276102605,17.787239329272918,0,86.90684893317751
24.400778958026457,81.06620750604208,8.134862571121577,25.595894484650504,82.16524008445688,21.899105865201566,0,63.13590710668618
25.696806145201062,33.88270473475533,10.597836421078048,61.21574612894839,6.154749462066468,15.858470617905521,0,80.31562994940226
33.285611131094576,64.66947703993594,8.738590012565263,41.71349535050644,9.919630569189627,27.757677178585265,0,76.51629616772561
29.71809144784231,81.82792257191377,10.65504562111299,129.75052459539845,0.5351446153909674,27.132808534651534,0,70.81983038946271
19.18479922318633,62.19981556529832,10.45414015968395,1.288505827503495,9.031708598531049,14.553051618020994,0,83.46308723159548
29.620419846973974,75.93595467503546,1.7904780553125788,61.58363612013679,11.374510565411107,26.152447673610524,0,79.92622232811054
26.074588597918417,70.26748201440626,12.29873149677188,20.048338742338384,9.739682294003755,21.977530226432684,0,85.63294427306327
24.615389998470206,70.1249034792894,4.3197093654214385,9.936796028466652,5.743883041684368,20.597094405620783,0,94.03619642544999
31.05838144420434,60.93027532897554,3.0750730885090265,35.707880344641005,9.944487046885829,25.102434811118165,0,83.92319418897553
33.154997612479754,46.751287937964356,3.053958254913652,35.166319082274946,0.24616336314249132,24.38375162873905,0,88.29870706682628
32.65640059558099,48.17704778862459,10.452417468738805,7.367668372855469,-1.9250439898548937,24.23591086482416,0,88.32483946106044
23.803912383886807,75.64028771682976,6.183843837017826,11.275821727113334,6.159648222678159,20.59290786459562,0,92.83791803766027
26.453938120743928,65.29187383278325,1.9240358263066852,26.226341648030527,15.127032853756432,21.601708170714364,0,88.97044138138658
29.65631715701782,62.922316330891626,10.831193435808066,26.28101066551854,10.492188119622918,24.15930519608357,0,82.21994838154446
32.877725635611796,58.64164936516471,2.3357043521130336,19.103897090376286,90.13601233974696,26.343162229748817,0,57.361677323700306
25.60412881077355,60.42216731778872,8.263573216717825,8.040440306689717,12.48350806121196,20.10821344477891,0,90.74067984006643
27.071705116680914,80.7036769173221,8.942356459606422,0.21916358076782635,0.30736581530123175,24.419043996850842,0,88.77588414507667
22.46832512996986,59.971338771979596,15.0061732337528,175.72120848711748,10.032739833183172,17.223827958069933,0,67.4162878604557
22.018966879596647,44.88402930047647,30.73333294237592,143.67505036819318,20.642338842508003,14.6943218990127,0,55.42653172634243
32.06262911197099,76.1547766331026,2.480000940174814,33.048559160218325,4.041757305506458,28.50462236354551,0,81.35095763340368
34.78120014285412,61.926850042029244,7.085290788586238,265.4360981057477,13.388832830904018,28.638809826595615,0,52.49258577827068
27.63994939209833,65.47093798299164,5.923525314439063,55.98990621748754,80.80230287633188,22.716060438577802,0,60.43105510438772
33.01766448946012,89.11367459599265,10.454157527056273,3.56714962909273,12.653175818722548,31.454933866503776,0,73.01608020089941
29.80818012523817,64.6915916397424,8.780514602976917,6.262188591570214,8.784095259614494,24.58077425083479,0,85.18433070989751
24.77440122697438,69.33775509678088,5.573164390449996,123.9129460707229,10.278765517463865,20.634749241916467,0,80.44374416234005
29.80697802754207,47.31614763052512,5.192826994187676,49.71966850942231,87.37234875631017,21.65458435032802,0,60.82562687436851
35.690182832329846,61.7049582147356,3.024782886510943,92.63398773446457,84.72231269658649,29.421273920034015,0,46.85152800438489
27.820869804450243,74.14289067812902,16.28573002726574,114.271479505171,15.543883301536164,24.1810416840319,0,68.9771300759568
35.82321827907003,41.669393992381366,10.669224105448691,29.70510930989782,8.36627705029454,25.55449844440636,0,80.57437033291149
14.901274479551278,68.01267639673564,15.397644731899621,2.4871433501109426,6.9279225986939394,11.311391825920058,0,76.7102435050212
32.10951252187612,66.5118660896721,5.7642963503188716,10.430012784909088,16.850131881881136,26.98843068211389,0,79.97549389588511
28.435235341190857,65.6193118338116,4.368988968617287,3.444569580155189,79.61087833389392,23.468426173391645,0,65.73144985295707
26.504963247670663,80.55738347987365,3.11848699498579,10.458324709181497,17.346067198634948,23.853207400584463,0,85.83309053116727
28.45880388267751,70.01657772272782,9.846677286867626,26.426820772581866,3.5359535503591886,24.162481223525756,0,85.01160626056631
18.062155426995538,87.17107847534666,3.216087055277433,6.289319452424722,13.471996710736185,16.523440730961195,0,88.05752005331522
26.90164056081244,50.096157266089456,32.425023507184534,9.120072867616557,14.409091401003325,19.648753353361705,0,77.54558052268753
29.78556285755873,67.03886850827521,2.595777107361049,29.51344754777732,12.202398986936085,24.932167124994493,0,84.2850496750713
35.38947022370758,66.26700179584921,9.197466772925111,20.78872466260859,9.585808107876993,29.96481844404563,0,75.1798971119158
25.40864890863176,48.9611825936738,25.880344106347597,31.523468616399956,5.112623334236423,18.18596894299511,0,79.48222672160006
23.95753198553406,79.34442503137019,11.932572042842933,28.033369462633793,103.08224009149149,21.240248876900566,0,55.00925701980048
25.491214782077318,99.87009958779227,8.504019805445981,51.70841100297302,74.47574039757328,25.522634911774777,0,57.46794983012645
32.57701058851037,64.74490888274254,3.404891528060585,138.38169000899134,9.523994422294688,27.122319932538257,0,70.60124052883162
29.643755548298422,72.57531632410651,2.4463194975252067,5.706853551012912,2.9761738916649962,25.66141179637517,0,88.72197923768502
25.351198981164806,66.26777713722991,13.681438868839754,5.2269398518973675,104.97844773627145,20.731550276077648,0,56.546445254183425
30.56633716556678,54.29622995139236,24.653473235705558,95.80022945561744,4.600338590515803,23.5382053510215,0,71.25248621321462
28.4853877467402,37.68859583296975,5.201359364205371,35.30115651317226,16.81370413499481,18.780205212881004,0,86.43494444090332
32.84322495266444,54.41339775356953,2.970560911004019,72.7083266630597,13.62001127500008,25.55684168533449,0,78.36862059185692
24.489734530613237,44.120624285724034,1.0340306890320972,12.130458125299041,2.1956114675959633,16.640686817347845,0,92.49909857977715
26.361689267011158,90.56153117088677,3.371602413826338,88.26441897794972,4.863432884745138,25.113860248481256,0,80.19582222765493
26.039459234339212,63.27335459115141,6.746841881559231,128.75029348009178,1.2262079086187079,20.92448547001254,0,81.95608553665282
20.682425259339407,59.81121006429244,26.557138793828663,50.4591066019366,12.11059057452231,15.598225301641556,0,71.03599437051358
29.48060138532288,78.33730737181709,12.660753761748722,5.5957095113839666,4.783612029446415,26.381865934699857,0,81.94271592278865
29.305276360899448,48.17373345716168,9.431624241607155,112.83033159146343,6.370581691395982,21.380610196387675,0,79.80671219500323
28.025567283212304,53.49703942993172,5.365042356179264,78.62823979279587,5.295732352089094,21.178903532455145,0,85.92105542658503
26.827064333124266,66.02108403872931,4.634217803975898,69.4905822788487,5.227979747124286,22.05240597204468,0,85.91256399635206
20.92314628974793,80.43153487135221,22.74892924206321,1.870982624966547,5.440300265941678,18.470230184121387,0,84.33034897067327
25.896773386173205,72.52527567753182,8.67626236310158,80.21319733967567,7.257981593682178,22.13484477588817,0,82.01895472275532
26.286427417366152,68.72487713773823,1.3742655548177574,7.422158876502283,6.399194902140806,21.951089462279054,0,93.51095217414205
23.988613653891903,66.17176602854025,4.3109930416947,12.57626242346742,67.20176824676565,19.464803971092547,0,73.38349377785617
27.193571441669953,71.00353783290163,3.718897206920913,43.03509546531653,7.511274288594141,23.129303362382174,0,86.63932871023658
30.020254284072692,68.02479357693882,4.773065651320868,15.392931040734553,15.151583477368357,25.304428503817636,0,83.0670034887502
37.43092950605265,49.550415878345966,11.592154443675533,54.13914283757604,-3.1220558302194235,28.591696302137915,0,76.94314931793757
28.872889064159196,65.69118832449728,6.780454225126062,46.83365844300745,8.16813576366768,23.881260133924354,0,83.38180492102714
29.28775195361382,48.89467011623371,6.94837399323973,5.722843562217646,7.068861528595003,21.49212112015186,0,91.35905979073225
27.627770421169163,66.21623814351236,21.131789732534706,53.35780025201762,8.386617675000174,22.817811450977782,0,77.07606870706415
18.406143923504793,57.79028087767638,4.232662078841546,128.82144114232773,11.604678771604338,13.305015521262234,0,71.09082187103836
27.867430622753915,100.0,32.83055447699944,8.783778827474892,10.029418889251867,27.933283418491673,0,67.46328012126466
28.301151049705133,64.40158424372432,4.318697822772557,45.44863135001469,10.90280469098735,23.15749950178712,0,84.92527047060246
40.316210562426434,43.93640650607617,7.935596760717129,20.917288333251012,12.360483455275482,29.786738764570767,0,75.14020348770168
27.038195176094387,62.98729683984613,5.900500180520608,30.773363576304625,12.36824888706737,21.789963134178617,0,87.16471922181886
29.507736711668063,72.79038118456832,8.155848740948919,16.913705486526165,-1.446136320920326,25.566594024227957,0,86.36285948483777
27.826441151473784,90.10045919228786,10.5452296950389,21.85790095489492,10.24415562404205,26.492980313258553,0,79.38740604575588
22.15660981190234,56.15821400091922,10.45487306860725,1.4669002291847697,12.757867694099126,16.41981587969759,0,85.00297469762458
33.7141140725751,41.2635803896454,4.0450994475194655,199.6392554493823,8.36336279739282,23.736774745194335,0,69.6205750143796
31.759665163433873,77.25255517146472,3.0091819308254015,49.01479270774276,3.5594463496623643,28.389653392378737,0,79.82296755869079
31.955159735215233,44.29101941150523,54.73686508136351,34.727967910067775,18.987724223429936,22.895578710511828,0,58.48616119473375
23.453062726026303,58.457668377387726,5.016901581560454,24.202316360730762,6.810979662612324,17.894513213217376,0,89.64276083876865
35.013971554680495,61.13569271733509,12.927669682945567,38.75850291310606,8.751635160958688,28.706912359587523,0,73.68273460751575
20.990744686038596,63.955498200498376,2.0419126692826746,23.91033906149738,4.068888692444786,16.419609766754608,0,89.8611281785259
30.934285469001352,75.33746685611503,5.908014530195163,22.307162484230744,12.336655648228245,27.306080603247512,0,79.74393703219866
38.952278129049894,54.74548576570419,6.674140906211414,31.176069364566978,10.176126531739055,30.986751449826794,0,73.67315325845105
23.04731837434656,60.89406121749859,10.786032994718179,16.14702263575912,8.127725426493104,17.872547946358175,0,87.09186134977122
25.16851135198614,64.78594470575918,0.8369731291314931,9.925589709676292,82.58865055612097,20.350584020975482,0,70.53352824762975
28.498256825438204,67.24396936278183,8.439410755424722,40.664814202707525,20.039780479311606,23.776361931033595,0,79.36934347902928
25.482621729419005,66.46740762061884,2.9452886789310107,92.50082756689366,0.5249655320111302,20.881235120465035,0,87.7804317124772
20.246682844669337,71.5400866283387,9.57807439295513,8.292587253780058,18.267200544129217,16.70445614083167,0,83.34932144134886
28.342814874030136,77.65759264462606,3.2250119076305745,1.6641047963604085,5.245773327704652,25.19452819571774,0,88.68070016373717
22.688481431369475,70.88951173476453,3.7270381004302613,14.172003799655084,8.176789729414336,18.903618276885375,0,92.34911140867598
30.36796215317591,71.80378285263828,5.936370452508412,194.9075914627086,9.59691817592459,26.221280766847844,0,65.01016175189497
23.402878828830985,41.266652498802834,3.1839941297770293,88.23389744488573,9.72287969008789,15.287736809670974,0,79.27525850843341
35.7496720250877,65.75341548748521,5.050930292265434,45.300445264998736,9.388989244796283,30.204850849274724,0,74.50755097185656
24.083733538318814,72.19261322002413,2.8442499224306443,132.4293705161916,2.5907724945935247,20.386480450207245,0,83.89162648032348
26.38969241897162,75.93411791855675,1.7048269988564846,29.464510247961595,4.0464528402741955,23.086442621347775,0,90.2226539303292
32.06758608684835,54.61473838649309,16.682589687827814,204.55928555800256,4.553877540633687,24.91197638215488,0,62.31685284684229
21.845678417830225,55.11441087667033,2.619965227506523,17.57030281256467,7.689420181000719,16.00111169983982,0,88.37151459441642
29.137299673020646,56.38848987074603,6.40484855277881,13.741961432078737,21.68073049799812,22.631800500300102,0,84.2487686639532
34.53571377141214,73.04620849837015,13.494913884969447,50.81221141808676,8.730495186295622,30.335282851985003,0,69.75823257563056
19.96258382719386,80.50821582386313,4.517888406513226,23.75313768914789,10.219070964158805,17.556464963796863,0,88.29408248547095
28.92316929266152,58.88809839062598,3.8185366763236126,49.223867224149934,5.026413629820401,22.848946908150214,0,87.21945336725774
29.299413971242117,78.61943470440573,8.855072608633572,18.191849247639606,72.01280365010625,26.250957777274586,0,60.37257422163863
31.90911435888655,66.85219713746892,18.071697820903875,48.106035296624206,15.24041832285943,26.860001021983155,0,70.78340658595776
21.81524644560959,63.135713342563456,2.8995274862202334,16.130673959553434,13.93060273799123,17.062304317275583,0,87.88709109085084
21.397716934578618,61.829236552730464,6.552729853744418,2.6158524290382923,8.096546554487945,16.5094142498003,0,88.52732235342843
30.60970782808449,76.19917046903235,1.8478158574656607,121.59819991311731,8.046241150476913,27.13186909623925,0,73.53638805210426
29.48492336616593,69.88366725180605,5.394819801076177,107.36683730838274,12.988305006389977,25.097845000979028,0,74.5897038650251
29.252464251729382,99.13738141471455,7.594040140629622,176.6761595321759,87.99150972957446,29.20422299980329,0,35.398526233571175
29.732241047484877,52.21663035504014,3.7295973791982897,63.03195100483292,12.704141051922457,22.451405467776958,0,83.92018432427798
24.599876392107547,72.77152553044964,5.12641473579629,57.39871630960732,12.15927746730808,20.95105938052563,0,86.21723944124999
29.161268485805017,57.06198485282731,2.3950846755031523,40.93586825902273,8.867004179927012,22.76383001465685,0,87.60745775438521
29.465362366493405,51.960695195170345,7.859027641889685,6.730451015837738,4.962445721833771,22.17569995837501,0,90.47974256596427
24.42824290986816,64.83699294447541,17.193912540435715,10.488870805204833,8.764567516483561,19.680473147929366,0,86.95334386566118
37.328872555723784,67.06028719110554,3.0718651080569286,17.087183519405187,16.286174803371388,31.893173243276994,0,73.4868642946584
30.36916460455894,100.0,4.4900443838870165,110.43487011939355,12.1802553738797,30.452702518942505,0,66.97235189307682
22.043482513986756,62.23781276475197,11.045653444745822,9.49568670484966,96.41537660235113,17.148974602802685,0,57.11260764389578
31.28276804316915,48.04731905772975,19.4855385079078,128.11520637558925,18.648936937281217,23.041791585601942,0,66.66671041765719
23.126591648863393,69.09516076241579,2.237699099517847,36.98948459976749,14.782482379207682,19.070186426649588,0,88.85998750383615
31.93542301871226,33.880399436804474,6.455756478459927,62.86334098899593,13.380941357891732,20.719236723028907,0,84.94661879136316
33.79297789503702,63.620648260936015,9.267416609675951,5.840427906475596,14.153278456477041,28.04001738818017,0,78.00446333675185
23.89658840824145,65.24037923442741,6.809746450274955,15.669385732191405,7.334313661301199,19.25030262386932,0,91.45887091701363
32.816880646221605,76.91900574417818,1.0187397727440823,159.12551711080945,17.750394119805463,29.343368037894887,0,63.646228305769526
30.06390463468249,79.6043337414177,11.032792864748828,15.472527930366741,11.157031756387077,27.13123696921331,0,78.52048473530658
32.11030079997245,57.446455716384236,24.914976309313126,17.585913883037747,11.692870950408244,25.449345770659438,0,73.71227815091441
37.48396491326974,62.740789780551005,8.111877948470113,11.007239158429256,7.055992166902497,31.238512145756292,0,75.63357150232008
26.773059419985646,53.508187540839934,3.2385158613172216,6.909894062976959,11.061810269040388,20.085866960178183,0,93.87368213309628
24.23131917821255,48.079061677884596,4.901288858656826,13.280222103404176,6.8637126856921515,17.043682735361696,0,89.49895323480966
23.552427851872384,69.64842169070951,30.44526417435769,51.40679078622446,9.621427981961212,19.541384140917337,0,75.74162238492097
23.920948575172808,45.896216771051016,15.30179333072885,30.382222621606953,16.109174530027595,16.443830677246567,0,78.6069022450022
27.614491452929478,58.78059649142205,12.329827104172043,40.34445123010792,7.457582129907314,21.66139289017859,0,84.8226912796662
29.70575987408322,50.07239060151144,9.82696430296858,6.526214710648888,11.21610786626113,22.05653379306965,0,87.6103930657593
29.383453996650097,73.2452477943539,4.353979742778532,81.00382691402878,4.809757092876698,25.519199116985785,0,79.84057639743695
32.13591624518012,92.02145148899731,6.293661749597377,76.64576980231517,6.176461352060187,31.030715877120198,0,70.58369787860278
28.065009459389536,45.476180257950034,6.942499106211289,1.0913191537360682,85.12404983146587,19.858574562820433,0,67.8327970985961
35.26767038578659,37.20472275653646,11.469134296688178,24.186072043955555,13.936875691119965,24.100141034093973,0,81.05098886574608
26.67671583381022,63.12669671974899,24.708198593321534,3.562481622756058,93.13840570650689,21.482331365178226,0,54.020020257793995
41.600845832948096,65.23546693936638,18.077544079642806,78.53629417591584,9.091328775731906,35.474775930352365,0,56.8649917218145
31.12833673882503,68.27988960135947,2.37380111265468,66.83135920111916,6.5963919544114775,26.370956929703055,0,80.37473081086901
23.714212217918586,58.30519227148483,8.83919646700792,116.13331604429797,4.303441639662248,18.105933650567856,0,79.69149009136395
22.64553750969444,61.99041051761852,13.321918364943564,13.485818586711709,0.9593852302918808,17.66079618973004,0,88.16185816668815
30.412362076215928,70.51265615810904,12.122803479898213,30.467504145171848,9.543093697860284,26.060467636081174,0,78.62011515879186
26.882686073370746,80.60646338967258,4.466535219073372,10.196949575330127,7.24283593801799,24.223383626376158,0,87.99768334736007
31.57000247046046,35.674268445225756,76.0421181232788,23.19987983901455,7.125455856471483,20.824198381804365,0,56.04750342959544
30.366188122867726,59.465908414528066,2.66001656477996,36.93267852564094,2.761466159608224,24.235977762137253,0,87.70226850197064
27.635855436715637,68.20713190911596,3.1063526067369205,2.7402774854190755,2.5894081478299347,23.12522378040098,0,92.62182422821152
23.766031409657977,51.23035843083896,8.90734364367266,62.74057513401634,3.383713216157263,17.120900808128336,0,83.8257174715688
20.425763876570677,90.96754447650949,40.18293664590743,39.185701031231964,10.605046215994058,19.309982510783033,0,71.41991993476628
25.767425239664895,55.46885179656894,3.7849933101972573,88.29260428799954,11.365444292649444,19.50823459609171,0,84.75211337935583
32.28199397161736,64.38060969489075,5.973525609687493,15.857638343875525,12.417473509821457,26.7912981156585,0,81.1013683506738
29.07046872065102,73.34033145263436,17.493597177557938,116.81800777276081,14.00892592164243,25.239017608398267,0,67.04323224746673
21.771306106440058,56.13072816797158,7.284219355313747,332.04900057477744,10.410434498137157,16.075264517862017,0,53.795742208946024
28.86590462925591,37.301404282933746,5.653737983339431,125.8498676467638,18.919570990915744,19.009613273227764,0,76.79604048985696
29.926586898644185,58.570182096252,11.617427269245086,75.22968356361068,7.067913607557209,23.694021057664475,0,78.7713152200006
23.580712818994336,80.44160833890561,9.189066856328223,83.6638480126839,12.614356334571493,21.026005580565947,0,81.29528795486141
28.76862552972764,59.94657309822292,16.850006263332563,42.63578716244278,6.39815572551673,22.88050786269067,0,80.8579377828812
28.29104359223,52.30348547811532,20.763053043811613,10.545550178616926,-0.22811445472801495,21.213533057247222,0,86.81965702593767
22.285148510846884,78.88508314254082,9.446104629485285,56.51144619513926,7.999319683487199,19.577651995695916,0,86.32584116479157
29.788936801741418,60.03837655965421,9.33141048019212,62.37064066716647,8.769200878407393,23.812140609989928,0,80.45595281873327
30.80392263184117,57.34758779524674,8.769578869842563,211.28582389976543,82.98000002941383,24.270830759409634,0,40.42038202618311
33.41525621587638,67.24184134494965,10.927739288251582,38.968087345973686,86.209954343635,28.314138445881394,0,49.431462504576416
33.26901026017451,76.5612531442818,7.722487369757876,15.829393429132141,6.708888781249057,29.715869361491396,0,77.7457166695544
21.111653160214544,100.0,7.38546008623404,57.54886391993382,16.19428017029187,21.129717416071113,0,83.45971405068565
23.310874800424386,77.40854161486135,19.245970163480223,194.0645544477481,6.963365447911514,20.36220594474852,0,68.1061287403918
30.5751763360433,82.39759949582516,24.850874530161743,9.752951246520972,71.69431150479852,28.046060149727044,0,50.63207355074363
30.568929754561044,57.41050701518217,2.2121339641770197,19.72610399242449,12.111237493791771,24.07258509490327,0,86.77536581171688
30.575238431530238,49.61197841045785,7.448531667774324,39.03131011912041,14.755284312407326,22.721925773108193,0,83.37128639040273
47.26365745327361,65.93497024428684,4.259042855562964,9.329410393832335,14.481550928893299,40.815296808804476,0,60.88740867666414
30.854452553465833,66.60754872889395,5.761643862643928,1.1235618590289165,11.307022512736053,25.84846264367707,0,84.46512041301419
33.677828200902994,48.82230887953104,10.196178240631593,20.54774163861218,7.1968755781239935,25.23156463198717,0,82.6008312418009
32.770008817466014,62.370582051439804,12.623380595035137,100.26154786851049,82.93600942559458,26.89429639524795,0,45.67537384756127
31.25695625652899,70.98976402578697,6.755107227686183,2.2220726413022467,0.1901657466084199,26.924701009036436,0,85.94979902626922
26.42365377679827,70.4059009252712,1.5989189301487392,28.01209185714722,13.153327049438364,22.32308299231066,0,88.53026451093213
31.794846102466337,72.56431780076409,3.414269413353201,71.81642725253404,7.568041156045668,27.680096909189313,0,77.06839681893747
24.13587392731214,69.36447095206165,15.137872800055465,153.07501421515684,24.713763230027183,20.044926810905146,0,68.81825088542314
26.815906966299956,57.394870110949164,0.8250253732812726,211.595572340307,16.16433395693357,20.733207321429322,0,71.94000777820682
25.573182260854484,57.29149060026735,19.104840291402454,27.40642184937552,3.476770006927664,19.61275537506069,0,85.9671473963097
28.409370696931614,47.01572903009186,11.211992815499483,150.172392489529,13.93477282047349,20.41716803085985,0,74.10608802351642
39.573292833367546,91.77162558777643,21.177533204237786,1.803072056242837,13.520256149835273,38.348964213957814,0,57.20072782137501
18.66367403704126,65.2017554692894,6.303749723179862,68.50470248339413,8.41727148395129,14.4496044689987,0,78.86630443225161
31.43130095187257,61.627204163077224,1.4203107146085352,51.46541812688932,17.938464841130717,25.555885529911205,0,79.82998625476309
19.936420644051744,51.06811877821312,10.425868913258986,14.352237618245745,6.768212314253184,13.787047565517714,0,81.77634235840478
25.640340671052833,100.0,20.485606123896236,35.39461798602178,7.771616300492953,25.690444818686156,0,75.09152914458949
33.44475298483683,48.90007951665657,15.483538764760311,6.9374626870999085,11.431892415005473,25.04736272777169,0,80.1828094522505
28.321400095477316,58.5672811159089,4.348568946718053,102.6291349560837,9.34902233597619,22.259471953701354,0,81.05725332182185
22.61127611035347,71.2375525442909,7.9201398252210335,22.150412131743533,7.285121466139939,18.877905670758356,0,89.71337355830602
24.42348145370016,74.00319448616416,4.824615222486335,49.180919681295535,11.352317543652784,20.955216252096296,0,87.45267019459857
31.39798874467338,79.36898082823527,3.8366010394440475,8.644882260622126,10.582259888536747,28.37414709135231,0,81.12857065434171
24.34816684141432,92.11412761653895,15.868100830222588,11.543972608759557,12.945115398209609,23.335908452707024,0,81.59265117888235
29.082292947909874,72.59236483191069,2.834807832659339,241.1437452497745,84.00380050219526,25.13663895340844,0,38.761996294515136
28.22785919951907,49.159538000499985,3.614475862726085,69.93583893029184,7.7493826335305425,20.63095946004015,0,87.66961144103738
24.741998261970913,61.14582312317328,3.054999696328533,163.4714562008188,15.629160895058753,19.437188096676962,0,76.07141637841637
38.719720446626624,69.61748558770827,2.2429724691892563,17.53827660588054,7.715029807217704,33.64834765972611,0,74.08048801282224
31.169595111590056,96.02339062258736,8.30727330992266,8.990009502802373,7.553338122688972,30.67038960025268,0,76.42399862014975
17.874287066711965,44.03291782363554,18.712700019726903,34.96515079264616,6.063951561074683,11.1158454366703,0,71.7995858788525
28.93227157384714,83.03864757837842,6.373180222522515,34.127009923642454,14.523749016294122,26.552762943178298,0,78.73031480950901
24.69106767615806,67.69871554319626,2.21533084836071,9.61535314702237,10.409306705408778,20.326683444281617,0,93.97100519289205
32.26216667398112,77.56745802844222,14.46823608646434,66.06646584432585,6.259210313507046,28.91818463933941,0,70.69555497549044
24.037396307836495,63.47007925046102,28.461759183083565,22.45341821570061,9.993874808458727,19.130488118843882,0,78.8882191623344
27.426317792665504,52.363510548105104,4.406171362817461,10.312185015819868,14.052709994734691,20.47159270453264,0,91.37407009529876
30.524936394902287,76.26309169101998,5.038742699746315,20.172112364316337,87.79237754275351,27.061217301449748,0,55.60746561393608
32.32877597085061,74.81646540658431,11.162149032675604,41.46652714290918,6.174326664451898,28.543692520268568,0,75.3986251008178
21.998517964721117,79.58085448609583,27.044914886940212,64.81736909458101,7.758563678773388,19.393601774855323,0,76.50002041643032
26.327493820795258,64.80043046932047,4.875061322864481,32.8784707114229,13.295129760105482,21.413185535473318,0,87.72313404418033
25.62527344419522,56.00266965020226,2.5447697520473036,37.2846935142175,77.49906342511693,19.464059487517833,0,68.36221386212571
24.73335383713144,41.61819507464237,12.245210549856065,7.479899217852545,15.213733164206715,16.436077184424658,0,82.7122761918548
36.82727120140548,77.2905990220911,14.002760076616626,123.07372187543852,6.916875288690016,33.22349538328075,0,58.550379602996706
30.024908554804778,71.3583422366598,7.42538964199445,132.05991959714382,5.663427456228342,25.830647924376564,0,72.44753218064744
21.695580228324772,50.51326050704061,4.727957978527646,57.51000612424967,14.364394749593933,15.229462629030479,0,79.94108275865895
32.58930973527388,56.92139490055064,16.37086097677207,0.8894346867579891,17.003233434287026,25.782452698354234,0,77.38420251731114
38.610780985063165,57.99861782072839,11.273206495925237,38.50942656359928,2.5118606696524655,31.339498359596707,0,72.66591966639824
33.16232630275574,42.75523352026373,3.9958310754314406,49.6071805943474,10.26186419862498,23.59175403145127,0,84.23311395613098
20.403150170229935,52.73476405092299,7.685041561007204,261.5724183864976,12.802073161043527,14.414303614030924,0,57.35433508154518
25.578829635668743,47.99254464790469,2.5058649751111983,276.9170696739285,7.757547845667844,18.17721373529587,0,65.73533186610607
34.334555745933116,58.81281482168095,12.79062352206518,97.45970914375695,7.55931859928938,27.676103959339198,0,69.82478851915312
24.461652671906094,53.919537525056555,5.990729221258494,3.297962736480522,11.932230917590232,18.126779819508965,0,89.88759853912273
30.219097140731144,40.59492618699877,5.21443809128446,153.17528456391824,11.206336876327667,20.74337486414567,0,77.22474457630489
31.873170267146683,95.33885345854222,7.197260099619005,47.42278192369834,11.252862445374358,31.270265524937134,0,71.00273932195685
23.365347642109583,83.78811096543846,7.631208032722386,80.69408117527999,12.873734645627525,21.26361679665403,0,81.92831778925392
27.702373219691,53.314708677200215,15.11887630069408,26.144307156977952,89.28454681560328,20.86677998836666,0,58.76444554620409
11.793663299654636,69.08632094980415,11.856454763461937,19.258826359636743,13.494518957508827,8.543353683961357,0,70.46274752241112
22.878061793328552,71.26197634731942,6.519988270707871,31.110596747001768,4.81743684620705,19.13070746107056,0,90.7191950994827
26.7371592430342,82.86628782160216,13.611765373836654,7.942431486497236,19.95073886909138,24.403629260806884,0,79.1441839835245
21.761084090175753,52.72092460009882,10.181677719072106,22.085670984118867,9.726765276177648,15.595226058762922,0,82.85117803813722
36.16205651965818,81.38160175973638,5.252584761506289,97.46190895936134,4.634462929506615,33.27594412817582,0,66.16877955454478
20.849293110196836,56.78142043689597,6.687402103665884,1.934468002883042,11.274096091734991,15.346683294336255,0,85.7248450588048
25.799777566515083,44.9620639374708,6.562828533586726,8.177622983518585,16.019794825051168,17.871769741799092,0,87.36854643920303
28.653702886430455,75.86204838971746,11.069671533827467,6.683207766111295,5.471522044978457,25.22408392939124,0,84.13687688072879
35.20636644533058,84.36137636183642,5.508993332638212,25.79823553911759,14.768475663178869,32.84084023082869,0,70.48159421246648
20.8206892441028,100.0,5.406882347462535,290.2393062767755,13.060809631976769,20.836694204349858,0,62.66398368140747
33.815818760774796,47.004121023646796,35.694829542244975,9.51917416109247,15.21521263418191,24.992628201560805,0,68.63998796569976
28.051165305097935,75.48379527621184,15.6706319686395,7.860923594607515,15.371366487100609,24.596662710449998,0,79.35980876151096
23.092456744760245,58.85298134309701,4.0209551280808205,123.28799409729834,15.087108349044504,17.628013736413827,0,77.07370751450233
30.310517371316354,76.75038065786048,11.66686526223558,106.87494280313679,10.904689135019996,26.932301092664762,0,69.44572507123138
28.99529847786735,42.942656731531244,8.122841671725642,1.638576932662679,8.80877849050773,20.180808121023432,0,92.56724979249985
24.998915614206027,46.05845336452154,10.107128229490288,69.65707953500976,6.44858981424461,17.377070102105694,0,81.89680314683088
28.349010424950094,53.36187765250274,8.24719431646095,53.27808165917909,5.60064797644954,21.439316996854284,0,86.52273652175367
26.0734320156912,66.18446068502126,19.138731641182407,72.99506660036889,11.792738569396139,21.3836983365416,0,77.12466715809413
28.56758672625624,55.38378100192467,9.742485556661217,34.110604835366665,8.416460338370428,21.96349830146536,0,85.96696250647787
31.310653372605234,74.88581515870129,7.0310006905254125,237.6789765582734,86.30086936261738,27.591692257669404,0,32.56210715820005
35.93008408072676,80.40341927386872,17.009167468962936,2.241867823203317,13.00541369053882,32.889929680307475,0,67.60119706589072
21.810922505865754,73.99366311868033,8.905134610143218,13.352916334218179,75.4349971032598,18.489179089120192,0,66.80091066076693
38.665166873281336,89.28181459491302,8.143197070950553,25.254272090066664,13.136863350937112,37.034046821482875,0,63.47294957298138
18.23956100238749,71.23739944183015,9.499299717944298,29.87166698149618,19.739454899008805,14.788969531271366,0,77.86681944011568
27.241074524822082,46.74654934489749,6.855921842123852,127.14844707982374,10.000359335294315,19.38250286875234,0,79.59749556231944
30.941586032422883,85.45064770307509,7.443800917470448,41.04952352382119,7.447507206182021,28.86327587776589,0,76.39573097017315
29.404959338675162,55.92265646591004,4.621153406356372,2.308008546596958,13.677342546408445,22.79140225141015,0,88.71240488291075
24.88650240089703,78.65627749528355,4.051415087050034,26.200859509287966,15.274503587986818,22.035810645839454,0,87.20898934079139
26.959388748213623,88.60601324832659,3.323916282194764,26.934719807321084,84.32605746806207,25.428994096312685,0,59.39239291101413
25.534995326705836,71.85032016095599,2.4264113875346642,168.32666677275435,10.701814533604216,21.69945547347463,0,75.83767290754389
25.053176215278942,42.55761780253025,3.6554752455536854,45.71427356532269,92.88180009145144,16.854335670086595,0,57.92173849533697
32.24801048510513,51.22681750235313,6.427504578107748,50.482163739383054,73.92800202141002,24.456218849137212,0,60.411035722832
29.785077429825236,84.84116700327704,8.02445750378436,62.45775470439444,4.971347248260091,27.646400238591507,0,76.61527967036108
24.535452023696728,62.463159715357754,5.947451149142032,73.49234612094129,72.18330083347013,19.440031438538732,0,64.77598669331958
32.49799937716625,66.19360302413249,1.1223640367386292,50.39989267760585,15.783809912321558,27.29295726661694,0,78.19812284317084
29.536497604383047,76.38236624245414,26.04091841755759,13.5375999923985,10.853685553103483,26.14040251720263,0,72.79728183180958
32.0643105941948,75.44484293120485,17.62263399576832,103.59189189866757,88.57821062519898,28.393551475075984,0,38.713096391235446
31.14814420961806,69.18199718578191,10.555086547907772,65.86077074352485,4.254005326559688,26.534268744746093,0,76.9169747590546
23.855024945389637,61.86997443169301,33.98749075825707,67.71469121350002,19.900771757656962,18.73904830040655,0,67.70976736424564
25.199094799015153,60.30997331401464,3.3807876199839857,283.56681798460704,13.34793845449089,19.727168940131474,0,65.09436498358087
31.736468025616308,77.86848237937015,33.4516160060779,81.10755287027705,8.10798747041276,28.464122927114172,0,59.7645898291245
31.051851327167324,73.30354296601689,3.4138092113032825,88.34887566222272,6.768413511512916,27.098714706639235,0,76.55399793099626
27.89549203017926,61.140499990733154,8.944066398895606,151.21226232474797,6.270607467819053,22.282754708751522,0,74.8924060156771
28.58663691654391,81.23168469489711,2.6669357119204338,8.192696884704194,10.859604244537227,25.9537518691242,0,85.29676657037065
34.388324478942124,63.06448827305324,7.476429036342519,34.43061159786222,16.315140349084515,28.484504578894292,0,74.65358733733957
25.04214305582085,52.2250673849841,10.063682973299906,43.44257680100764,3.0147248842651333,18.377283457500603,0,87.18491772474515
30.735486905850188,53.615439516449825,6.528960453234607,19.969857464881855,5.125822117357015,23.568243221653393,0,87.67756182196209
26.98903673783053,50.31888745535351,13.08023033092716,91.44296494735862,13.23307150994467,19.760289813467438,0,79.5449992233535
26.9115939838639,60.91384975094469,7.998160354830589,71.86246387939029,9.289244131990904,21.3601329954292,0,83.67805923083824
33.49388425993595,83.50586417504289,4.865007305581503,63.80622485845139,14.74102997411675,31.042218902328134,0,69.70986884983299
32.12708174494015,52.92357228454237,4.695240545556546,293.0119863969156,10.408213672105797,24.66051880946585,0,57.890998315962804
32.06754818000319,67.82713641527154,14.136088817829515,15.013473007079812,4.677517894135236,27.166577480854418,0,79.12156943771723
34.52739403577164,55.149659815588805,4.3798145186628235,66.48762106840992,6.783757843937164,27.17309092438421,0,78.14044163260556
28.105019208163796,61.09536438092844,15.368537135151225,40.08168161076445,3.7781875792510604,22.464804665238024,0,83.35096041374055
31.40976485647482,42.34938182022122,19.6518097687578,18.7702620438876,18.180906505285492,22.063162821452984,0,79.14202251062437
26.44866621703272,61.691926562651936,1.9445467376097676,8.752614347056083,9.642429953635089,21.059889367027733,0,93.34848782806955
29.62083176244221,62.09441930292557,18.28975578327246,113.11240259465731,14.46502184099856,23.9940400988134,0,68.73114775367841
27.349284728161578,73.10431916053543,38.410780360772144,45.249674671440765,8.13416880748929,23.58391471598218,0,68.18238067600015
28.48497982496359,68.34921369883055,9.039492278657747,87.12956529426413,9.021041494299723,23.93320518602395,0,77.86047572077555
30.97578512718457,47.02411812571932,11.932518833532374,39.41081771059924,14.657347597769945,22.591777523593,0,81.31920999419441
23.908896583832636,81.26297366065315,16.938756146066314,12.421598797664817,10.65371929509125,21.451948741891627,0,84.5592991693325
38.4619363784273,68.15454560332994,5.927568812150365,20.59042019938549,6.677072560257031,33.14036066609462,0,73.04094172142533
22.96991309250149,67.9759027576623,8.549084308825933,24.026044510533275,6.533833316415264,18.77321533196854,0,89.30473195368143
21.92905693606134,64.86226469922292,2.5821964560440476,180.4753485563748,19.574522524892025,17.39667093304261,0,70.23153247427373
33.79055436750034,57.23363829166671,8.255734277363317,0.28246025677165715,9.42014373619268,26.904978389919652,0,82.34637133869748
31.95831346981468,68.2670350962309,11.006539503988556,212.25612738489713,7.786045310360761,27.13759390276332,0,59.96937821858411
31.120599085260775,72.13382653892873,11.166636161365618,196.76876580017532,10.968141254591316,26.97875447484684,0,60.61562654216563
31.1417275463214,38.79656462981667,17.328278785840112,277.9943742134525,9.305136342224467,21.13436572071399,0,58.73316249058888
27.938766135765427,56.91858743980856,3.975530735234773,32.36933519832858,13.23435232448389,21.655549910221634,0,87.88052547238934
23.51372814257084,61.17579544394616,4.825501149898204,165.94719852192347,13.129193287678548,18.332733763093323,0,74.11523245493902
28.37902279096863,68.84255908541417,33.663221013207824,25.175884746383208,10.262390285852256,23.910109500878526,0,71.36484000548923
24.61419144243944,82.89966508890689,6.551783489056887,1.3323160761246446,20.390783085550147,22.354154852327483,0,86.26271667418449
32.87559866708875,53.423887781048265,8.67137204118015,12.702513201635204,3.9983977390134164,25.404831394937954,0,84.95401632050167
27.264713092489306,57.53057229773237,7.003373535600659,145.2911461799661,14.902816294957677,21.15350041477691,0,75.27134256038514
23.872514016037442,57.31198834030175,3.8291978359891963,0.6930152559241018,11.81092161052347,18.104314918593786,0,91.23559806412918
26.393070791735035,52.97708614843188,27.080756102281956,39.482258172684034,5.256492326684166,19.670098228156984,0,80.26437936493137
30.06465727137812,59.79220257331606,4.844474952161719,3.930605971114424,91.48847540624651,24.019410055858867,0,60.65942837427057
25.181377235980126,76.56203329981957,2.998678168391073,16.871395146171505,-1.2244464697921345,22.027232239198444,0,94.1808218656537
23.888898022167844,49.19246756953481,5.152117412098672,4.61085520409492,6.389204192391522,16.921110853326553,0,90.21478732273383
29.218436057459563,71.41721592729355,1.4897900420008143,98.13757599747781,20.425148381303458,25.085079859907594,0,75.0053447956226
29.224832855543614,39.471466549724965,4.388423399240502,44.710651105487756,10.395369289813067,19.71793526719891,0,89.44650299402498
25.46528412314435,56.57993005336691,3.4058587883882225,116.19373878680537,19.2093900104562,19.409809688018186,0,79.38928125566723
25.644808471908387,60.05766049673021,12.108926461898555,58.29423911167309,14.764093886117275,20.090664552087574,0,83.0587514010463
29.16024968678818,90.12289509371098,4.311425570967267,177.07322397814124,4.8081117864972445,27.810331896664994,0,66.81876304287233
20.75957829251338,60.87796542870968,15.032930304428259,35.655011744046604,16.164546870309398,15.807473177053343,0,77.2410611488581
20.962681128117225,31.981347898236223,22.61893063689839,50.90379646404504,11.826451637294529,11.866719565518665,0,67.45808383765946
24.40777889373782,35.01666639708125,13.803749650087035,42.93752189599862,7.9034348450776175,15.054072539542453,0,78.75100351297776
26.932764241440765,65.51044379520022,6.219499074812478,33.10766745692568,12.536499928148759,22.07330826369249,0,86.29068801197954
29.554537827990025,74.20656283684863,8.272126393803592,93.52694252420709,4.325129175503713,25.82704288873023,0,76.32896849241425
35.37678108474776,70.6318378644088,2.1814985477829687,51.71503686795648,8.712847379445767,30.713281776806202,0,74.76354191428831
32.2882981160101,67.51355158701486,6.639100596523231,80.80104284112657,8.912353080832254,27.318952191860344,0,74.65113276955779
27.200307350182864,82.433893962585,3.71229107164242,77.17406750081443,79.06144009882532,24.790068620481623,0,56.88753141709981
27.904918960486555,56.90613168894303,12.877236045657508,10.600609314713765,5.021787963779199,21.6235290361185,0,88.39209817026239
22.987353176810956,78.42365834040238,57.870161793741175,52.51447347260082,4.0951819107649,20.18855745563579,0,64.165574935494
27.90743432003805,40.519776724603744,11.021603582359996,11.135183602597365,6.286272144514608,18.84318946042991,0,89.5450399910336
26.55670680539931,51.42578250592901,1.5024361352044313,43.77189428074349,13.777308569354815,19.56585292564314,0,89.6279357030032
29.613592801690448,37.89437907602276,5.534580902943552,56.57248172019139,1.990723530576119,19.72435665775975,0,90.49842185295667
23.863845282238387,60.877320489953114,8.149794728916444,294.53702674855793,76.81314956788802,18.60647034436092,0,38.776722287931364
30.596732571205862,64.30608174100486,7.923919265722274,1.550905199941386,9.82044798180785,25.23948299137312,0,84.75024269948243
35.66369456501289,66.71152238339779,4.117925427431896,4.783844027796045,4.9648456757373705,30.295715508480864,0,80.36413106220402
27.456199257715713,65.92825029330703,8.9910837704985,4.007748418835042,8.07684933964383,22.616593603558474,0,88.48650975431492
30.008558610494706,51.08670003782408,2.7346387155694813,25.404907856581154,9.444436429636418,22.494930540071906,0,89.20164856990381
31.450719958555563,62.14638733380176,3.4697169563337202,86.18309113279675,8.728921748559673,25.66042758904,0,78.24655044214023
25.993897640570818,42.53829997091377,12.38688328665485,92.91302222787485,16.627612846770297,17.627985517140726,0,75.41469679400608
29.120462409052084,85.44843462698375,3.278773486089038,66.7761833502227,6.031917501733112,27.089137424280302,0,79.03864961826838
28.062962003908975,60.44560890652998,11.365350355270072,113.59224353740882,14.718000263972996,22.325013565943017,0,74.56458003171855
28.48838049274416,57.66670821434463,2.470520804097651,19.493857515799625,15.266435669761998,22.26399315550057,0,88.33055222319969
24.13495108072267,88.83410492666124,30.32161143740005,4.6142434675936945,9.958838177152446,22.686774071193465,0,77.02799610203293
28.122550871294713,46.366301996761564,3.977223894902351,2.995623384880111,8.745726693861524,20.061953170220992,0,94.70365372744214
30.489991456227248,48.11619328952047,6.1784457467996505,95.57200808638204,11.740994142322242,22.379391091449797,0,79.87082496667986
35.25571803897521,48.55669512697152,9.62621984101564,65.54752659900517,13.182991887543334,26.5267313508194,0,74.44770976418145
32.79635413042603,63.98192927450777,4.7007404459500535,59.96838885643749,-0.5115269567247012,27.193509766758904,0,81.03303522681776
38.76591228755778,71.47447444456395,8.287304527902483,20.75125840118156,8.5201621347587,34.03021438440335,0,69.89584627440601
24.163262185559752,76.09513202176751,11.70815233127886,23.894144552540357,8.774674564783696,20.99567387167452,0,87.33810705000019
32.36160318360339,100.0,15.93456399462213,158.63961948090238,3.668206725767953,32.45922187615108,0,56.25718766511609
28.91671002869176,31.258513186988544,13.918208525988836,3.2965608763464314,17.793132584814074,17.820672163338863,0,83.51120369944121
38.94901466608836,74.13103383686625,6.4401486938564725,74.30169894714524,12.952261503923623,34.681931903922134,0,63.00943740116617
23.958508573224243,56.64304141141653,6.571187623451903,18.526620381318082,2.8122710927779595,18.083899504974593,0,91.05016971001147
23.801390789096118,56.2037727666684,48.389693480070925,1.991885330182915,1.7447330246904222,17.881138879064498,0,71.8460953706462
25.00303677277989,55.70341807619184,15.798440847085006,67.85039353399121,7.267394196457106,18.869331024728396,0,81.1972720279986
17.380521378450965,51.3684549378804,3.5343912391526024,20.09197585156356,1.2966028175630822,11.614802478202574,0,83.21360957338351
25.371224891596196,90.26787251905178,8.004393120438637,64.03324745460009,14.762573792979488,24.096902267463275,0,78.5282673621326
24.20433669223151,77.63445990520854,5.651299331958846,61.49092785903157,10.306263551701935,21.24445442578442,0,85.72315472554014
28.75196893238104,65.34793967836062,6.630847425593616,38.26298229975452,12.69419351768548,23.71692144424996,0,83.0514980516243
29.708779878885796,85.265236287305,2.7632399158818313,75.11290670430543,16.124907040279425,27.6350406158646,0,74.27955943440517
37.38085419607943,42.31206552051687,5.3146194633295325,43.49879145228706,21.699981609662238,26.979772161958177,0,75.28982567694851
32.75211919093025,45.039423030036104,31.476606481709023,16.888233271760377,7.3458179714265865,23.708533104274334,0,74.56146778508241
25.115481721687985,32.330484017079684,11.743043711255265,66.234626341036,10.415190999066517,15.120159647795681,0,76.71352464894011
23.50792664325821,54.50878189815069,1.0070959311297183,44.47511534895738,17.555705800063365,17.37703536722408,0,85.26259161702107
30.459595857532527,67.4254779005713,19.557890164698037,0.6404483685384801,10.256217558265103,25.615545620013446,0,78.31495246468859
21.398833964896788,66.54287866898501,17.66709055591719,115.95817684087551,5.62395399610627,17.132076865078,0,73.39410100353544
37.157293829271765,67.24012866589821,5.543198920316852,39.44367036066243,3.6517386694934935,31.767478249728352,0,74.4155699060183
33.897200603606436,43.83414753400877,13.115711136976305,101.48583471534639,6.5007172017112165,24.422078806989596,0,74.49353701558907
25.654121739476476,77.04732113921033,3.715378775359108,107.16673152344198,-3.9364446267789006,22.54476142927282,0,84.92064352499332
19.434327354545612,68.59441277358496,5.072305393563048,29.436354454275754,12.77585884489331,15.578678553984453,0,83.62961007380315
34.76936187082706,75.99581422198997,24.50401761851487,35.42928685205863,19.495926604184348,31.04835963183002,0,61.133880856396885
27.42730077373691,36.60856733614922,5.945389041409946,26.871690775982838,6.120678472198707,17.73046146015073,0,88.89560243452327
34.18908155986731,69.67236288196685,1.655684751577508,29.84067399187222,64.94687603183937,29.4425181122896,0,60.37535437930983
20.027861706028165,47.1835214012371,7.0241725497847876,112.75987129402205,9.643410547425905,13.342928269389237,0,72.01184881731396
25.003124885231134,59.04015121172957,6.938803030614526,77.59242731579471,10.85223525206483,19.36457114369461,0,84.2008007179669
28.026218498590914,73.01547347954575,19.27280154273644,6.76382722958617,11.622521611854065,24.207584745007157,0,79.50166551754441
28.23490296882371,66.3664040938387,7.474290046734099,47.11990174318853,12.332348454681531,23.39916914319308,0,82.34132826929729
25.74967264260378,52.22690030331022,5.273710269781061,274.9194612338582,13.337680473970657,18.99239976026295,0,63.91390489079451
31.114249661737492,65.09409734276628,17.04820494186552,45.26144466562241,10.372820310302483,25.841261015824617,0,74.73025476866724
22.661897853087027,42.026970271345355,8.138714030320045,77.05897817052814,85.81247076239802,14.797910605567893,0,51.81745415533966
27.288102574893532,82.25401093847444,4.055126384884623,73.28018612046856,6.018879386130903,24.84920394487675,0,81.36431914948541
28.601478158559495,61.92073970755623,18.615564808305255,21.56357683950753,2.402940545628468,23.043236052685444,0,83.1700256509923
30.572194170293745,81.77824916382988,8.627281171616273,23.2487588726729,2.934110790670995,27.949345314965296,0,80.45942862425296
31.55807439044445,57.10202469355936,7.406372463416543,64.38156710755955,13.362263876930779,24.898722806328546,0,78.05648488906603
22.376789540810655,57.14636017390126,8.5192364061147,34.655712215600985,77.7035359793842,16.751958374852432,0,61.50156947786646
20.32942914632189,53.5371982004323,3.137622359893578,42.26490911904314,8.705931647535392,14.457021075616328,0,82.98825230572825
34.38838410949255,78.14260897539613,4.844659571807692,62.397243025920304,11.261991033260246,31.03969347696138,0,71.0244086849753
29.661570059897958,54.358532640072866,7.410264113099245,75.15827172080559,1.200240369639351,22.7550478455555,0,84.24638887982346
24.25756731721723,74.66893148622765,6.3234759178963325,15.839520479402594,79.70369887298297,20.890014917279167,0,67.35138799286517
35.75575987761262,59.26321403496065,20.44917841248758,7.9376989054511045,9.806914332256428,29.03086046476535,0,72.1663787619776
28.578373171464293,35.36055050162571,8.792725062881617,17.25105901717643,8.759514751840948,18.399940125587698,0,88.55860350460945
33.89648592031913,56.44528898320301,14.642425017813794,35.416931942188334,16.344825127158167,26.85546304731447,0,73.40562468351652
28.337592407050543,47.31337678455728,7.444803585062414,20.938256932569246,5.811291628255712,20.40795888309161,0,91.63473698015588
38.303739624409936,65.50854085523507,17.202088261411063,42.00848815273009,11.714914836831591,32.50417788990387,0,64.53686860688845
36.77670421221602,47.14388396488265,10.155568799775962,2.747404785165945,12.154070353487075,27.52898497191327,0,79.30264087922983
26.75517925760463,78.88962651071925,7.468815271028244,35.64203267528815,12.753396613125187,23.85637381978408,0,82.66569616290587
32.85785475477178,63.63386209470459,7.310952226584544,22.94210018463795,15.935636262040127,27.190292237282623,0,77.95299675830663
31.226879747925736,62.336060078618914,3.4433646833174363,38.25007369629159,10.777875563792785,25.489176976430926,0,82.6269196361348
34.843157787661745,74.83838206681374,11.084331960887521,27.455229781539657,-1.0882326035988026,30.925345929606554,0,75.68703634819204
23.17538269709948,79.45860401113794,7.155177441638774,16.71952978162646,7.875442949585789,20.505890842418463,0,91.36647438752834
31.430257299992196,64.69851872345522,4.945145715375756,117.22658674384184,9.183608073858483,26.065576995066497,0,73.64520028404203
33.292122434247936,53.43199550676064,17.90660101490764,10.213942477158893,13.872816521912295,25.770279106301686,0,76.74561441140699
19.20630256788443,38.390455758318055,2.7178120936387167,57.18554191589139,9.561882268728844,11.448418979200284,0,76.90787414081565
22.083707436671126,54.7092536444723,5.269857296133261,129.27705924685407,12.72464594089497,16.15434798441982,0,74.4273387569127
17.803839111199498,55.741816300280576,16.81338001721571,38.682078477228345,18.82485927063222,12.519117718113222,0,70.2288256306284
26.652965827777212,66.60586179488445,9.510708294836592,104.53867070722507,17.89307695239315,21.9789878800245,0,75.85793797769139
31.58771127897981,59.82279678292959,7.1114976236901715,6.668083404757807,13.452662310755924,25.392038721898917,0,83.20516399457878
35.51178526048014,75.31899458077142,9.032262001100339,34.04006233582837,11.174615252486053,31.638936774689068,0,70.89658585300471
28.370473902098876,55.80525093093966,8.529505063971076,30.534625859357593,12.946848036347859,21.858329685726172,0,85.57867434137349
36.14307772785646,64.14438249720587,2.1960712379109055,0.40759720139722233,5.873647274018991,30.276149363783656,0,81.48909819055635
21.099492708925542,82.75981164795334,5.587827055903099,29.28260795141458,11.681692808327655,18.93555000538843,0,88.78725308221375
19.483087803224226,70.12737820932449,26.92936491157589,23.02482875265144,12.960159046973079,15.81438957245659,0,73.63436601197411
27.722261505516904,64.09943687467154,4.360299258073171,55.402644730509024,16.228625388014986,22.58236262297868,0,82.9965001674395
29.920327244696537,55.97083337097234,5.727958524035465,139.29770497641047,13.801596578797119,23.254851544572325,0,73.72344073055035
27.836526259529535,55.50152904927535,4.790828635949667,4.484808250236063,14.246907886888055,21.338026880667105,0,90.40009524037156
17.662789499800617,52.240801205720786,6.892182658889694,19.83590277152844,15.174690815819663,11.966549785249939,0,77.46191279933733
27.55439980243606,56.884897013256506,4.634376800901799,29.355171283643077,13.655554198447373,21.30916674237758,0,88.23169295813597
21.477652497475734,76.33498758116471,10.906873662549438,30.365484268153057,10.263110650086306,18.47688735967567,0,85.80430889806138
31.348362744150194,61.67167593061597,8.652521054195837,74.54047745111909,12.858043554035579,25.48833134029738,0,75.70118019933224
29.83299123048424,44.753403959281535,13.719773207364119,29.295032153007767,9.305278245673328,21.21061330586035,0,85.2929308070022
23.300601068363225,91.52253939589676,3.18753237421307,1.3768493991695279,81.69636537506369,22.221153113260048,0,67.70469741139854
25.430665413316532,69.79947786717744,5.627850716136885,61.91166836551489,1.0191767041570934,21.310560497545595,0,88.68934149100932
22.70393239055524,43.89584899230246,6.168291497002852,108.06716671552847,11.386864757789409,15.11828593568314,0,74.99094489754063
27.68660451363414,58.372266091387644,10.638904606224058,36.067530479360485,10.014115997665485,21.661656909548878,0,85.24327061874011
32.77571160250619,66.66329574242627,3.9173799186593983,43.50716971369004,12.987314289406763,27.627111594987287,0,77.92082091368478
23.07136976832228,90.56888139946065,15.371621403125388,8.892763613540364,9.402884196320787,21.869591517645336,0,85.48623092850833
30.520232577589223,48.378313126116964,19.08938597384829,12.464491829742567,10.162130589112149,22.452642686500454,0,82.14251693731353
25.348711908137794,79.6406107903392,3.3498049554609555,13.405100236177937,1.110122326488245,22.614477390445607,0,92.69283063748723
24.03563583868828,85.99229640458515,4.989330258814621,28.171073821621267,9.209529815704045,22.209260292679847,0,88.30449377750945
27.464848200227213,55.57018542388145,4.828108583573692,131.65540768233754,8.846719155659756,21.021171763739734,0,79.93974090914989
22.82378838790313,60.837295717096495,60.69789166318243,36.88471844983129,90.01716324234197,17.663133448553022,0,32.45156141547454
25.23175347326409,49.455361289393444,5.238734260600277,10.66570378926141,15.68267427887384,18.112231576549,0,88.25485176263928
22.010610537055758,61.94808288379543,28.27845914103703,15.46828943343233,16.59550513722994,17.080120946625225,0,74.40228786033278
37.82362566458195,64.45115038485604,2.682353025538049,24.226635732702107,1.3417123801367268,31.867423450728563,0,77.98778727782235
28.176317759858645,74.89474997123556,3.3477190290198946,48.809863288072506,7.919226014435248,24.628063695410685,0,83.86331660875503
24.50137246003707,81.3527520653067,4.266169595949825,28.99388493991521,12.658493669949303,22.034931143521092,0,87.69563210276883
29.06989955367111,53.7785590306753,3.756353041140671,24.915615820520873,5.885482045117628,22.138934147658777,0,90.46003332751687
27.43835975154585,35.490124036610084,5.963639879329422,41.589276765692084,13.641190536529328,17.52664049865078,0,84.60214961956581
26.895152002333884,64.68132831085637,4.191159549712442,13.842711613650616,19.42834392527653,21.91476908200698,0,87.1718807990094
31.070833500217127,69.40306294952961,3.8363704557697935,4.10951119516849,87.43339565264162,26.497825778760525,0,58.77965976691026
31.787538550236526,68.74126531527563,18.667379655699882,1.235864279376253,8.357313889557298,27.056659831586874,0,77.17196270031303
25.34749426194736,60.09990128736434,19.668825059632656,14.468118399039618,7.508677867793754,19.82968158579359,0,85.96040538637217
25.1209087967766,66.87128149495902,15.790953277906977,4.803084984178867,12.019440473703092,20.606015239810237,0,86.70871184501223
26.62474151424178,87.73167212528372,11.23685683638204,20.499313548034742,11.981339582827516,24.978240768230833,0,80.87049921371676
16.490394176322077,70.72601253443764,7.958133222960361,74.1256265302517,16.231313904993403,13.094149076924701,0,72.83915638255057
20.42404468900724,59.399473624953735,4.964812078158176,62.99089765912227,2.9516035267017546,15.31255908945176,0,83.20347498695241
34.83437133722262,57.49703274356006,3.4468955873365568,47.199494649988374,11.272703231997697,27.88109320138744,0,77.97739519525248
36.22483856750642,62.45221463483404,9.878854490157023,95.69643783119122,21.06638959005652,30.042240750043856,0,63.40543798338441
26.75481980221811,89.5510994274596,2.8895352786608113,16.568994948580883,6.58683988993939,25.360411264343792,0,86.66210267264935
30.882784815278832,62.25048935710704,3.3363028296804296,108.16453387722227,4.56466243532541,25.16304104258596,0,78.24927948845016
29.556250772717682,64.70308483218938,18.584550271015406,25.477918825585693,16.67850697477357,24.35216566322781,0,76.07218216216748
43.39440404227619,57.765296435955456,33.80197502173851,25.615779850136743,4.261686860261257,35.55269303911862,0,55.78783265868539
33.59787455717289,81.48475036162947,10.121239236208142,25.989249769222482,10.50311055417721,30.821396716996826,0,72.60732347808604
27.360412042596167,94.39755882117012,17.906534853470784,5.162269164244603,15.50195912027733,26.638580813174897,0,75.4053147303187
23.22229779699787,71.75919574147082,6.069773841921817,185.4347206696614,7.476977022575129,19.519852265545893,0,75.20909373620009
19.96776839871214,66.24159355678138,2.5341560212341183,7.454404525740806,11.3002725773039,15.77634624806391,0,87.88524338313675
29.017318179336115,65.55174249761352,12.05810797779531,20.842917601535007,15.034417893411229,23.992059358975794,0,80.88709258134807
24.218246273578483,29.235398168213813,11.651459587166194,19.231703455633877,12.496292427908323,13.858953411930713,0,78.87409916944681
20.88873145201163,76.17726296427226,7.825086910237823,3.880752119519066,18.946872245475788,17.897314977399958,0,86.22972971720385
24.767135578787368,67.01249623993765,6.086660866180777,8.259072372862601,8.928055340116108,20.299922160371548,0,92.70486064236066
22.592259981928024,71.42513075991087,15.95493942112869,2.2947805214832364,7.485876405321921,18.88511062995149,0,87.62542604710725
36.43570817536282,54.328067088744426,3.3582284008029775,17.29413335706824,5.951777701481775,28.693209882825837,0,81.567731739159
32.408198784747256,59.23314681534362,3.978781182673369,100.7414976714265,87.50398697279306,26.02652944003856,0,49.72866982386514
27.960136793416915,58.834625952452406,3.298654950382863,20.733532903581224,8.045002792381807,21.9790011571836,0,90.62714990121444
35.39972069445013,80.32434476109559,7.908818241969593,6.601873001593766,4.269540197734523,32.36715056042617,0,75.41149767230507
28.38684153823809,59.3186024509536,3.094683348724319,51.879698048871006,7.354436663627471,22.437762336368042,0,87.15656612832285
23.69357899335868,96.23990483164697,4.2742397725300885,284.2124067395074,10.30273910182105,23.233490445750256,0,61.15715740388515
35.61562038634828,71.46293628522557,4.2013065078691865,13.219361784308237,6.085284603638078,31.07959333759526,0,77.929592360029
30.694550218423295,45.864760100064025,5.998523371161216,16.395420926579344,10.162410273766218,22.139115013552903,0,88.7650536101767
22.81376922836772,63.071805601220646,2.248133784361171,178.50516431023613,21.985119591005933,17.961680307832964,0,70.63956394154327
27.04830660958196,55.22487316765377,7.922953029796101,9.847985944475901,11.228014085289578,20.599199900949635,0,90.41225367746671
23.621908733076214,32.08426295269964,20.042257519220133,35.791532555991616,14.160551086105636,13.926684029532936,0,72.56956033372163
21.086001345178317,88.99206410170684,8.234997811333331,13.698961535390525,3.7640500394353555,19.711957443624144,0,92.82585775975204
32.630887737658206,75.54713813330005,25.35705299110348,134.67179897352707,13.280217836014803,28.946823572843297,0,56.00731896915901
37.54708320235065,72.99810976848968,21.481638536719856,199.55605577951718,12.598187341342953,33.15940219324362,0,45.36507608337527
21.007162130904295,67.48105490449556,13.76581077141577,84.28837610065916,14.734685909776037,16.893067633435642,0,75.11629648445432
30.814846183452854,44.269736469613434,7.843998162742521,18.90104465783599,96.37910174804584,21.940311761926196,0,59.15106156060724
24.746787154390866,57.74574290666845,7.523265687096901,25.83275203247604,10.358889131188466,18.945252493507365,0,88.6200076497355
25.56437308117652,77.6267116217602,13.613198742542135,13.87376256412107,15.726083432858294,22.54037447905436,0,82.75343484278253
25.038030378805654,49.23169955326246,5.4014288066567175,110.70946861164953,15.305209295917901,17.91124363336334,0,77.99346775357907
23.68004615160092,27.023460256237797,1.6388313540435093,122.9960372914604,-1.1268897845285704,13.038732719316062,0,76.8147096009825
28.242608139724133,61.59340988328611,10.95288884887111,27.13909672957492,-2.7476967236834042,22.6671060717817,0,88.72488570282887
23.84524941794481,62.873636689586924,2.9896164334664492,53.4332222662748,0.6057154312842528,18.871691912040042,0,91.26750228093795
29.352284128899193,67.03345124622064,3.4222116297913923,9.049313221169143,10.612775784753858,24.53170873289893,0,87.0488078353877
27.748809452754315,75.92777965271804,7.390380028966998,28.540805179325325,7.311117220977261,24.375219943982934,0,84.45086047795049
26.80525976566795,74.56408718346813,6.84761281898446,49.91560715658986,11.972618025809378,23.283332590055682,0,82.66876131449547
23.46218168979201,68.88154707865883,2.387721383023042,24.339435167991784,88.93634876574566,19.35267867482441,0,65.75576421534403
25.116143347158335,82.93297082130064,8.435029820380588,22.127168900187463,10.100016099137319,22.84441576933685,0,85.93647251273991
31.77695612912878,42.21545328780028,16.005168937940123,0.04997457961465903,14.327016350011197,22.33945821737495,0,83.70755863033565
30.504585938121902,72.56872721716086,2.9961458432343315,81.55695029703392,88.19127343069039,26.468931850142535,0,51.24574312990218
23.112223776007244,74.39807545005414,20.450077345935792,110.06356311627985,13.395960709620896,19.771010864765888,0,73.95980107601265
28.49666152714613,46.40656570879641,2.1209483846369825,174.44167785579222,18.296353321095953,20.384683154443696,0,74.81954885007143
31.756935616858947,42.45694086976416,40.199691260031436,63.51834297409557,4.682790668691218,22.370820754225083,0,68.43115871834003
19.652973594393142,53.81086810286598,5.317438251001225,39.79137703780618,77.61585295197122,13.901256302307868,0,58.342076640190164
30.716800961899676,55.07687836227062,8.301976321323956,15.686555749133582,10.156072948347823,23.80512041176558,0,85.18731799732703
24.686881205270765,76.30129195253646,1.6264067636903443,363.1840939713033,11.374653905350437,21.52120335826522,0,56.79503088184319
30.852993342965796,55.78191824463357,7.030734258586601,44.54977535334353,3.3186518172432304,24.04658541968435,0,84.85355993343141
24.183704217287417,52.15477222578194,8.870984144309045,57.15236391170963,8.382486652875135,17.620801261167763,0,83.48631121080112
18.975589496677404,55.82549394958161,6.896888147231814,57.349097570995355,11.05142281947614,13.564231985427405,0,77.47918654093363
19.862287810584185,81.77948501231317,4.7092805098127775,93.29779858657457,6.640119233232522,17.617501986769746,0,82.52845978884659
28.24042473330691,65.19565061565429,3.465123884751413,0.4859810851979508,9.418913683743064,23.224484033402014,0,90.24247600442045
29.29861250860741,62.31123461964632,18.254676533799483,12.438899986020893,15.142395045950552,23.73679372522682,0,78.97611613134109
23.478416874477958,63.34991751948423,7.573427264556889,54.76100246667185,11.68446182347724,18.60475407356985,0,84.7494966235834
31.19296229388687,84.38090501489785,25.34551778562135,112.75919313523221,6.9793085662419125,28.945591196025486,0,60.30649881088057
19.6923996886552,53.76242410095137,4.849201810079506,57.81293585413493,17.371564696458627,13.9294536745907,0,76.8977644559466
27.66960100676342,84.73262436410155,5.218261212248469,26.67838813678606,7.909954356832901,25.573542092848673,0,83.72606598864652
21.944919001187717,68.15744448382256,14.189118892282345,22.43602616468162,13.664209034988165,17.848815571438788,0,82.8803249495528
24.740819460989204,62.593709270369786,2.0170176920419665,66.96061766206337,88.3776031993531,19.645129987718878,0,62.30392330289997
28.23699335658207,100.0,2.798907918177514,67.59226941185122,4.380586139338977,28.305459013193424,0,77.92293520015633
23.69793317358024,49.165407653021056,17.778466487738584,46.7046620814585,100.43950604761145,16.75351648895386,0,48.090739932211825
26.077222278850872,59.69471360649491,2.8934595334982327,17.227933883516908,12.392048416718882,20.424721861504,0,92.06271124707023
33.0314640460722,46.51353141254,1.724193125566706,129.61667720718748,8.334985140068452,24.232878751864963,0,77.04858920867764
25.115540652384254,79.28692955804254,32.94441510271579,40.134704806337716,11.1244789744316,22.342020042866622,0,72.29313224556454
32.17846056032571,90.33783400477519,2.422853267239039,78.14975272986858,9.272161751285578,30.816824241244777,0,71.6576411477646
22.351465726711908,90.04884172106958,8.561672175342498,12.059537726276998,12.383862765013019,21.09223833296541,0,88.7468983852486
30.649020889576413,83.35923129719006,7.808931589546402,21.082833486875945,6.269319896520478,28.26298265460137,0,79.50300357579698
35.207843103289505,62.035692983060514,0.7799677913481619,103.80416589647061,73.23036794940676,29.0446905789963,0,51.252440996382155
15.641777499363553,59.521385337652305,5.966415817086583,2.5702981914608647,6.5188580981391,11.039288343606179,0,81.1457420883402
24.015523722647615,39.93245341258903,10.577515823647225,35.904310579250144,19.89666809191939,15.572621760924143,0,77.84752097433113
30.8853606359027,95.53810302772689,9.81044373240228,32.86058132843028,90.24813703009349,30.314805212440955,0,46.25379983892991
26.984773069785035,72.03467117222702,15.223138605523609,69.56136317670813,17.03605510739198,23.085016649768118,0,75.12608436911788
29.855729366856544,57.620646426957755,5.419518360223959,16.556888453309398,19.66481587734267,23.473398846772156,0,83.86951507861795
24.980074066420897,84.92085333480452,13.065870872694116,12.363284608107207,12.519299670862454,22.98436138339011,0,83.58109413746958
28.4329489373645,50.40853224859999,4.256881055504761,130.2743458745662,4.7682498215629,21.01878116802428,0,81.72653652556696
27.221613823039604,71.0993305133401,2.3907952875031104,42.39769650618235,7.103212533274004,23.169616158229683,0,87.44267095719435
33.838910308299035,62.41056298563748,2.616447023279342,5.529238488324801,85.98512221079692,27.870626604700202,0,57.67120532887857
29.272104216506065,74.58015709820451,2.294033531956176,10.723821119535799,11.974856408452329,25.617040732563932,0,85.36342122040499
29.68801331037601,64.04639691220818,16.571241849963513,337.36946262143704,11.234434507661334,24.36804680281001,0,47.680551106105746
25.940615169387662,43.23608163333164,2.1997444460993765,10.883490247524803,13.594569186016743,17.701717403378215,0,89.83283179525958
25.561968879637533,66.13364559005056,9.20025381737412,47.14142718208681,3.4968314762577632,20.906027367876295,0,88.1610788292039
25.837209060901895,80.73296212813042,5.973067680397969,27.247401284090255,11.495822835942393,23.23566938837002,0,85.60328100352282
29.972260711891483,64.56175391219023,6.806521122433931,108.40231439579757,13.775138967598238,24.710067929564463,0,74.09969311565717
25.895077595898684,76.6267268238363,21.996554691436106,70.35927185632228,21.96149191834879,22.71486441800251,0,70.5730015355297
29.448874284482066,49.3170577148892,5.20311823389712,45.43490597491196,16.768549199882557,21.703894838027754,0,84.70959162855776
38.37700399322719,64.60608810095222,12.052610183760883,0.5398530421906464,9.5919903782647,32.40226658393813,0,72.11897960190507
32.35562351715846,55.63234317367134,7.614472258868201,105.9279193286598,11.891769846763639,25.346785493909472,0,73.61587041458117
26.369882339160796,76.20471260157065,6.542928679112342,29.409409650671602,7.6754346222198855,23.106224851367607,0,86.56977921091863
34.00606961081972,65.47237343392993,46.524325251927685,134.10278987285383,-0.010713624162164592,28.55550390923597,0,50.49787373095087
25.959623134892244,75.35110514504919,2.3324672278782885,34.21323859596539,7.478439832478416,22.595793103502086,0,89.02593959371838
17.80937732411073,81.315656392368,20.72426981574842,59.2452035522125,12.548315538550616,15.582042890538897,0,72.90363722652936
22.95956844541298,75.37427862682082,12.4924598761002,3.5905194983486224,6.4103902452570924,19.756956837041987,0,90.89335661925898
18.646040394870724,69.09677651440467,5.0348312201835,68.3543315226256,18.031735197651557,14.90892551047559,0,76.99996110414189
26.24243257979346,50.026816122328924,27.206470035104584,20.624186403300175,13.79194356505572,19.070622883462402,0,78.34296614562605
28.092091895947757,64.95820833999647,1.6845726476920062,21.643794806377866,12.65211731987619,23.052103092933447,0,88.1978071161573
36.382186561376415,57.00364396976251,4.867530255970369,6.315354383999559,8.279054740851135,29.16358686769748,0,80.4296342184516
29.634636868820813,59.8390406494366,2.8100836078456237,7.94141380784526,6.435407948785664,23.64097152960157,0,90.19422353796176
26.90449735595568,59.38198773874624,10.274517204658286,10.274947851610417,-0.5778070705933942,21.119142873501364,0,92.34913465912223
32.14702790591745,50.30111637826633,3.0329893552314666,19.890189200032225,19.36788196948568,24.19842518273254,0,83.740887971787
16.944323454960575,35.63992116299015,10.44842403921135,111.26727526222835,77.67861098029262,9.270566670560658,0,41.66204013324827
29.178072790542828,54.9778542750835,6.365233188168445,22.963886949347586,4.4482291952916135,22.434126333136636,0,89.38706214617886
31.854325969434832,67.90069177886238,5.035520241587836,64.43347158687291,13.25594884787692,26.9814226359708,0,76.14810915060362
20.607068771100792,44.77734431858765,10.083675174391583,4.318624722647596,15.567998755932546,13.49750100029263,0,79.5832185223342
33.71877021603464,65.23523354707436,5.960192032936463,44.7140857566293,3.849039416517628,28.251248484383776,0,78.88860954245396
29.69248203747207,93.50402636466447,3.0928473080806342,32.878504026130244,11.790244194282854,28.82888879949495,0,77.99231134600996
25.923560430495993,80.34584832878359,69.48413073206673,190.74015740755746,10.574563631857401,23.264579872698267,0,37.76219454021102
31.163909330531425,89.65312263680794,5.004143421559277,93.60763712779048,14.074937273981323,29.713956858241726,0,68.87458353108495
39.35346428902198,70.8669181539909,1.2534662778717498,30.332859446945264,5.4009469342454635,34.4685931553679,0,72.83677553856927
28.909331275292477,82.51264734479669,3.7671586675468913,74.61447925152817,6.065861846324813,26.453259221092527,0,78.95312996066001
29.24110293150168,54.14052904298319,2.6809699462871217,10.723980921218173,76.59748235381336,22.349558878148187,0,68.53028449957455
25.70319550229878,55.334895994670234,14.309397551150457,41.31522671634655,6.971613936214109,19.43114716061261,0,85.53662798163766
23.75077815267604,23.912896907937906,9.557461206997067,3.8774897215773145,71.69810484446496,12.476158395787404,0,59.64838973653652
32.15167908272123,82.79218211063449,10.165201211579147,21.39236394564432,14.069206346302785,29.63074408538367,0,73.64231142280289
23.719580870455665,88.1048596972983,5.4957882564452305,12.800268066175963,3.6119758797197026,22.18193327183473,0,91.49518719750112
28.357831186096963,56.702341319790946,5.9092552151677085,63.45398596180316,18.417074223713342,21.992480503552557,0,81.5722282996692
25.611712766174417,61.190724404041475,5.49179476344606,33.67611974935901,10.109907763218013,20.228847745386364,0,90.17324977085552
30.39489912873196,53.692068294635575,6.924358778969982,69.52927350826641,10.303680627906523,23.283629599828487,0,81.22488865064346
29.66831052643474,70.73980327216238,14.414962769007746,36.210786170365154,4.115400539342079,25.401367338522054,0,79.69758881089584
33.1876997212895,81.8739881795486,9.668375775034885,4.522743613820649,71.32128223054569,30.48769871367831,0,55.2082289370678
25.449918005726264,38.858420391784385,11.02417141819823,66.4706886874288,16.49081575721952,16.5533652191701,0,77.17395466517331
26.650625323533145,71.14157795963378,11.019287281126573,89.55676240107454,14.608456490713849,22.641956115671206,0,76.70226044891783
23.106181421088465,60.84992342421282,14.992558078731594,116.9267953795255,10.188225325485748,17.919481992501705,0,74.29418930293896
25.77853369961944,66.70091587950034,9.30470357662058,42.43066321002862,7.69150642206208,21.187495028777246,0,86.75950387350028
29.88650246522426,71.88491002511437,9.84612973969774,70.03698147215715,13.9024876034393,25.782717839520153,0,74.76499768917542
31.78494308322676,62.17696341840768,19.125929750850748,69.72526632761654,11.949325790328587,25.96840828149568,0,70.52878747279325
23.389173379111874,63.44619719891329,4.340385919042975,8.465316760118439,78.5363232965403,18.5368963442327,0,68.60984544863561
32.3480296005283,61.79187248668042,3.726263302843003,8.969534048057149,13.22225578956691,26.412992910223867,0,83.21300698191467
34.778189294024756,79.55474302682423,2.8612618123112448,3.676165160403045,5.6153270906273685,31.64399553112391,0,78.86398358424242
30.067174516118506,71.28139940191245,8.553423831301854,19.2767740865047,9.42591480175787,25.85821923595317,0,81.86631022118289
37.38397906279033,68.3087530660604,1.6770129535059741,32.07601292701528,10.69611699231808,32.170226827296545,0,74.13317965882797
24.131054004482134,45.93572418361576,10.694432477539639,308.2397979327915,74.46363385953613,16.626834649392602,1,33.9478446555279
21.776726483442914,59.32130385180269,6.770977912330178,28.193157190692048,3.805170275975814,16.514579257401653,0,87.29867411887625
19.106398755478608,78.48003740508761,18.314841825494458,64.7756462136121,16.77144099792215,16.485963666051052,0,73.50347963232743
35.480221557445915,65.56544859685884,4.3165917824328375,59.11008067727918,7.003627608674277,29.924144049430883,0,74.70993743068458
31.27182828177029,74.89297204383708,6.279845458548921,11.438087082235468,8.526179628872336,27.556089028533744,0,81.5400751434106
27.722076645447725,91.49767700491451,18.133529200519618,3.0144263358873395,6.5333504769905915,26.588339820411473,0,78.57149954320406
29.399843131599102,80.57909103813225,22.342898217257765,39.48364761353612,12.587424514402208,26.639908917286274,0,70.72451458262069
22.372554763508116,66.39737506549613,4.288247354539711,60.249598227078785,13.039401665598799,18.009083684800967,0,84.49807480535745
40.228759898084135,57.33516244706409,8.545672257338806,317.4581489102951,2.3146600646556825,32.645871800659705,0,44.2409879244263
28.646105909876137,26.69675605916153,9.351485261171575,22.205961168348974,6.907728048102926,16.614831458977957,0,85.72333242501195
28.546973973024464,62.474226162907215,9.96344329794678,113.34379713966598,-1.1389977866829089,23.080925540536636,0,79.44217625514936
31.62883311949346,60.109812562747265,5.989089951054642,24.057876639331184,17.369396452533728,25.477791871773782,0,80.59318073536764
30.405046158683568,70.85549291593064,20.596202589740376,58.46435325742127,16.92050015445052,26.10748609158817,0,69.05406752385525
29.119420121395656,62.69142159537969,1.6294413289652367,45.59662843854189,10.895104571147598,23.634763414991177,0,85.54176984546056
24.04762772277344,60.19422410844808,5.275617911692345,2.7216896245463436,5.9154937408621535,18.67467621688449,0,93.13020516007188
30.357341785679978,38.30901604239169,10.573433549128492,4.081571578920168,11.87891066842387,20.404123619552436,0,89.73930374874045
37.41012248237517,50.900482562749005,10.652342804002133,1.0491347410503293,14.666711521036262,28.853595640160794,0,76.3996178233073
34.72710023077489,72.14976561200837,21.806481115612826,23.168014029222594,12.734842365635998,30.364191958339678,0,66.9887226465498
35.965933133196984,90.73861446699041,19.270594144396046,68.48190229933567,16.142588032074563,34.61493817738088,0,56.21324275443891
25.443921617844076,63.537119243815646,5.880058434811228,9.482742629468538,4.987290189975354,20.421045595053673,0,93.8176980637419
23.051975898707095,69.91716610361185,20.903089997743315,46.55156313033433,11.275615440617251,19.112036105401245,0,79.80281436599103
27.37106539950176,79.28717235429208,4.173548382286104,17.042032816571982,14.326874852982822,24.503152626317675,0,84.67866863672896
28.278624561443472,52.836590956996254,15.560099389556395,79.72564827609952,14.765440274962469,21.291095945273486,0,77.38892813471412
33.47095759235474,70.50221064928164,31.45059754279287,80.07253203998319,7.954174653930293,28.912704791041097,0,60.2469992867335
19.537676851425903,53.892648405017624,19.53006914795034,74.67494323092106,12.501666036603126,13.810936841232316,0,69.31665435258016
35.64775159730307,77.97236657736516,8.04150541889312,37.20450195485262,17.513638403996428,32.21396100344835,0,68.09997612189684
27.209960507105052,67.27104571927599,5.666530255742347,16.743345997179723,7.450427490808638,22.591364398054047,0,89.12187784506024
25.8655946502629,69.4767772097216,2.17521380964134,82.89046973129483,13.740600161259374,21.669044692633523,0,83.53957902934644
22.93947812369916,53.26102103872117,9.472867979867805,10.295923053862367,86.91007634295467,16.699289040308095,0,60.31288181749045
19.725716640671152,75.60548539416178,3.0277695236133386,17.10758887814789,10.86406139885642,16.72200178943508,0,88.23700523491236
32.11585291980957,96.27069381846525,3.917651116014275,10.163842024197503,2.405024183713987,31.652518227817293,0,78.74433816994251
28.36658983594202,49.88132456857691,2.8502404507634824,56.075138463312705,6.663451972645207,20.87243504292224,0,89.43756270635522
21.55019550129473,59.90361488528714,5.1124877939502475,57.95571288129421,85.8685977581361,16.389814508667214,0,57.610040658517576
21.52460613968192,68.47411211252138,7.225558040175784,52.85096853058152,11.324179982589909,17.501107745830396,0,83.57905908473624
26.32107650354936,76.79609317993724,9.197131711290515,26.85860545720543,89.04704112660441,23.144017640283238,0,58.31720009600787
36.34510762644696,56.60680572065797,4.570372409678636,5.277527085661304,13.253054480530679,29.054704964429693,0,79.18731881310646
26.702043243181976,22.504545647858897,17.381857070155114,121.051308545337,9.40806081327886,14.255441360985749,0,67.45108238077441
20.48428523440947,85.38784241246037,6.255341843146376,35.43649454143385,12.195852122161629,18.669710398387732,0,87.26796118114449
26.77128467957028,76.40759179376214,3.9346504754482856,26.125699611610585,7.998885238002161,23.516567819812003,0,87.47895799206275
26.636382151261646,38.85578704270002,8.855456421130834,44.436805236443575,2.2082177763974,17.510447978369584,0,86.65819064121213
14.515566785292142,55.88646812330666,35.54652020164578,10.708598071205673,17.84099845263743,9.63176354589018,0,59.656525926679336
27.72852566741094,88.52273644290989,9.661302304112011,7.109799912888332,4.608276037819894,26.17219420199617,0,83.66398554105427
26.84532734895661,86.71694627686799,5.527388701324284,26.00384942035851,14.921812347910139,25.051720696522075,0,82.08440221321551
31.48103182406709,79.07960034018417,2.177180987743077,12.888088726098118,9.784800338817053,28.408814715874858,0,81.74777844676734
37.244780474726724,62.35831349060206,6.199509296681598,14.004898201384874,12.92584372104594,30.94989395269653,0,74.76630002879394
33.632825147738785,66.24481128218765,8.916847814126267,111.51856500903851,8.126080749808041,28.34525417125145,0,69.16314475188649
26.655556547225846,63.0361129231081,5.419130005599718,37.8319580421122,80.11862275941574,21.449489545190644,0,64.62679728873104
22.467370456291647,81.92359674903255,1.9497327061426752,33.03100486959824,6.927353304132333,20.149504922682933,0,93.18865800790033
40.8667990162493,51.86236390257335,3.7417285672056315,58.47528295436335,6.929340955666046,32.04921666785667,0,71.89800210062049
28.29609217007244,52.91300517673693,23.656330858915386,151.35920040013102,12.451287222142597,21.31896092855262,0,66.90704406365273
28.06964645956473,80.15411880254024,23.270833678278265,5.950358481606431,11.32503179534152,25.29894446078679,0,76.04612002307286
27.879374564449982,64.33457816732657,3.6352891890236676,89.6483800690721,17.81444909839088,22.761842632341395,0,79.13660375060525
28.990423803839274,85.67701033180712,12.656936815771068,43.85580626176577,12.252059799647332,26.995903014130008,0,74.7080765115271
27.278197940380288,54.92731689529182,2.878132862249059,7.900886333567832,16.269658985877403,20.754378378360528,0,91.21605770601876
25.131689965598817,64.17832459491763,22.724713338032288,17.630540592502513,18.242063038472434,20.229309373561623,0,80.44993753190036
25.26570529379804,51.1638052273407,8.990681736036061,32.92389977110319,14.194354303390137,18.407662125286553,0,85.0923109083381
27.836233648920008,65.11044022135351,15.79531218556093,58.749372494812214,16.978537409337527,22.841102154401458,0,76.30624095635696
25.282876144331176,42.82179594501802,1.8737191804748734,13.8936514042643,6.329975028554244,17.087849539636263,0,91.19555790260578
24.435771086614178,57.685498685675554,12.706449275528753,38.2728647725253,15.92954127714931,18.65952870985076,0,82.49893485737613
28.532151138459483,43.456192026078234,7.343831792998358,57.70703652424445,70.7525409065382,19.890260794447794,0,66.80859134056867
26.725113912895722,75.40884849786887,14.607619215014164,29.777503692695685,-2.3184206195278136,23.329238258886164,0,85.49738950807004
35.51996494291345,75.74884009639477,15.361958690128835,99.39819341692206,9.20791882665891,31.719165343539135,0,61.731147022381705
14.745150958034941,39.046059042734825,7.78834006320018,101.80343565595389,12.848916752672013,7.935218341038903,0,63.5453416634722
33.45753425961231,85.00828618250858,4.569191564559162,31.809165392581324,83.20044450819626,31.244212866425986,0,49.93468687609122
34.23042596248815,100.0,13.787425012252225,180.45853624975848,4.80336350560963,34.34124871200538,0,51.94743963235342
17.63304883795925,65.69009580104512,7.0418885946317005,3.9297136966448853,6.787339155968814,13.563314980550274,0,84.16861041852214
26.286562029598258,55.38328609663033,3.6758045621435196,0.16840219100957488,10.3336322811742,19.952759831592942,0,94.62985315349196
26.142795670021044,100.0,3.539120375719374,23.955711354025926,5.018504927273327,26.19645330643782,0,84.86735374132321
20.962441526410892,45.21547252546234,2.266571793774132,45.951857663520435,5.577055265952518,13.857141496448435,0,83.19822215944937
24.110916562045624,65.30159700303648,4.912421868066199,49.604643495602524,11.139736310313046,19.45532508387033,0,88.05306690544113
22.447120772670857,67.69433408947886,17.852679997281435,32.35572992221173,21.957263314260466,18.251774379881763,0,77.8966608075406
36.761352217118116,85.17721430678623,8.518700789892995,6.669902260963934,9.965730025492546,34.486547079583815,0,70.02192875108386
32.678391965737305,70.39608462690182,4.836473479710674,9.346459087931272,13.782764503512412,28.155771945387922,0,79.81920459876551
34.35777547497079,57.52049156317323,14.067747283765899,95.57716981671742,9.981644557597422,27.461482035335845,0,68.88897147090907
31.608360320216175,50.73223444418066,3.79626884935231,101.21401692617873,95.58402908095175,23.81321656980363,0,50.399296001016616
22.354741143913856,59.872672696307966,7.974749356031423,56.02733562412363,14.308244311615763,17.108249236615706,0,81.30285084395689
25.37739866860113,49.896089585822835,6.399985353322115,54.56465282769194,11.202313724008516,18.30632759881163,0,85.0689288641177
30.44687280613959,65.71737979677025,13.781188367956284,45.52563882617336,76.20725537919321,25.3303116291898,0,55.15895602988874
21.889360955540273,56.537057302092705,2.092202425566018,11.340380646219554,12.00732983792264,16.235498559203695,0,88.17066528209303
31.56499215086194,42.589433100653736,3.742829227372285,27.952733542294816,10.360254250933279,22.23847988826586,0,88.52217411604116
26.798373009209325,83.82718682562356,1.9925265822037805,59.519054818428806,6.439796722909884,24.59871149111084,0,84.00716508275234
26.125895962252013,57.53491214856441,6.003379871550798,38.52866186631481,8.964880196569844,20.14108182944914,0,89.9455277345628
31.554799841017456,45.977947925370316,19.475202758184828,0.9377558431526594,3.854025238107339,22.8845161373551,0,84.55717375119056
30.2213165574302,62.47611298268688,4.93149522071438,153.4762681552973,0.8825363247520688,24.600206517672337,0,74.99213702268722
26.1951691709046,66.02557348951488,4.910878515082102,93.15720540519851,11.11839848247778,21.472333637842954,0,82.31420691768207
33.79664901682124,38.802999116314496,14.84079101694488,15.092093484554022,5.51205497621569,23.27748599907551,0,84.31681448572033
22.594683362000513,69.97471500688644,17.3716513837944,47.915429240518606,6.7093613722165735,18.693849082672532,0,82.32695121732088
31.07967803472132,49.292636469646034,6.883609466858786,128.3531789660386,10.795181323658674,23.09674807060035,0,75.47936148951334
30.96550628984192,90.66543213786181,12.778599826939786,5.046905010290295,14.673740647706737,29.670093129927398,0,73.70962300804106
26.452267803430047,72.85940768115103,3.121883068317985,34.96122860716262,19.58629767252036,22.70469942930381,0,84.35712057032892
29.63066511121059,59.00150014836025,22.25083346785996,30.46264353158464,12.3156923998752,23.50044424530887,0,76.47242174498984
21.744432118073483,53.82248344523974,41.22170900373881,26.399013452256508,6.906850246266405,15.73365201278186,0,68.0474387566556
32.6201350960345,63.42548438654564,11.211865452865597,90.26917548939758,1.2921517487443754,26.938291415256398,0,74.52899535216139
27.075489317785056,74.19186112374935,1.3944982915159188,23.953925823730618,12.519439356897003,23.48464326800271,0,87.50724691756591
25.386384897404803,64.617588071222,4.727591092859317,3.2890090233988305,8.836133116534139,20.52554842192728,0,93.57360321282816
33.245046129184445,61.74261789294715,12.064415564543994,3.4052566124333237,4.177266109449418,27.216092577921263,0,81.41070565311963
24.478281547286205,65.87555436226843,5.274129290191812,2.1842527148513495,17.48001584777763,19.873244683255418,0,91.12770515904288
20.957693518182204,55.94211603144568,20.445418913825772,26.30926762772553,7.340781885943863,15.330461781124132,0,77.69512915668614
20.216854132380483,59.85191109735443,11.8286648653432,63.364497395483376,3.7186542754482756,15.185451158325531,0,79.28784314011894
31.030049756728197,33.71311341642494,4.198887458588794,11.390374399557583,19.27011900219301,19.977450132554054,0,90.30432102884993
21.597853237518585,79.60589346278552,7.582264097205743,51.98913732486552,13.830687922633388,19.01261258545099,0,84.9186437895426
36.77397090992182,69.48196670482643,3.6144273132461557,58.09173934378544,4.869690845538037,31.814063434645046,0,73.03928697518481
17.59035296058139,53.39816233949855,6.384876181911256,14.732120240828822,79.71278367163184,12.045294102918383,0,56.83136314879512
36.48228184145019,93.48102472032858,4.741366605996276,45.88429223716421,9.267408604942297,35.567542186249796,0,66.60043799226332
29.05508733601309,66.30524720588579,18.912242055532424,57.738237965606444,12.416603393129447,24.14432718922455,0,74.4146965941265
27.516434440648037,49.45784642037205,40.157516987228924,31.425460356095194,6.847507428766234,20.071584647028857,0,74.38881602397731
25.275404565955252,77.85106132205688,2.351490384755988,20.527646252317968,6.116439545702945,22.29598541137481,0,91.288698883427
29.995680571760353,70.97072324763894,1.5863360262337491,48.26768780745647,1.7151677213063596,25.743019475872163,0,85.19381141856044
27.81182648787576,70.91869978226329,6.073056756114981,190.48931467656953,7.072392190521304,23.694473330142024,0,70.01536609556541
33.516509410082605,58.61366593022614,2.192993358512414,27.82964140409331,6.070422185952458,26.90902149006639,0,83.73353288325072
28.571138243310198,71.75743585667053,7.667336422766724,24.857239750241575,-2.1187365913898866,24.530692408418066,0,87.59081473142868
28.75150880730939,61.07362564668358,13.452283802080395,31.20595971091363,4.678137947829002,23.044764952228867,0,84.02673538358214
26.18193893893072,73.33912177468764,24.41782791638241,3.963979590966124,12.894565118864499,22.51926242722381,0,79.31760606892163
27.715271881394663,36.42583318984042,8.680816985289734,40.278101500303585,15.10829364098969,17.924545632831254,0,83.48250192624175
29.539008844460295,58.49189805531216,6.331111544075516,19.92676279605808,9.076370440102583,23.334912357732268,0,86.8139425983905
19.449158036716874,90.83232646712293,1.5178457604684115,6.4725363413933135,11.944792680201449,18.32924760102258,0,92.10609732709318
21.259072889471433,53.49398816899549,7.545475554673262,31.39201721235792,12.025148022220964,15.263880608087014,0,81.97549873948444
31.716320470113576,55.942425537602205,7.822700351486569,0.16948626032524602,74.05454024881,24.837015469534624,0,64.13133124431891
28.854327190639708,58.28057992325037,12.319279218108118,25.690273384944934,6.728898693361205,22.689235690145313,0,84.99451328611308
27.080083318236603,46.77790796167035,4.192132350898742,5.587671337806012,2.455756581852519,19.25165446759536,0,95.4040628648789
28.092169665326967,31.875788356576216,5.217184663005728,1.2296319286357473,100.09701819187646,17.318788622440675,0,59.880954678669085
29.737908526808354,61.541204022145806,2.2650530850231188,86.99870297713825,90.97200370631427,24.01065856426347,0,53.82761407794132
25.301201598453193,67.03789136122485,1.1817137962270445,123.99524096082403,10.103462914271299,20.79609067668144,0,82.44766201935815
24.108476372988438,64.21242397192022,3.0440909784929264,11.639158699776683,5.382921875048226,19.299942408540137,0,94.46964496190333
28.979226275488408,62.826821570781696,2.1037876197510257,38.750221925437714,7.939217224040917,23.528903862923194,0,87.13332246184895
23.10813611192484,65.64561306275581,9.673303128866864,16.283609382818813,11.45302348630896,18.58320661921255,0,87.59212293066719
30.041263778572358,80.34262207326147,4.881696264569529,34.01919283797462,11.486762714137765,27.22101796255531,0,79.49678473537222
19.4870819788108,62.143307211061746,4.803814529414935,28.69105088632925,8.597808594169292,14.819883963570962,0,84.09287739395963
33.14577818662822,56.38876134369096,3.361776528810155,15.670583223142096,71.68780011492869,26.18053781314507,0,63.58531332192021
30.362987412065216,60.783117726678704,0.5565199020516617,60.26427988899806,8.000913344626998,24.451051147995706,0,84.35176422320514
29.28014867156938,73.69020139635164,24.696180572828066,6.761839975669703,17.66266545304638,25.48962714160071,0,72.85372985260247
32.91345491972757,86.18040317814874,3.3193984666834817,2.726652213159119,10.606218659101897,30.89763266970638,0,78.18578032108215
36.32737222231288,55.57784391246233,5.312507489937207,72.980994473468,-0.738516196334265,28.84095156204854,0,77.03039153005653
33.07185032509065,66.48400680543325,2.3073190538072286,54.82024102908082,9.337776401502138,27.869663457151265,0,78.44722905062736
18.795628843341774,70.07536162903939,16.07948562513434,34.510188247686436,11.518462969605984,15.167359029485056,0,77.42078925035645
21.602115166321493,50.111329899067655,8.28745685636422,31.535834970710972,9.307910738300128,15.092451760384705,0,82.23872880255715
24.875907111521606,65.30625750819377,3.8148745154629147,34.39916476886616,7.3065365926593655,20.15725097496765,0,91.98125760537734
28.13045525105417,43.01489213986858,5.399013819776606,28.725920784882724,0.35258868686958955,19.477886900258543,0,93.52720179972138
30.588295102345615,38.46424544390902,28.29100579489094,24.952453340563014,19.512149402355988,20.62112582232388,0,75.92351323422707
24.371280934232672,70.50119611838386,6.970064331463019,34.626428885319534,15.305813661869253,20.421887015352652,0,87.31755653541781
28.93383382238539,59.24187888003826,6.389226227551227,37.593417689953206,0.8000387529318367,22.915570463537083,0,88.40600983761283
24.22308533823339,68.03420611431828,3.479521593098762,58.86691921138264,15.101909370888398,19.940883498495925,0,87.25090273976011
24.942410985040258,64.73157534487476,1.6230954207435058,62.10228335281292,4.113394793651143,20.13590928550557,0,91.40322842820488
20.96669451575889,50.35399927004304,6.501084838045731,23.710951489984804,13.027564601179197,14.57928634827902,0,81.90477042067079
23.38383376944548,64.32118547053496,9.586808988260358,26.682585288118478,15.031891374018903,18.653332849088184,0,85.50770579268395
21.24157697191833,46.50348042477717,17.8083521910333,23.39606352192521,13.459209020044282,14.275120000026725,0,75.68249454564949
23.120633735113337,85.86458537002102,1.2228727115197604,38.45130392279329,9.035423144543087,21.299981246834456,0,90.58165366686141
33.2682089830392,44.66044482710054,3.003934526970496,30.197650355708163,4.531157998872457,24.065068966792186,0,87.87027825113151
23.253005555840286,62.06322093547128,4.643215526176851,110.18065544212344,7.930661375131458,18.22102548293541,0,81.34831112539186
41.161910324186955,49.36592617929127,7.368508573035583,59.595833113585286,15.50214221128432,31.750588751027106,0,67.56289853848824
30.466589504404446,73.55631760041193,6.579594035999263,114.4619197642466,-0.09130076664513886,26.587066174383747,0,75.4138453328818
28.92418061847437,60.02852943077745,6.703629200419655,61.74514420130821,10.126228145408165,23.03340533484892,0,82.54815359558324
23.708211099093933,57.219999205681845,10.24179448420131,177.009437254057,1.6690538098669645,17.945071661935685,0,73.53941525544153
31.501549397044958,77.79802317577332,3.58717688947032,50.49392680106912,5.269677439372156,28.228952988478337,0,79.05703024598304
25.12181086881113,65.44145887516328,15.60065895060763,165.59088055081318,8.831633541375382,20.40208947645826,0,72.09357040780235
28.610049073226808,72.74966668903951,10.451671871939837,8.608852759029286,10.571326150316601,24.716730357589277,0,83.31440786830437
40.800422691343975,50.280110952238026,5.720946070739345,2.695239322505923,8.471749524554598,31.644149314642878,0,76.57986255223055
27.51970050137675,43.9277458410874,26.5950841817349,43.27099207729025,14.41128754804038,19.132228754678668,0,76.26993931740807
33.74636663142838,66.608119430602,25.665118891980082,205.19916065594344,12.652448992649363,28.511753661065942,0,49.66241099926691
24.48411787437056,60.21730466757903,15.58511487645698,27.030339596572627,7.8113907401704745,19.070533289063246,0,85.50641162231895
27.82505754751519,74.39652008680916,0.6604423663371624,11.91561094010086,94.35349819274732,24.222393914987645,0,60.69346078609076
36.85400317817755,63.801373210061755,26.131881287712286,36.859284751253504,17.851959201689077,30.86211477401137,0,61.00430565277176
24.865164711061162,68.07613008851945,13.95456671778168,52.3197750440858,6.453205451787901,20.54103424989029,0,84.82811927793584
37.062242789984644,40.64926205088135,36.786352123227175,18.929867205925248,5.827425722139291,26.3400833394199,0,68.26123696795094
31.538759677277376,93.32655409421385,19.885119205507216,62.7228578785483,6.382813884184561,30.635665064168155,0,65.7040523850778
25.18766612052866,62.53637022451952,26.119290527475833,184.67351287870503,8.455676847134225,20.04235967365879,0,65.59090498885865
31.162038695277605,75.46380455508799,14.9233019430232,113.63341565948095,14.279986451532729,27.54157524506986,0,65.10264911109127
32.86277224813365,52.458624946705605,21.735667154667272,17.236286303531152,65.5956977449164,25.216283843119207,0,57.71887944599564
31.10904981108598,69.6201485332601,36.42658964012748,19.779972938894876,18.16792416204529,26.568091052321293,0,63.90059658688307
20.148876400547717,45.457328547128824,8.786740209057983,23.224242245415194,9.489808995907676,13.208340611393947,0,79.93344692271785
24.364314120875658,71.78101757389507,2.1005843433012794,25.089394238259803,8.077087781398935,20.59278461843717,0,92.85922888306797
26.762406822242475,59.66038873421251,5.7778479131611515,5.285778889428435,15.27899119233286,21.034409821242463,0,89.93788635850193
27.62783285449977,65.43785755903352,10.094154354476283,71.76642391892365,14.513565741424848,22.699926161058254,0,78.88853594214049
31.103360487753392,75.46961045195147,7.84526423434446,22.73323481335069,14.495207664185623,27.486878747146566,0,77.74199039271099
28.888505004666268,46.5118953316958,2.7257685555193443,105.93822331229441,13.372024005284743,20.73401933598192,0,82.4849230519431
21.323278206449494,54.73262404080805,2.004001436109797,130.82413932666162,11.536019729489361,15.48920200668329,0,75.3040484494741
29.900989255029817,71.85986421630149,4.083971268302273,1.2367352758323302,14.300601959924833,25.79241811786831,0,84.37884634148823
31.052928726419115,96.4733221182012,14.100237550386144,223.28376147646526,21.657430462784184,30.620525817976816,0,47.471572862600446
30.7989522396552,62.92876498007777,26.16105400944783,61.89763717786183,3.382028039932816,25.198715423950162,0,71.80429346158705
33.40390362777311,73.86704176885898,15.38286289883196,36.73933233021781,72.38081023162358,29.405322568050376,0,50.39971472161215
32.16961077274452,63.3954279521228,17.217767239274888,24.676110450670667,3.3183405539227753,26.52305448302312,0,78.03281009278655
30.295900396142184,94.1336839213445,6.926450866030798,36.544335352010485,7.801408203111881,29.5206640713663,0,76.0008755236968
27.649171442706766,38.79167499552116,1.8336967915086892,19.62433890621099,90.74722941075262,18.315958567273633,0,64.34557909428413
19.69519533242004,66.41931567004038,5.133684026629381,48.73411769115086,12.830604734749539,15.547966678115387,0,81.60482798982679
30.148091095662927,40.616839496569085,6.007378540833556,4.87955415885397,12.145034240081939,20.689681297944784,0,91.42548862008667
29.038438435815557,27.401426441949248,4.96472550780338,48.527130838327025,13.144069141663808,17.063843962222414,0,83.87933372504463
29.357894185976868,69.46193079676725,7.71954861138735,16.10296963253653,11.448720134570173,24.91439159823125,0,83.34210128884908
21.616257120898453,67.09246694221189,10.518502065017508,0.8896087621664637,17.76623593344377,17.4046113894689,0,84.8366265309967
22.594717297958688,60.72744593386698,14.620317202954732,40.22693298339788,6.503405633716641,17.44151290557007,0,82.6616155806324
33.26576426666452,63.407088649403704,5.915074594988347,43.19057805331166,21.73200661996699,27.522924715626342,0,74.19501561707949
27.802224230716725,100.0,1.6112213203485477,27.805883586482505,5.310387536984579,27.867615994500387,0,82.84224781043204
31.40750348686312,61.127372929528484,5.021344992282069,3.7516017010799776,90.1511195443178,25.45044935352786,0,58.88812012201991
28.141591880652307,72.65186541875113,7.6520096875573556,111.90683792312299,88.79325364030615,24.261896579069163,0,48.99271528186989
28.148780697478728,55.25952770579178,19.65332111866773,47.264201132963166,12.4026483126098,21.574185586101947,0,78.95142484401363
32.69141902987999,69.42848862560905,4.691506406269901,6.148697358543306,10.136322538172374,28.00869129843856,0,81.64756593396208
25.41977635891313,61.42649487416574,11.134349757370087,35.762541471447825,18.510736617510887,20.090246090037965,0,84.55095629994292
28.480603884704916,58.84222275905405,9.319139719927488,34.38354175237103,2.6280856534092587,22.445707737780584,0,87.35748580699186
25.688623556474788,92.28347798300487,7.653173714900142,3.1151507561644864,94.00864440548995,24.68597958110781,0,57.49671389344178
25.82751886283842,82.65777444776509,15.55569260350619,46.679437126518415,12.562997556363992,23.49454056760142,0,78.1247332820716
26.454139382656802,67.05119971098846,4.355010592650941,82.59806739838481,14.106005748759117,21.861405118523745,0,82.0685783697974
29.110668858168566,30.4368209608405,4.663894553921355,69.11672145022798,13.077196256456096,17.791864395485295,0,83.08511175242577
25.606256891682612,59.584861651211455,7.319041241989753,11.343111236136409,17.767974052249137,19.9856831012935,0,89.26203488991536
34.278780627867604,100.0,4.427711220033322,99.1311811557845,6.370562080840029,34.38994498556356,0,64.1645881024462
23.52696348890248,61.54007500040438,11.09406003213323,20.96873236335167,17.842669693546632,18.395839533761258,0,84.00229948372456
27.065641779193204,81.54826358080487,4.176385487341243,146.41151204657433,17.75573540699009,24.533758510538227,0,70.55143981686791
25.801344708629124,86.62913602928901,8.855541012408803,3.7225996397941654,13.56402402477431,24.019476476305385,0,84.64941347376667
35.23488942176866,68.28445873783963,6.820015775464073,33.29690523821632,10.838250776933279,30.175302537181164,0,74.38459752369683
28.982773882557872,52.37267552197771,8.775298376742034,45.45636964515401,15.945863915525013,21.82653063326817,0,83.01162992536966
33.159222697343175,28.470315023256674,5.115150815676037,14.227688433330577,17.470026238537727,20.374867545826234,0,89.634012350577
20.57219813481514,75.26244812913431,5.633491244175793,73.78474339302142,85.24641566637946,17.481114032589986,0,57.61097919870179
29.335251329346296,52.77865995764678,7.978954711894993,49.294860982475036,14.14909883745844,22.20205412607961,0,83.06158907753277
32.44815397811718,67.64225677831539,8.685540269278118,0.91377100523453,83.33078666410718,27.487951692582737,0,56.55699633792766
28.41141994637712,46.25269490615953,7.364259249148137,46.871708196141135,9.017653877242372,20.28583270959473,0,88.19606586567227
33.32740187532676,61.021436892946966,28.912958488025005,33.81236304530096,96.38097094110448,27.164696177299138,0,39.2882498718072
25.41355774949814,65.5057858235158,3.3448119207103466,10.909616549476391,5.7943931621980385,20.678960603262638,0,94.28672709240388
35.0467372009279,69.02890371566447,7.019113752868068,273.0209610285127,0.7417151815997194,30.129745831309723,0,53.74648987988353
39.49449061809625,48.27766718971378,2.0982355605764,113.7301119485517,6.626897378216547,30.08312826566217,0,70.24421283362452
26.185807197801704,82.95366423142028,9.950921728735928,17.301426294502996,17.00490424846525,23.88241378879301,0,81.80247440683713
25.77248739299614,56.046578229020426,3.0276985331670656,38.94297962017783,15.861257564924205,19.600865003703454,0,88.70606442197914
35.2669223855885,39.882958093201324,5.91417371960943,19.026587681772813,7.850940385843099,24.705177230219363,0,85.46550839807459
35.89786072865356,63.364648700548045,5.486818282667104,74.69303241544239,2.4634320925906907,29.911408611975187,0,74.09903066829587
25.385699864233658,65.5156296353969,9.25082652217281,133.20030206826755,11.566256299008517,20.654826483508632,0,77.21689804048772
25.899065914520712,67.40884149757639,4.748207915751831,22.22292369466278,5.857959463806159,21.401340965717555,0,91.34893906947943
26.591076955697464,85.43198605527618,4.589428203193733,81.88781836571256,7.433112562426754,24.623159283527773,0,80.10406094906463
21.277747444828613,61.45326744896211,23.305401815316685,34.498366354175744,10.842253849662471,16.351034598669152,0,75.80992973837365
23.40674026757901,63.20570563446843,9.278068899148366,25.2569711538287,19.70127146740956,18.51946780752145,0,84.0473796571886
22.97929616623966,48.45223428150359,4.716935443957404,139.37241066207943,17.9609895701909,16.03291898054007,0,71.76667315922649
24.161012174479357,77.30830254331846,6.045614073125129,35.70880622309428,15.860631547946912,21.158781055595536,0,86.38126357508573
27.826575563066093,67.76463596117155,27.557754383389092,31.500216044382345,8.65936484686075,23.235101315803895,0,75.33199428120778
29.171073662682602,58.699584090587564,6.121873011911339,55.80334723062216,14.465339134933863,23.040084995937473,0,81.9768215654313
35.75250246407038,36.42987959801805,4.257059660706801,15.138716219502374,93.56691870325238,24.305571936256776,0,58.710267742227074
23.008229796306047,86.66618292582632,4.271662432383287,19.6367888544769,16.302146996116292,21.29566946786688,0,88.52293669785492
32.92161199238292,46.58480053315914,4.76214794403623,134.4460931710436,0.9284593930519147,24.154005351664747,0,77.63382221902977
26.930055778872454,56.130829859454415,4.592395677732064,56.74252857273972,89.61998023703093,20.637375465624782,0,61.20015935974585
27.752681451737836,70.37516766614004,2.654567447133503,87.6184234626638,7.8332227941468116,23.558196114965654,0,81.96250549300278
31.37409746083302,47.05163107074971,3.0060890724412253,15.811743363991893,82.22002878254806,22.93419822712649,0,65.10780752584111
22.386389892188507,42.59735332620285,3.8058665321504805,39.24012327414484,98.365940755445,14.6578867397965,0,53.37123759772336
29.912048730920255,33.14078625949003,11.861013138618917,177.71090224156183,10.898330194357937,18.986261143736595,0,71.14501819068661
28.83226104106528,75.81495429358453,5.446701358873607,19.187913207151606,5.960024154425637,25.386441565901848,0,85.29152093285339
30.462256320040744,56.82220632910517,6.260566327831526,8.746039089672283,10.767105977519593,23.878325520703267,0,86.58858932022224
29.44584321953909,100.0,20.410927520504654,35.75798523293235,5.160185802691019,29.522854717072047,0,70.21439370661602
40.276500699554475,50.0846740155369,20.82190838128134,24.53653502537977,2.880098330895164,31.150239057861935,0,69.4500009430634
24.81130007874342,51.17823464856618,5.896152652970101,8.69251097266718,8.499221998886172,18.01698081052104,0,90.37506979240106
25.345015224990913,56.51910544571898,4.460715554774052,109.7095812858868,7.681013651750604,19.294104104862026,0,83.17950236740046
24.88429736787618,68.64701982707733,3.700454866778346,234.01576084387278,3.080855980376991,20.639449020746934,0,72.76207095764414
25.222614404198726,57.94694991822033,12.861271877759906,42.033912005411516,75.47031740667595,19.398871543221286,0,63.30750770651884
24.81306436346741,74.18498321003769,6.272871430333408,74.51096613359435,88.80177387605447,21.348007070237614,0,57.78986577409928
33.94508265553776,50.32117415017019,5.423840195604486,97.96337750391919,5.434701309698463,25.750388238508137,0,77.05459269081081
35.102521239949276,44.27612422304628,3.8538333947872627,60.362576343660955,6.679436426851433,25.517902352042785,0,81.53349333122561
25.14626853125262,38.02677890886339,3.991898262548381,2.25803052714171,6.938000701971437,16.164930432896483,0,89.71297656469922
23.838222134478855,31.646387480942046,9.545277725521496,8.577047746458764,7.74666423587688,14.014492925246433,0,82.80917433850406
30.35707778193202,57.22896470787415,2.5796387952472193,3.6817452653721965,19.039664194762352,23.853655601514113,0,86.21496794198055
25.238884778595143,60.48529531410167,16.37727912480367,0.49643668974316757,3.156227322019852,19.788747279154887,0,90.39276191334956
31.164659088777555,55.52844458775225,4.820724774674447,18.263907189366652,5.790578248573283,24.277840709129723,0,87.4162930805071
29.0146151042565,83.65108695780742,6.5554138130562585,24.908301489186186,14.473287258460026,26.722511962722123,0,79.32326591431672
20.42127942501384,83.42045314412202,2.535567894587389,13.789633769595047,12.547474308277643,18.36224077881651,0,90.71412240787902
35.737526006650306,59.97795518833247,7.3163183910356695,3.3393001396099997,7.876278050644961,29.14691812726048,0,79.66210758274879
36.97938836547761,38.091183302120555,5.682227070982312,37.736566530216336,12.55219989000497,25.677403249298624,0,80.68505830753762
24.93605654757807,56.49942337917421,7.09886932179972,15.96340637952029,7.844101398252137,18.928916030919194,0,90.63289828144286
26.061492200320078,56.002679091244076,23.983524577777317,79.49087167050195,9.695302441070016,19.849612150980974,0,76.60180129017593
29.429326953624525,55.14297556582913,8.517802939466801,0.40426095487398644,4.570236332107326,22.68284322497289,0,90.15299548661743
29.672283949935125,54.534216441526326,3.9128759968626077,92.42507948374708,4.696341880222331,22.794148228248737,0,83.04438441741344
31.29272136336415,55.198056564127896,4.1826460457627,154.7816957407263,8.960262005629756,24.333235239354526,0,72.94390054213764
38.05102269383175,59.2018757615336,11.894843046226145,62.96283642133712,8.628782457617765,31.07528461933749,0,68.26710708654106
27.11526386252975,55.46688351776665,20.88340099796507,66.14608820712195,23.916175711236644,20.696452747183116,0,73.92695298911838
24.00851377730773,68.12483762938388,9.258429340370764,135.57453935886232,10.445938486192722,19.75488003402193,0,77.9636719495637
21.103403859927365,70.40553073857292,12.819535208445318,11.727371787821182,2.193285084500557,17.360340363215848,0,87.72691073365215
24.345349800290403,51.34032369226265,12.03465228299539,260.7500155035279,7.657611746340438,17.638565723153086,0,61.81298364409899
27.834365135631014,84.0659798901055,22.994418916658628,74.24636751055486,11.690701626789657,25.637931769001533,0,68.72435559484968
36.97278931758894,50.29906547239079,1.5532163753866302,64.83561109540716,12.873464968537997,28.352902091125298,0,75.91932257656535
25.411943504819142,40.73299079276994,12.600987090988603,22.399629290929532,89.13348778550252,16.843848226014288,0,57.014153269266664
29.118939758194493,70.71167107047577,16.23206870369784,39.45840403792649,5.266950448942263,24.884060689090717,0,78.85638406107493
27.91788551963624,52.7388779837849,2.5320291961782635,53.05394630009433,12.44981154726358,20.960703457651377,0,87.83759840300317
33.94196636724042,69.81937206136082,3.6381141356690936,48.42433500867476,14.753139365632563,29.237344493633277,0,74.56477956897055
40.63466212936811,28.94497098349204,3.741077984694244,61.03639255203566,18.782466408376596,26.086192351969906,0,76.63571108836892
25.345656135398396,85.88683912224602,4.124595040213898,4.298690631109876,8.591558396054351,23.472547596293584,0,89.43515922365691
25.55280278740889,75.08440112060603,5.026009650583544,21.975539504068582,4.281643492304709,22.17292314467252,0,90.60284200985768
33.22080438534536,42.49285176255498,8.97176344544645,28.458061504979277,2.0593503700222797,23.586389731876736,0,86.60227740562298
31.40945744813156,42.818343142305714,14.769137817414732,15.097792855751246,6.7212436968043034,22.15480385234886,0,85.63303146159278
37.23353662868017,90.08398856146292,17.549993266118143,9.474999224453521,10.872578307728975,35.75826113899524,0,63.01591896675973
30.919640926629818,53.939301447530625,3.780066307203132,7.478827517894121,5.201963438940797,23.785904789694893,0,89.94923909708642
26.203539546064704,52.487227269010646,3.759318161900356,22.81556135545969,85.93832945385569,19.427825375159816,0,66.33441302829169
30.953274153461546,31.009218587760756,21.17153248542279,34.00579296876818,11.087103212181479,19.318650447905256,0,81.29592906154251
33.54351790291454,59.738326915976685,12.396264141857303,3.2523426569749256,7.425901688013126,27.133233534334867,0,80.30148279920051
32.10241090598682,61.58420577746371,7.895491287878262,146.3645326500756,2.839901843895606,26.155443459507424,0,71.23600195382697
30.53637015553649,75.73239645154229,10.790534778318722,72.4602858840317,4.459918030096165,26.990193648070676,0,75.38677420696607
33.33337344794577,44.01382357723287,7.214962354342303,65.62465110453739,1.1920878637267585,23.989319341532738,0,83.44871207883375
33.84647795222836,42.19569811639086,11.242123458727882,9.489097320579983,13.389816447996672,24.04095441483444,0,82.90532476699417
34.91079495518763,71.76443952164715,5.647125433148348,46.2919041582636,8.565412120311622,30.471135629933794,0,73.98540604926157
31.243549437948214,80.10095106840598,9.161811741953736,37.72187679480953,86.68680859410509,28.339104315435275,0,50.242647111687575
27.164409598415727,41.432714733231755,2.206843380130108,202.1887870021362,11.884075355203885,18.399709527424793,0,72.31590544912389
28.733568432166614,81.22271129449612,4.262145040302166,68.85122696528322,19.856753245006452,26.09396900048492,0,75.22393353425772
34.03254483254179,65.56312762230232,4.2990370620691,42.8730193188376,12.39538527748726,28.59545627248539,0,76.53820003585786
23.91532164506382,81.37708008611969,5.476619184464964,95.12762453643428,12.204405056972378,21.473478616035184,0,81.47057501108051
29.843366544364507,63.94669457723575,3.5211561809513254,8.42651104986814,14.490619162906295,24.49384066967207,0,85.82580341239398
26.033305938363196,27.16583123768074,4.821885814379068,0.7666744536502446,11.098008409067743,14.798169972994575,0,86.01030847058139
28.143724114674086,62.72048926525942,2.200025057520612,58.59679766745266,9.988282984252399,22.753398374808203,0,85.58078248086466
34.39225931303649,80.90215728006905,11.461119350906602,5.174305907348545,4.976553605625425,31.492822536414874,0,74.85392472731439
28.955495340099517,51.593809713744285,6.917048663012283,6.132887136991053,5.7169367822499435,21.67101279946286,0,91.51602216151714
28.232182740780743,59.18052546638822,1.8885964115356542,68.26202318757943,94.25762450456978,22.277263361244078,0,57.39439626541819
21.200719295100406,62.357997446735325,3.7891285990470456,15.772183828289736,10.292385342340697,16.400935328691876,0,87.69882519657175
31.731267830136105,21.50729180197277,9.672445200192529,49.527984098865254,11.79761580140161,17.50676839594933,0,82.538592983474
31.227420905705376,90.07021363156214,4.785461382307585,124.69147264863467,13.110324524951,29.83913590895676,0,66.00931000556393
38.8162736165273,51.47936480154238,4.231035795052802,19.024568091334114,4.120100981164454,30.189997854726887,0,79.32366151752836
26.461108825234994,72.58603148709199,6.961018907542672,12.240335478555911,12.634642655205326,22.673592198351642,0,87.0735211491105
29.095751638319694,63.699482957776866,9.726732552567858,5.633966298819713,6.369979483769994,23.772860618580737,0,86.790619671373
29.246918418553776,83.8642858453904,2.3417957143604777,6.989682925539752,5.28564582305154,26.97917384280417,0,85.89949114504235
35.887266398817374,71.09084183642122,11.474220059599753,3.2121386639689784,8.669479723768914,31.269426166149305,0,74.14771027998962
27.523522338065238,61.47613592718538,3.8952792635602886,4.586161864696091,3.511429876924808,21.998841502129473,0,93.42500530291443
29.395107628851697,51.5972736122108,7.283835846237209,28.282096959148785,72.36924349474079,22.052480097781817,0,66.3280710693802
31.039482548582697,76.96776052073209,7.182617618533953,19.346770784258492,7.6924343237254575,27.659440490485256,0,80.42070860200414
28.93304561578179,36.898380440680754,4.846937709397596,61.304243250494636,10.843612886729385,18.984315334360605,0,86.30804219288285
25.767831927247357,74.68835630413838,3.2578654242984273,102.10407340177422,3.003134769272494,22.32048819370402,0,83.6788827340265
28.97044996449154,48.51432872667691,5.8793767507729555,76.80314688663702,12.287003713958722,21.154743710668686,0,83.55221346529387
33.36815874929886,83.7842549293496,27.11980430788354,37.81896847705454,13.423124981559456,30.964347807478593,0,61.73730429328173
22.8674235029447,67.41949313994043,2.4859626668761963,5.40388331255418,100.81375969171434,18.603099031107106,0,62.51669231806236
28.66484837073438,74.66185651775163,28.612692562922202,61.853610432039716,0.6796758747214398,25.055361204322104,0,71.69869224394463
24.499395925304135,66.22983220737079,6.002782208321904,22.535839078569456,80.22296284025572,19.94267792647462,0,67.91805426427547
33.97523314462421,38.71434357288505,7.601131620716923,4.477113973813807,8.872566646989403,23.402174973380063,0,87.69093811652692
20.384065476081126,52.08906254906992,3.0976115627183813,92.4058277960059,3.789233246041949,14.31120350570178,0,79.41433894891225
25.205390763642058,75.08584006417074,3.9867823088010383,20.640842088649865,10.064819707358795,21.844287479083338,0,89.82115351565656
29.886059375322603,67.49983726039765,4.941516559663737,12.310939460795383,7.9493186911450895,25.097592359653632,0,86.00198633755979
35.827620146171704,82.71484857958508,3.2009384207464544,102.57267031112885,-1.0534976369527786,33.17380795943362,0,68.73271769834773
27.67124869463506,71.04911844555758,6.2517763170950795,116.20773693537913,1.6610826972626107,23.582510431493073,0,79.32587826825406
25.22400236653401,50.499471639460104,5.335524999437643,20.697866043879664,87.05412697218661,18.268534460351557,0,63.64721026235834
37.40578534720295,53.05903793419049,32.48001294832054,21.909856624382314,2.2500041075199615,29.289699267904435,0,66.88445759237152
20.75993049791878,66.54376085784855,2.907287894112764,43.330825023598706,10.561660341936024,16.54393285217711,0,85.5086193815374
17.00597021689959,30.28933900999842,8.021716395634487,66.10807620254712,8.592467192896155,8.59553993221627,0,69.40748834928706
30.20007225026666,90.10162828434477,9.009477019828557,3.261562152399452,10.472136121767651,28.831692829219275,0,78.43085399042765
25.489728878236946,71.62620104566336,3.1384955505613727,44.98934083871083,5.290986338375222,21.625268358703646,0,89.73025349000102
22.893835914346433,83.40551895573309,12.800215367401572,152.68932572662683,10.423988169565476,20.75603473344375,0,73.7222449202824
31.541782236496765,41.29094088786246,5.37274198370996,15.19693472137463,9.341498730700451,21.962170145509806,0,89.73684740750937
29.219003568855996,83.66847740532884,1.0061068499723447,119.74994133088614,7.61545036201339,26.923233214000792,0,74.59861916691956
25.179606846316357,98.47248366541623,12.52691700666507,149.95523846460136,15.832886027867001,25.020073170714888,0,65.93327921817934
21.59847800664553,45.18682466934024,3.023597334039309,15.677601024505625,8.100543956562081,14.386345381921007,0,85.79977798455727
32.36228664140072,76.5710269235565,3.195616551534734,70.16223364752084,9.99795407050865,28.85542610390399,0,74.77017784678834
31.251005889793305,65.01664917030939,12.811224059170325,13.641315607448396,9.086551166593397,25.953830864374847,0,80.27065972424326
27.504120681103085,41.83349227627633,5.597224299545507,66.89638799529256,5.600432976384316,18.749945915075184,0,86.76985693118266
37.23318498023833,72.39325957777805,15.397693422487155,79.83101334979557,10.858268849844482,32.75781227191902,0,61.561910595950174
22.649576168369236,77.50404807256022,19.45555972559496,14.198163370050024,10.293019697628596,19.744556438461768,0,85.03823189201397
20.372374145376305,55.9831017099673,4.410805084948612,62.91608963556653,13.212372232863093,14.818655112160187,0,79.3268470845883
24.540459650593778,82.48874780382835,13.93787558645068,83.59347642986832,15.817474998486906,22.22702040688609,0,76.0586922872964
27.77206991822251,39.998548898162035,4.037522894050221,22.203452599475256,1.9116809768347185,18.637605271181346,0,93.08007420752115
29.21669724661346,42.57865780325534,44.10145317419653,9.178283077956163,6.048343091507661,20.296769638686353,0,74.5701762832407
26.79381971071835,67.04896093383128,4.244544012209055,4.82359391820719,11.27267150518474,22.174375615261102,0,90.37624801078819
29.760276982571483,65.38077916958407,16.79145209017161,42.828231987784534,96.06853624472569,24.646584655746523,0,48.32872835760739
21.74230287904778,54.25139767363842,14.512814542707787,191.0591384925992,61.51998865595656,15.791106395062084,0,46.81767558666046
35.2188230203663,77.14391653957829,9.515007202277635,86.56624539751886,11.830279577303957,31.66670853588234,0,65.1423825295178
27.589244108037157,72.96341471323925,4.3213397040873,28.620836988371757,7.340621035488655,23.788910811395077,0,86.84700655353035
33.58647915794064,77.87208606401023,6.5461821801232265,38.460488779319455,15.177825338887049,30.230137243769494,0,72.47637905338985
29.71362673188852,63.15295346971599,1.319337226866021,16.392428357659274,12.24954444415614,24.248409672565103,0,87.24529256056803
30.283766095768918,74.03870401967511,8.842202796263651,8.900495308259224,16.1319497196096,26.48949207886228,0,79.57729437954563
30.84883640116102,58.31524545455008,9.773672243932678,32.89683625608599,5.519576510599755,24.47489101889184,0,83.27128488722072
30.238542800086574,95.80728035129894,8.221885277371358,31.134581807309285,13.73009797367935,29.709009604772444,0,73.63538544886495
31.21361379933772,52.81181344817021,0.6847887126171832,36.899900748770015,91.01780603298667,23.844369924083626,0,59.86179200502674
34.64576265066216,96.57946144187468,2.684490209774306,152.67292714442866,-0.39848517573003406,34.22834333062063,0,62.18077557664904
28.98260584850735,65.52331920634113,4.061397855421307,46.30383545498352,17.683279143699888,23.955772946601584,0,81.51083172565532
31.54501878794256,44.367336656468865,9.330859628285111,46.54127212139294,21.72652281735914,22.56817238850746,0,79.5860101185039
27.551321528563868,85.52119025732901,9.3135574088095,6.849712662642306,8.593785468316646,25.57114694213762,0,83.43693446001905
35.200586077247365,66.88852082592439,6.448328606311386,282.5908133559658,15.923478989405016,29.900085708698537,0,48.35879946839825
24.61803848970365,77.76686147570356,12.282757250106787,74.10612148189848,7.095414114029408,21.65714711870281,0,81.59715051069274
37.004702164554075,83.3578387781389,3.251141286445171,104.86127478378818,14.201817997773894,34.419915541936774,0,61.52448923290214
27.799210246778284,70.06933331217537,12.039440931661607,26.74741345149425,5.441010591696614,23.555893402540946,0,84.15802788797615
20.84612448940976,56.11638732780778,10.802673868154809,34.870622774870036,4.748079463250968,15.255161477608663,0,82.41164985043159
28.640522074553946,79.63570066503875,9.994588397563357,36.915994741938896,6.4280672014799,25.77086570261294,0,80.51211870594506
24.594741712625595,65.01133261181893,6.387657770653984,10.789441887950598,92.71394434890315,19.857624789537702,0,64.60901599388345
32.20321774494362,75.28786727912629,31.963513842533832,58.476822747789434,5.531273589411734,28.500156868543957,0,63.57656763800096
24.736880103488044,32.69404139312808,10.963335298610195,116.64021832792835,11.604929846357079,14.89519746464443,0,71.32879676608302
25.769082833926102,71.70472575514778,3.405294101854857,8.938741780902134,19.10483612633115,21.898070688859743,0,88.18809402891569
18.552296345272346,55.42121262282455,9.012787304853525,4.513649430759287,14.123297814246264,13.139821345506544,0,80.04420748467504
25.738468403754617,89.79964455767796,13.490513053877718,67.01233208948692,7.396554522404278,24.394546609020356,0,77.49617217644716
15.880603366855217,74.34631021833643,4.6159288756263,15.955323132588472,16.28838488926602,12.934270035846453,0,80.06844667294234
20.080485882571384,68.59786618773946,17.662041655845545,48.89003107978239,8.654445987348495,16.1782522173711,0,77.66253906103947
31.802073280721487,72.29464990025332,10.030465027647473,59.49664762794102,7.216327438376153,27.643717348032506,0,75.16408422187469
31.92900079325416,50.02338720684923,1.1343018254132884,19.423819128328038,14.92338347412273,23.959553804642212,0,86.57667530945632
30.127287808924823,89.34885035792081,9.390866630414553,84.40906836126581,8.481559051615811,28.648782842947004,0,71.06329923370703
23.165119284353935,94.87055627625357,5.339738471882266,39.92416061634377,8.697557335933235,22.526165617498005,0,86.64928049753307
27.7614432192901,70.89370265822325,11.355972893517725,101.62767181696555,13.469916201635186,23.64367530883947,0,74.20376134107366
27.981987304547157,88.85605352860458,15.726888208050989,72.04672619804792,80.65549800351553,26.468603417496265,0,48.34381214875348
22.208176554037287,56.462777019912,8.63764207612084,101.46618706997492,10.450552146155431,16.507645209605013,0,76.81251068729779
35.51699150883575,53.04329650662529,27.99992375555928,1.0183698254272004,16.43025051931713,27.639024704297118,0,68.96291391012625
32.386811452878355,65.61387123093384,6.404715348913661,13.953051085736657,8.371701597031995,27.093938192018268,0,81.97086272993144
26.89517913085168,71.52411557551848,12.180718594442183,4.715970263703937,12.523906804575354,22.926513033781124,0,84.87363852421171
28.134429194972654,59.09019978135319,14.068722330129866,29.177255199705993,13.944473153922434,22.175405455027136,0,82.13664741444961
29.04191403973776,73.06652285552725,6.835456283671546,110.34562240591441,7.208612018959734,25.170647401470358,0,75.38886784238068
17.791325657878545,69.59584223110122,13.777260543715988,31.51239970739815,13.934300343675785,14.174485944172154,0,76.57709189243516
26.764113087397014,50.02539837063418,4.591751814860883,94.76043881392098,7.038778111879933,19.518962074551283,0,85.16026395237773
24.590078760011007,72.78189526177582,5.269551553831959,19.81374127265479,9.34202958918337,20.943289078687773,0,90.85490661472576
22.991899950525422,77.95292363782282,2.585733054226994,20.743212559659042,2.3889734753707295,20.130471056003262,0,95.64078114112546
26.594498535570224,67.57203976385587,8.963199883589413,112.95795514764637,15.934465387979486,22.06758357772043,0,75.80974071420019
36.988432634247616,82.28972154892539,9.585018826740027,27.740368665395863,9.45315466794771,34.225095327229184,0,67.94475917326406
31.20421430633505,46.73894309754572,18.9804694510824,77.97658232753332,13.947493798250212,22.73200046747298,0,73.96494174107926
25.144105051086015,72.01925633197777,13.914229248719586,13.501509247149762,3.0671997060950087,21.35689795057407,0,88.63498762303246
30.862913906780793,47.44578940404838,5.883569024216065,148.60159758546445,12.172892504827091,22.57396407223013,0,74.27947878605796
34.99677718293001,48.28877962650368,2.8790381139010965,42.73371205089761,15.536552669696711,26.252017653272393,0,79.7302323681522
32.62316841456384,55.53603749393315,10.446639231209279,71.21509279032803,7.958316596771581,25.56562739117357,0,76.65395781967834
28.29815184960087,50.869097246386325,17.968182195287053,4.688931150539383,3.871041296091363,20.980135911524027,0,87.78646482131937
24.76531611147213,56.78006271888293,13.519701325250223,33.9291109065425,6.6684139172768715,18.81923566576979,0,85.85328710628303
31.491116568067948,61.78774533933217,17.59442375756687,115.65121852378857,11.476148705527164,25.63692277221083,0,67.35689920867907
29.967426927108747,77.55731729497077,6.23693187672345,104.7942515099334,85.15983766722198,26.728704097999227,0,47.92244020790544
32.47596610013866,60.18261441941446,5.087084239478603,2.3972588184069252,5.489009565135285,26.251909635416723,0,86.00919769024983
31.175859008409848,41.21561439845611,4.097917501524816,18.098623922817055,14.661876208235935,21.64737529267165,0,88.78282384853644
33.247763576596675,82.10101769742741,7.0659171712236235,29.28823610346359,11.235428278437027,30.581635759011807,0,73.92062140604511
25.32382394219716,52.443647995774406,6.9387896911700775,9.4530999926353,9.566529232073112,18.65572678092765,0,90.38004224918521
34.58697032817163,64.11919359343057,8.71758371685262,65.4663532205313,5.4600412891093955,28.851243731167497,0,73.99769345973286
28.987998023461998,71.69804760411067,6.662948034074369,10.198428326552325,1.507865453813249,24.912189346974206,0,87.77777731190852
38.37630436312632,67.99415627604174,6.639906062793276,21.281326607506237,3.3226735327594064,33.031584584055054,0,73.89697958751702
24.55406090955216,81.41269321282213,3.969518321028398,54.42527229394377,5.983435707964418,22.09385958465833,0,87.43744566378246
36.67981901582625,72.18504715089138,15.694262674809194,32.89762656879948,15.013607075886569,32.20200592392332,0,65.55556142786828
28.989553917313238,52.08035630454338,7.855504135053444,67.07963453212903,10.736594295156976,21.783010649996747,0,83.11090373921293
24.74290998192776,97.67843260987493,6.426595022955441,162.47693464273632,6.028590764324826,24.475083293607764,0,71.81685382906207
25.58057082972839,67.9150019500735,4.063548462360074,6.195841633265583,21.048143260954312,21.180050470718616,0,88.56251814576405
26.3982634590284,62.78989660067741,2.5458625491215923,61.81924163910971,9.860080036646025,21.17880092987735,0,87.49024982116353
30.120829732009582,79.45888134583356,21.038863158930294,13.090590970755619,7.082532032651181,27.163802050842634,0,75.06496223631162
30.6141774401775,68.74176418895108,11.515695909703485,26.76246742489368,10.109866479816082,25.968259204723225,0,79.24356100230203
25.131499980307105,70.98842289408991,2.015496820287112,1.6707417378620792,12.598666529975008,21.199970794056984,0,92.8256657149931
27.878227038695087,100.0,13.606040391441875,7.303765975135991,4.582269037757406,27.944156168469778,0,79.022945941475
38.71135179305932,60.8731785761743,15.455809254296549,19.266750916455855,12.497503984844519,31.993104702909708,0,68.18992856522674
36.637715850503554,60.23358658973906,8.16209517647081,20.926438768942095,8.870083983238757,30.003715969906967,0,75.86403991893035
30.18161834837016,66.74867768018696,26.53563950973846,114.9222918085363,6.686783030859862,25.251304080962505,0,65.13406726588009
28.190017390841,81.07273903371558,8.787899458613323,67.7035399489366,8.867044407363855,25.548541839582555,0,77.55720204730457
28.600156633591308,42.40198954714401,2.378669214293887,179.10533953698416,16.461468734423537,19.755306241283947,0,75.04593455627271
31.06758986365208,35.51666162785242,9.896045182750006,45.6986098795662,6.234395247836691,20.394112800458583,0,87.81281547070161
22.886037174007974,56.193270940697786,8.988247056974759,13.834715124375377,20.632209137631925,17.069912970776603,0,82.84987136936269
26.713117312883274,40.491155614110696,4.560181936006755,19.849186092313854,8.972853352533976,17.86394228430547,0,89.53995273171212
19.657079630612053,58.62752978711542,11.691324482096523,19.271061032052067,16.34390294206921,14.52635615211615,0,78.56879823656436
29.996115613026397,72.53749544193936,1.9461786573902273,19.76294304946923,14.210344301889506,25.986522002719614,0,83.33405192831538
31.235979698513706,51.63876704671605,16.321013706147717,55.8842775868606,-1.0296758995718918,23.65483110042986,0,81.11204403745259
25.58406768850313,43.597601348279866,3.6601445351644544,37.83715296919855,14.426183068249893,17.466151599906297,0,85.77671214594073
35.869933816450164,66.04005742573023,3.36034316065154,24.341148480414738,15.559266843983123,30.366361267555657,0,75.14974938897157
21.871171684988294,77.93815226922756,6.745935545749135,8.072432107026229,9.812305993138791,19.058787656701867,0,91.13720183709601
20.6781255989509,39.575398422250814,10.44766326535043,1.119395623443139,4.255758659166615,12.807865573089824,0,82.457440944893
29.12225909279986,77.30348597458976,8.42445891868674,12.348423555905077,14.504578808926546,25.884904312728043,0,80.89071211299854
33.23549151306077,77.25959305607489,4.079084872826365,5.6848362735199585,75.11628937585898,29.79664439866232,0,57.65824421295502
36.419638457289345,79.31127653234942,4.928962733565172,76.95946535107849,5.317508433086193,33.176895120688954,0,68.3017266060474
25.7055786856553,83.2772032230753,2.98489963181903,5.967222829021829,4.724312265338188,23.46253820793697,0,91.14224983417012
33.393404167156476,98.03020886989424,6.173439133729029,64.40908510689893,8.45073887654751,33.19805280938934,0,67.85837974951241
27.807457652496463,59.65861927071417,17.46182328929773,24.36023127177245,2.352961383841845,21.971913856353922,0,85.0908739823624
27.136863500295902,66.64357370116787,7.3638997509719655,3.8104992086655263,0.6909037023913953,22.43025292994522,0,92.06131957459917
32.41829968743336,58.75342350127961,14.695354211618469,83.76020585843344,5.219159698746653,25.952084476885684,0,73.60845569343668
31.2616143920671,65.02965267133716,23.672666496508434,43.331067982334744,9.61503167930831,25.965678271769427,0,71.67703198608874
20.118039215078753,87.99310033454468,4.616261529494803,13.443769129420655,4.092793692113451,18.63673626939249,0,92.93833216236145
35.38270174862948,44.82478274103997,6.364536425584744,112.53815472777309,91.94545551958183,25.867125050483068,0,46.11474356551177
34.90045677073726,52.08425491751637,41.969966906856776,2.315723040879768,7.975406546482502,26.9166031321426,0,65.75007069544223
24.872186492452354,85.65771404756842,23.464173585174315,11.271032609443182,5.047868189802921,22.979701831279012,0,80.9886344696157
29.979017667187044,80.30054760353134,1.9388138709247915,69.72578878730508,2.0304373665799638,27.154862433743098,0,80.6489080796658
30.470150931413695,59.55302529774383,10.071590643025463,61.786579273903165,11.532281603247844,24.343696846288513,0,78.4259076139149
29.303368829119535,77.8160300168108,7.392367092378046,17.073252560824763,10.58116358646284,26.134386679884553,0,81.86785664908072
25.2484742307729,70.1182376373805,14.31291803662449,3.201592494671457,9.329756167489045,21.186143609486088,0,87.63424759549513
24.641883160309742,87.50411913501482,4.0715224099515135,97.62390884898754,5.1263240904378975,23.005084557974026,0,81.98544637635182
27.872229645042772,66.11764390740159,3.774671286053408,18.821849376586417,14.75776039039543,23.027635227573583,0,86.76977311448914
33.86364509629682,80.38448170808874,4.3022727421934235,10.889981211092964,11.853527835577918,30.90083418209588,0,76.45743828945753
30.71800077297216,100.0,4.676066022927477,36.28990562873652,10.380512082342937,30.804004204305276,0,74.36679942509038
26.14692833956947,73.97148732571199,14.1860534907874,120.52366184429957,4.315546538004255,22.576653096509023,0,75.55111191274472
31.858493553241722,65.73992248692265,2.872087339695011,2.22615937061643,14.33789738753136,26.629954013818697,0,83.61711024318569
13.757286896849623,75.8367047783147,4.4902522475552855,72.57986416346381,21.84196734117686,11.088554763563675,0,69.8490638248292
33.74382850186052,59.52078712694173,1.7661288969503026,42.48691839306964,10.431665093935813,27.27429809038786,0,80.4795748786575
19.301431106109504,100.0,16.53855395669753,27.708330782234363,15.822323462561062,19.306681949570905,0,82.64580504693046
26.18779529298434,67.70106556543972,20.426316204873306,68.14460593350304,11.768397977528522,21.710605616752396,0,76.4836735532416
22.401650526869282,60.906000196617306,5.68790081811681,168.8122027505431,6.143853527744913,17.29195226793456,0,74.16480654187416
21.526592621395473,52.464664924699456,5.821980571005333,13.016720027371075,10.520027115742847,15.355508571055598,0,85.313924863096
33.8041339368926,81.45830287409657,10.618285072332,7.753651548990338,15.10698841920199,31.015981235451154,0,72.35585764935757
25.661493993440544,78.00781119241609,24.03679078372977,122.02444164790936,3.4589040105181468,22.686351232685727,0,70.59666559080954
29.73251940865358,57.539684428788604,10.246012423632159,55.27475768521716,-1.468310111853306,23.35033220522933,0,84.81345641576931
27.76539710560408,73.64677017683634,4.229003753364162,28.81142783661123,7.979230471463387,24.05552630665979,0,86.26132238917931
30.385204136115608,42.37166047680715,2.0237291886738147,42.57896717429508,7.031502865063715,21.22233837047813,0,90.55289684416182
28.384109455301278,67.77455862609735,3.0279898692192018,68.44510538608316,16.21475101521031,23.75211503087172,0,80.6084049754044
21.58503887905715,71.79134528115041,7.8348016551135915,74.14728971538408,7.3276516207913955,17.990142382324567,0,83.21053323412785
32.9813340972357,90.60994714338834,4.3742627067631625,126.22033892974387,8.078899773270143,31.650217455679847,0,65.02254197903422
25.531217084193436,53.43771795906966,8.636299261066425,27.82976174847332,9.694021294460482,18.989488030790074,0,88.15176580931774
20.217090506701247,45.824710567965134,4.747702358461163,17.365299216980148,8.967459706500584,13.316421137638926,0,82.87509737002961
25.859424195170437,51.56858058612438,3.1692116146814,51.03595449377584,15.312860028666812,18.9846431529898,0,86.68447679654415
35.503798953171554,44.9514724952762,2.8816835658769184,26.869423938622962,4.896298948958507,25.995091340141414,0,85.24747916333429
32.251108710567465,85.04986036638475,25.78733828970457,45.143861566406976,10.718687189104285,30.076882638222582,0,63.903725011471714
26.256739327960705,88.22958942536056,15.047173998046414,27.23513451603298,15.582821345568991,24.68693510411639,0,77.52822311134258
26.253711478407855,69.80324866923243,29.50071090300517,8.302480496826083,12.979159322552736,22.07731259049122,0,76.97704117222706
26.391824743913087,83.31942418527723,11.381175522599053,31.689862815051946,10.485203136222445,24.133140108776008,0,81.44564808195712
38.383739917804206,67.00937570870353,5.2383516231459994,58.707404451575215,6.702865563918428,32.856706447141775,0,69.99073555125068
29.909677261157768,63.57332528448851,21.299268682945826,80.29316735749936,6.6888096066718825,24.494368845114796,0,72.349892452881
30.150208235955347,60.004435714193576,7.196145956669465,33.994401326583656,78.96113949946945,24.131220867719108,0,60.485275754271754
33.151417270159214,60.34413512933652,8.816927173003988,9.030424658906314,13.901977972925923,26.88757810092687,0,79.72313413857509
29.193945795132567,41.782976655364536,7.14019792631426,26.78048722637764,8.345882386378978,20.130052838576564,0,90.7748122608806
26.704789270896484,68.96382145411009,0.6994063498294244,77.15768536676299,13.088446941316702,22.374248152090573,0,84.01034041316757
27.01825075457511,64.39499134678934,26.67663289736363,26.624537223787918,8.74110462928691,21.984305161354005,0,78.10907054381275
27.641993702929682,76.18041086116814,10.944129094937868,59.62375676292865,6.736318572182438,24.31078334402556,0,79.85394523613905
27.813888817450792,66.40285244657915,9.620136451213105,35.38398151468523,6.361203492542787,23.01730716504515,0,85.00517171117627
31.6381477181849,62.559444476463625,7.032759425282705,13.802375864051712,9.218274132504071,25.89953161222741,0,83.18132723844434
28.259729429036497,51.93210454988554,8.421115118055145,79.51866709308123,19.109476579630105,21.124585000659867,0,79.78087270413113
31.663200386077897,66.08229855232642,4.582189090632163,4.398598496240308,82.80378159268396,26.50699956893477,0,59.90728572076308
27.59641709945709,76.07355846224243,12.100702174214891,37.21047589733751,6.26287877004782,24.251903426086056,0,81.7631199273471
28.393175951580453,47.84991513374209,2.5969075271512203,11.715978187027035,9.062480581356136,20.54785109466923,0,93.6873449152658
18.00899657733946,66.31210630521109,8.575032181387408,3.4710211012566057,10.271678297326963,13.983208753061412,0,82.9163021629971
32.581638373512405,68.49564427294226,11.579760346413265,34.95161691726462,11.244673059305583,27.752724239785135,0,75.33764742228735
29.732442379489964,54.229028245726035,6.303245710923842,34.613593781047776,17.874671568945292,22.795290361014786,0,83.23585836859603
32.99005054929826,56.18215542637999,9.941264580718913,61.362225380580746,9.741872879454153,26.005585437296435,0,76.63747605581976
13.518723109031553,68.45916273149322,3.3432135535643126,68.27572685648529,13.267186853360332,10.0791803206562,0,72.19719540076684
38.44187352390364,47.99868472561066,3.412136324590066,65.05934603374963,5.386257182178152,29.125705528712313,0,76.30401988053549
27.302051859224132,70.24885572874089,8.929618714399208,26.344255565866447,20.366283533414453,23.11922053886558,0,81.43317310011057
33.54091408368758,51.569684395112,12.715728906013378,49.941486320970405,12.171457306578654,25.63916307943387,0,76.13208986021925
22.800470364372345,80.94280539549824,1.6488984775282072,43.01268291497555,18.730387591470976,20.34199773855566,0,88.11782333141453
31.06386952531285,100.0,11.219086818856713,27.371174509680724,81.07960131302877,31.152317392820184,0,47.8983292793637
22.73292218413172,52.08864797447271,4.7847740327250685,45.46733167476449,9.496991624219065,16.350999379347666,0,84.42171501044282
24.881155196520975,73.01311793562012,6.332880134035424,147.10756277110357,6.233837616676902,21.24911969381467,0,78.1711782429243
37.570156769333934,54.09887142676971,2.530420921784578,10.714997553952523,9.394403009386766,29.642588778811625,0,80.06793894569944
27.046587996183266,80.61431260696685,3.7385812997734686,118.1019459090815,89.09808799649595,24.382120192618057,0,50.04797180477938
29.087164365898616,46.021123863721776,16.00498538748045,2.746865444561861,8.548483656324047,20.814401703334255,0,87.6517236546942
32.35033865344377,72.20880137641569,7.5858957381063705,18.43659639932277,14.152525943167458,28.14433690110899,0,77.42937849162857
30.47840943986302,51.905165496659706,5.439990304647529,16.99406946200274,10.29586732780248,23.045163462235696,0,87.58089693218825
28.752094525717883,61.89523116352447,6.731576177168186,49.22380913326852,11.472963104716861,23.17555449561329,0,83.12417821976351
29.824805012331126,49.5346208727904,10.928449771891604,7.033552501610552,10.168008536767779,22.064369967745176,0,87.34652873335278
40.01707792619138,77.3352570634363,10.51071903515448,107.00104325800814,11.772951393023414,36.270408410983734,0,55.71460640913854
27.711906014832074,52.445294683406196,6.9586006610306885,88.17359075630739,7.896903287719892,20.733305226879903,0,83.97108165762742
29.005495233574837,73.27946388997742,17.714212592834315,52.7870977061493,9.217476756995723,25.16863219700339,0,75.03874338513091
33.25327198003806,59.83852957606501,16.06061673200937,30.662654823489426,9.137378133366267,26.890352084861554,0,75.52210531323195
33.52762966478992,63.282914423017054,10.28511416618442,135.12033936453864,1.3485226005212407,27.739816395003363,0,69.2861768544418
33.9351515278019,67.21633861100193,7.719035541139284,88.81790056203468,3.993935905533686,28.789614933402195,0,72.74295780461237
31.19365111014592,53.57262992511727,12.501603000117786,34.588920695552666,90.79044897937837,23.961390167617715,0,54.084738185833146
22.284975436347583,68.1555067031133,9.501160389790174,60.51184488523277,88.19500766415518,18.163400683433895,0,57.04500045368075
36.16715766150548,87.95501846531616,17.264287429502584,41.8427895403225,11.007461615666372,34.36227634244476,0,61.97100894566053
22.26827303490656,53.328578212509285,15.174996425454573,44.32958706863537,7.871150636123198,16.12273195800753,0,79.53992413871273
29.513177326195166,82.57715214910768,3.2719851455637543,20.096772442356635,18.669415691893043,27.046525060877336,0,79.56140402770211
24.22862074990321,87.47146450231676,3.099464837136907,31.00269944268652,10.2569598448742,22.596098362559484,0,88.0368634783656
27.679308267035037,52.75767516457934,4.216478767632343,4.067088388787308,19.09818285805784,20.755956095810564,0,89.98505668090331
29.6438120515174,43.17418092364172,16.133711293345396,22.107649529183128,104.10435632133414,20.760758877361017,0,53.879788977256084
29.606786077251364,69.52941350257647,2.0937418050612933,59.50818212068981,16.693389871165273,25.15632119067651,0,79.70336580899718
30.109603771176424,56.788887158496905,10.133085997314154,153.1107333459776,71.19651646266063,23.559948338543013,0,50.550289004710436
36.06855634529323,93.02904828744504,9.875278104526918,164.9285823356025,1.676670074872435,35.084341467442954,0,55.384100488054386
30.2676715075699,65.52211310749749,18.7298488587429,40.565337131225355,14.71381862576155,25.13450350595757,0,73.97218038998247
26.779216823546758,52.96700887947231,8.535815953290397,46.649246871862,5.434754080016341,20.005219013261378,0,89.24775412293775
32.820435841441785,47.792607334824325,2.522959172826334,10.272622383647462,3.440192273169391,24.30192850638056,0,90.11163465792812
33.947352444623206,81.34857438636246,3.4298482954964773,59.42271017157999,14.52074797425791,31.13640241597707,0,70.79795188637553
21.86196092431504,56.4322403887372,2.8702627683066964,3.6639661536858283,11.789272005523276,16.196843057144335,0,88.56397925102014
30.98700034924929,65.65743199190642,4.804941304934965,16.751661630176375,7.79604151994043,25.81642210963079,0,84.59904951342189
31.50586371155449,79.33704117668721,6.383258770705245,55.185766445723964,19.067319286492754,28.472571139593843,0,72.22516416518664
26.51218248320004,57.73612472103755,2.9085270336281748,18.575662421800548,9.313057002916121,20.515665746621767,0,92.81031928676784
34.878534066558096,64.31106756889758,23.96344615762501,2.5566061116900127,9.546266213304387,29.15128930690182,0,70.85359361189764
27.249722064837368,64.7514738526622,2.5594052376042318,89.15101120115636,2.9387068629109976,22.24966668580138,0,85.45112727807651
28.627882267357712,75.24986767274137,21.69068138581111,18.577103350424938,4.825974182773112,25.108283265932712,0,78.0258660122285
27.13464087858065,73.86116503265488,19.070267087501833,3.259215139612801,75.26642580565903,23.49233816220488,0,59.81162909709414
28.077895237907338,61.698294031177575,15.159721961130646,3.8866278170276956,6.952127801134358,22.534546398734623,0,85.91228070591852
22.518624565523993,65.95473592244777,4.241795785958272,14.501494573741894,13.19258289624182,18.083848924658444,0,89.15719840455374
20.79974558702853,59.42331482714767,9.717814070761861,9.80171423134776,15.90948226385968,15.652494217781861,0,82.3365021135372
35.97252531612486,42.83581389620833,2.65940680732552,74.42745585013031,14.402355527141967,25.932769062285928,0,77.52761224218133
23.76519325840836,68.86401286097194,15.313359663624363,19.407104586197725,97.00629660979723,19.631493879098777,0,57.51441832495047
23.043038252718464,93.38287641249602,6.964404988327657,81.65984296775436,17.37346992672841,22.210011912966397,0,79.24563869736834
17.233049431981428,51.744212889634056,5.3256982423893735,9.548703976308959,13.944321079260625,11.532820498539795,0,79.0334042025639
24.805191261552487,53.404554355959455,2.7759807902309293,33.95029995671092,6.799501741415465,18.350035812012262,0,90.47553274676001
21.38455103296251,51.93908342534388,1.0181579925927662,58.24355580271623,10.069178616111973,15.15933825062725,0,83.04917992733554
36.21007580068185,75.86887668084684,3.2193108482619888,52.77632587791792,92.56311290689408,32.39411175086701,0,43.667173392812
33.04908544671317,71.7272818129466,17.997602534371328,45.95591251826473,9.666145911446272,28.720874010892704,0,70.10224782750005
24.559248274111383,62.62193461375315,5.3534074098980415,129.39456745081614,2.0127289083543873,19.48437514883153,0,82.93949263709854
39.26217902672154,51.22971407541553,6.452946926579292,12.972560178557796,4.329361687607837,30.523016826894573,0,78.24862471597677
32.90882743495797,66.38565187459886,12.48394584729976,34.03319158596811,10.512143320390043,27.703061286712686,0,75.29606821422092
26.37584308245689,41.53066808996294,31.328715418916495,107.7050433212148,14.538627598543496,17.769810341716276,0,65.37364427148019
15.502971425632134,67.15139850286239,21.327636585070138,4.054742018291325,6.241282176564059,11.771720962438923,0,74.50786155710617
39.45471286295371,78.07286579131902,3.3944169110823386,2.875537996960675,-0.6746094538050578,35.86577872107131,0,74.44143948109082
21.05213766618202,46.232012950494834,1.5619632800493093,13.283133603185012,6.579782774799525,14.076749849873924,0,86.81256884953456
19.773006265215542,42.012225847555044,48.79810144467632,50.12256257519133,8.418617284045412,12.417419636613182,0,56.40861671371401
33.1128521600482,88.69156837542289,45.38552807338525,15.047121952651827,96.15124315494968,31.48304503474341,0,26.527541830943846
40.19876203169636,55.82360540743123,8.591410088178561,10.550861401396858,15.524349773493547,32.30733542305808,0,71.01342242335274
34.921364092552594,82.03921768915733,2.674090716600477,30.698533044404996,10.082204643096908,32.1875010229723,0,73.95111492176851
30.819545600261797,62.690035022032525,15.967912296736074,47.54385893237473,9.223135058910007,25.17815949472164,0,76.42004036334203
30.97377170832643,62.57067774588009,6.77753218506319,14.288043092415412,20.790095054285977,25.298471289900228,0,80.30469097861453
32.267077793901535,71.57619049244968,6.750490045041937,17.883142067704057,80.9751631717612,27.96385282273265,0,55.898940479355915
31.794642948933827,51.74001714880339,15.113177939939579,47.53884316893144,5.206481354282081,24.1572987240391,0,79.71808484231772
29.405957119846878,66.98745715243469,9.655230579776646,145.69694448915104,8.82738536959507,24.574014640062106,0,70.7992065112384
28.52100551975938,59.27765877763861,2.86150603296697,56.156786372064985,6.837779039680107,22.551453331148302,0,86.8471286696942
27.687034360502388,45.19259834892453,5.698519771668247,76.3708144172167,18.721556262116366,19.492081709717457,0,82.5112624829816
24.23017705566662,70.06223112089599,12.539985048871667,22.849244677312416,2.5641109272498355,20.229413295182663,0,90.24625942264231
26.59662461566613,61.05038289683126,11.113957800958811,15.890184329845159,13.595916904746437,21.096765732248965,0,86.67688176658048
19.535215929023074,62.64462757332938,9.112191657826983,30.281339783747907,20.251983255557548,14.926757356003481,0,78.05524514153109
27.50830186602625,46.84758584878763,15.591694421240204,82.28767793420437,1.36581925989924,19.625635841527803,0,82.95856567161809
23.057044464245415,88.87100551644207,5.532425957958726,30.467849799695358,21.034024660272348,21.632853912370713,0,84.72637961907091
22.482053413921143,78.15071279579175,8.52442711372345,93.77621261862039,11.582178417132262,19.669770378506136,0,82.00409460999136
28.899470755767393,79.46233826257968,0.49635529896376246,224.46714505664937,13.97339161522562,25.993530815257657,0,63.65701441689149
34.960011431723,60.41832946337477,5.156612362141752,3.7376140615995466,6.880428990775435,28.528368004622468,0,81.961904075577
32.59158303001156,39.0622566574487,13.614321999886295,2.323675678286259,77.68787010463632,22.35997296223018,0,63.52455528733752
20.147496981884114,94.29376073734267,5.406946016275493,8.101817175312991,11.308536417381697,19.448688983842004,0,91.88986661096672
23.051859317148313,64.08353737991197,5.088678075053571,24.2554309269918,10.313280724678984,18.317443113891763,0,89.06852229905202
32.70385593994108,53.7680030596992,3.2118196271606547,7.023036349275616,15.005324212853816,25.317436522936912,0,84.71385702946881
23.087563032308452,71.2520236172467,16.488987175924084,102.26726512710174,3.1118717196821972,19.3253294898797,0,79.47948356091993
26.876834250014877,82.50681182004946,11.458944669070346,1.170916606671203,7.955422325400068,24.487804263498457,0,84.76992216775
30.75026049512276,64.654241658718,14.301031653406072,18.974718048809116,69.11915884955626,25.43639085161425,0,59.757706474475924
23.158277725681824,84.17862751909061,1.8571235838653006,10.209627409101191,8.21306167668384,21.11434416569919,0,93.64127199304717
28.5268775307298,81.24499907775302,6.498945710669606,134.0747930746135,3.548158087101802,25.898137362979654,0,73.3131224303671
21.329872525408977,48.85428218896912,5.905659886078221,55.35455737421241,7.419759219491108,14.68231953801537,0,81.06194055339901
24.99316178024393,54.89314841510785,5.903483702561413,121.53811734678952,17.928872840231694,18.739063562186082,0,77.02675081057556
29.598909670712686,79.36305744919652,4.51397420992281,179.36799382990677,9.430898369082083,26.649113382603595,0,66.6889106484485
20.035031332341653,24.31081154284343,5.601960258085644,34.368022171045666,4.237777659455661,9.898668681945178,0,77.1976281236185
30.202373689801995,62.75816460252517,14.580949182841888,13.349489309017596,90.66786390588204,24.6288726186996,0,54.20864624766722
27.901811005366593,43.53753197562992,1.5995445257641512,10.766754976207427,15.173340508764678,19.3813499170853,0,92.1377969455369
30.762449772085738,57.85169297849713,30.625586338371704,12.610525447583202,9.291704011488966,24.319441705423017,0,73.84975705742498
29.119570670323306,60.51769866456194,10.881595762509178,61.651770959550475,11.22120526430286,23.28770190259766,0,79.72207041412625
34.82070214986922,59.62633433138738,7.143011623806174,2.064320123453039,13.548005107007398,28.259286007921265,0,79.3171314615339
28.626122513239537,56.71608121831087,15.263545176094116,2.636351507556916,4.538318510244947,22.232550784610225,0,87.2429932475336
25.852972294373735,48.54284525556779,2.3129695162855706,46.8429077314436,7.073965515481993,18.498996596628295,0,89.54973085849463
28.611487515161418,99.37866900228029,4.341584075527232,51.369096654071114,12.783979734138903,28.594212502657737,0,75.53965296479637
30.71649014518194,93.01193006242026,6.70691882546873,54.72049520179194,11.967860055772963,29.77286312499739,0,72.52590969433271
28.24430035162852,47.56901269615575,22.030950296254346,23.251242564861087,2.5085909533767348,20.3729184709092,0,85.263825904564
28.202958456019413,88.73175126955351,7.119252508125463,81.98065407342621,11.535137589646814,26.667832090434537,0,74.39551433972724
24.490041560966223,59.008017642907205,10.591414678457935,38.13821817228732,11.940911463620758,18.90062616709241,0,85.26110627297399
24.68549541224526,66.93781209997566,4.610502269537805,5.572597654083669,76.87394239524394,20.214071941397453,0,71.19173372264524
20.986973641001534,64.05089060154626,10.907751193437246,79.75193085062546,11.639851952361164,16.42862375963411,0,77.33391630688294
36.7478837159347,55.103770381190515,28.269731511870816,152.95254897026342,4.62768616821999,29.119354986235802,0,55.348284811611215
21.780683823043574,79.7577851540922,16.385902366270752,3.0957017658925587,8.510629383569182,19.20755453941935,0,87.47193398821466
24.53547401102046,66.88829795864987,6.922903134628025,24.82570442938599,8.0605308753289,20.068775663723866,0,91.26597086905196
24.40796367215401,57.85172865171138,12.68465097399673,33.424293772713874,6.732003574091644,18.659024839787914,0,86.05978120404824
32.474621884722204,45.431158342992916,11.728403667601189,7.918773924621012,20.06660473048721,23.552653087505277,0,81.32607289898365
26.52525160853986,51.596074794213195,11.081423384327804,101.13754213360228,10.982266897840672,19.56583596571396,0,80.03353241043325
34.23871036336867,40.37929826596854,17.985442644007257,16.714206755418655,5.390706600362108,23.977157456335945,0,81.57321961782989
24.63254687878066,65.18335322622754,17.87820124312893,76.39486403849108,13.458525568039938,19.91669869876489,0,78.81028583338711
29.39497081111901,47.05001611573407,6.674358684886822,55.584037820350275,6.133619574444011,21.25781625011538,0,87.17315264220049
23.823264733701215,61.01659231222188,12.348112892628412,45.57085915482087,6.540345796911805,18.589615339567874,0,84.97316538191825
38.72574563886694,85.55152780415557,5.438612988841376,10.668501451601804,10.879986260636976,36.462357424876046,0,67.89364513622607
22.062007904852436,82.98949359382378,3.530862173640524,12.468185786193384,3.7599470555316996,19.89626385128667,0,95.57883042631317
29.549103551135136,64.51584658846073,5.956035025046212,2.425301476170087,5.719461736717848,24.315912926142524,0,88.39909570507348
31.168884404660492,63.693729107852754,6.951639135531931,13.768734647564385,16.8292831266567,25.661283531499116,0,81.04562062801003
30.068995487257492,93.19811824131511,1.9556746211262284,21.189876957363758,2.6856108159628533,29.157919394929078,0,82.27109229598594
27.073561705611457,72.81134180538066,14.706154027911564,89.53159641579227,6.804303911074799,23.281767697399342,0,76.50301049467438
27.35089650133287,60.08290310185215,0.8074611487209077,22.816293227540076,8.643304173869952,21.627963035161773,0,91.99159415885289
28.219057359895547,43.60972824319322,64.83551677514609,70.24772574855682,20.990697597397414,19.657750780863438,0,53.04719600973396
27.264989991857558,70.90809827247115,24.569437857213273,28.94115323002048,8.135207448934372,23.1819809310902,0,77.33645853544456
32.81939558397455,77.43985658874294,5.996602271014771,76.82524680017367,12.526773154958729,29.42908870956362,0,70.99995006847692
39.05261500795676,55.52522713229534,7.4449882541447865,187.05413272131221,6.131745440661378,31.234408073438683,0,58.676565343751236
25.212541074960832,69.36804132707049,9.415690490920968,13.711419559494281,17.157265103939277,21.04630834872733,0,86.63246190751934
21.150985102104613,59.546400576274564,4.61204652241042,99.14900559141175,14.639097280580295,15.983758945205707,0,76.87501550393542
27.558589758243727,62.23951401201496,8.620088212307182,48.619790573742485,16.870282755799906,22.14817309356862,0,81.9822896108526
40.898546688271594,27.682669136565032,6.585037420313289,84.99392035811668,0.47213323513734906,25.899020523950856,0,79.20218072305963
23.981627160151348,61.673278944257966,6.852282621730413,52.718178530416836,10.398404899227069,18.825753618549115,0,86.07453629750776
36.195584027220335,79.54053953612082,8.543483689434495,27.57799805729335,94.77965012999921,33.000667229987215,0,41.87624079457286
36.388504070382204,55.52896166650163,2.5835844626396356,12.943390274246259,7.996321006918251,28.885421003734802,0,81.42029690001394
25.232058791460027,65.78789552322975,7.626704048586046,3.6304285126176596,7.310858150674887,20.553037212055592,0,92.55709658947019
30.844915395926378,53.66073939962119,8.421249359995544,38.341662874276025,17.583723987669085,23.671856929825935,0,80.58618230861269
36.14198311564269,70.4066251443916,8.191358008185018,231.91615879288486,8.673856238876489,31.388249769692987,0,52.7390450491207
26.104361295062564,61.7521520369574,6.21729792804057,66.97851745375975,16.433994263629508,20.75744273867841,0,83.57933709470962
26.982098199488192,50.9113768897699,18.362053416127047,19.82617578305355,4.850339598441037,19.850736795323304,0,86.99568104046907
25.09159543025678,84.98827201497691,5.568234045011563,87.78241006388616,15.721025793289659,23.10205609153687,0,78.54421590270374
22.926216346535668,78.93398020298322,8.862782129773295,73.2634153776668,0.3458319963795855,20.197661737179605,0,87.83049745945074
24.753612274669965,55.926398541077376,20.86009548828307,16.53892934728289,14.38567309688925,18.682311368266404,0,81.14430200790004
21.880298666188718,72.46682464126665,6.9344315905899645,0.7205414395855929,7.375367396098005,18.355201369006792,0,91.53507631555732
28.17041734129613,73.06118004230571,8.7720507322929,6.287381870471206,13.832518835027894,24.35002538920208,0,83.84935875132734
24.15013384470679,74.63451852516764,6.840715223096149,104.90316896644853,5.607997613303494,20.783745743901402,0,83.04437433818714
29.16892955895374,39.58616156007383,19.88361120436247,90.56639500080965,7.86618585580716,19.69458682277516,0,77.92137317996482
20.220521768981865,80.09909811548943,6.012378039472715,17.49269876339977,73.57032801354549,17.75335944692751,0,67.35113760313311
29.654401161072286,56.45451555611403,20.62870725634443,16.787304856125594,4.896874797480897,23.10059847247273,0,81.72372657834583
32.16764480804462,59.632580998380995,6.801408236080122,78.71922310552102,5.015664526215648,25.87999826167957,0,78.23548800348325
18.031321787142723,100.0,3.715198917837264,138.81977385361324,8.306284941142946,18.027580039514508,0,78.53303156794416
29.87028284923786,69.52810071081518,12.724108950637657,75.51069209457613,3.737944077572277,25.401194870704426,0,76.73910264997616
34.13834496236646,59.20516286829237,5.790772677319637,46.51677966957263,11.79760531070236,27.57136064311408,0,77.16335962614434
21.951794906543974,31.920584408661412,12.138724561490463,13.897898612266191,14.446589536646766,12.615999366632078,0,76.64931706242734
36.362861934188516,85.84646200919533,0.8323323090907705,37.30081359267834,1.579531353262972,34.208775437057525,0,74.01407887951284
30.095095046830227,44.82185493787097,7.419889831155955,13.296802594178661,11.264463978451548,21.4425091860326,0,89.04178971980474
24.474940721207957,49.94841644750745,5.115707768497886,82.51596941970186,12.914140347280695,17.538841217090887,0,81.19409755032363
27.72115461171147,60.02971551368226,3.156276628552263,24.466342662349383,13.650400462687987,21.952470805657615,0,88.49638772343985
30.79163456260861,86.24617687550439,4.746498548465674,89.69725790353814,4.118090727422434,28.837015346910906,0,74.02880500590618
28.380026957062057,76.59859979998639,4.669432222691192,24.03173440008308,3.058477458432531,25.073554019163982,0,86.63228693375595
30.693779962231847,62.6324373523961,7.110775887695963,86.9060268819521,9.942236605117214,25.054514090956935,0,76.858159363149
23.39663203460317,69.62438095458232,2.474748639269618,20.272091556346915,18.484270368561408,19.39314394808811,0,89.66370899067553
28.84680412018039,55.99421460693341,9.516422822088638,29.00277479334612,8.451591089816361,22.3100006272868,0,86.05931313875209
20.9314275154751,67.09480534348026,22.042487219444475,47.78906858726424,16.88631951906617,16.773165708200498,0,73.73082492083003
27.4438696932565,66.10005117167205,9.25110309158217,3.6440001532037343,17.14887429757437,22.631174441332053,0,85.34699534436567
23.480461792676053,79.5315484352203,14.114334150147135,148.02507337470706,11.770242542937732,20.80809016202291,0,73.00477616344212
24.322350287051165,79.50767183658424,17.736948748437637,42.61954879656516,8.454698707115153,21.612043170656342,0,81.63327308776843
34.18046587605219,72.40966073308468,19.86961359551563,35.4455402793929,14.569133280727751,29.894904448373328,0,66.82190474150032
33.45655060297135,59.56478663680846,32.98691455715063,91.44004692237495,12.434923538294317,27.024451001138228,0,59.680887014715076
31.045690604535885,76.12733441585189,4.956195456661002,100.40731862059107,9.460082666273648,27.53472695031584,0,73.02571909537875
22.538436176637106,63.6204730069543,4.158742778422389,36.93447371431364,11.94084016716971,17.78596984618875,0,86.92585595291733
26.41795775152599,48.771284469303005,13.829064749981004,131.04479070007636,7.351959002152206,19.018379379494476,0,76.05790462352617
34.06548849989592,58.95068312133592,13.021645036984296,3.3464162463412492,83.79557137358823,27.460320579900884,0,54.032197862492986
28.708584568199523,66.26790475676486,13.743146172972267,6.008244314722526,10.702129337224171,23.8197865237365,0,83.23054625069548
39.59664769990847,78.65323675497118,33.495997812153874,45.41466856092998,19.43775675127923,36.104441015531506,0,48.074620464106395
29.96658919697186,62.24707741764271,7.456573013049093,21.852886681898088,9.485842468403545,24.332015500902063,0,84.4264540844647
28.960245582450156,46.862019331405904,10.390846223133225,31.202064617306462,76.46471691896505,20.85649925275612,0,64.91138257458022
26.454417678987493,65.8511252494523,3.3726183421348805,19.880741459168565,3.3760704480038743,21.684839090584063,0,92.67300123113831
28.66770452391141,66.70184060084829,40.78265625243044,25.93661592661394,9.101008237473522,23.849203917060574,0,68.20753499304135
27.23765081809728,67.78756443354129,5.644965370464699,86.48047505556755,92.80213972200242,22.693995746186857,0,53.554429615929806
31.54054338344295,78.79807273931645,5.77435901671648,45.005640138214716,6.23367894131429,28.422017760277708,0,77.90133685696563
32.783511583972924,80.28384860134848,5.599067618560719,296.5570438650907,4.324199351570874,29.846861497579948,0,51.333069773983695
24.070052697460252,56.086836914275,4.41092012616636,77.2948063829491,13.975158968925173,18.10175281415127,0,82.55930219687376
21.34383523221111,55.75784812926585,4.122461188783857,15.98728323477266,7.338221648669126,15.646680348846164,0,87.36398772251034
18.818973134483517,49.397019335667906,4.859990939879695,15.349709009033175,8.705995681955416,12.606078888946886,0,82.04215340192536
30.539956634562717,75.48223505420714,2.47778064315448,20.46599667928438,88.6661224429402,26.95494103204303,0,56.72672431478304
22.483166969130632,86.73230162506573,3.9422264943486693,92.65817919497414,6.956858562669675,20.791268788733575,0,85.25721279600467
17.235547035237587,60.27377108136615,35.13404098618551,1.3833436619248802,16.86181972632585,12.558140859938067,0,65.5112498551799
29.942893022654822,61.3785415291251,13.310112902634703,13.08001094786242,12.594403378526676,24.1694949064027,0,81.58456563478347
40.46499758716395,87.00173835348464,15.49819152609381,117.65100113318883,11.81836323919491,38.409400840045535,0,48.932248450500936
27.969645442300532,72.58336779822511,18.949300727678786,51.06818056783551,2.436856129362371,24.09016971617414,0,78.47099162866172
32.19245387225821,71.54353557201583,32.050335505105686,12.863922167977778,12.817267608006196,27.888697773892165,0,66.58297083380907
28.409146792737825,47.1362524103941,1.7911573207666267,12.368288255371947,14.406807433030611,20.437914034294813,0,92.40845231829374
27.505551734044285,75.18092103919129,2.762382433062338,99.24953264235205,88.47882531202234,24.035365408442058,0,53.14786563589643
32.59538241493884,51.06295489235363,3.8846040899745704,112.10155699057441,-1.7557910655608495,24.72626588278124,0,80.3434071203037
26.548627279056742,47.98969721097563,5.074439943148488,14.794522860168922,7.375490185655007,19.0021221309671,0,92.02801421030784
29.336961570359513,59.79842634849932,5.809790359623253,27.28037452617385,1.7423014328490467,23.367079535876158,0,88.73568091947374
29.608489030980067,56.21310914826965,5.167649576389534,89.96813663438283,13.00058227622253,23.01971326248424,0,79.55626422923308
24.659547731784755,61.67600458422441,8.806121727694677,73.7032879484041,11.037641389317113,19.4392986634712,0,83.70634454008001
32.960211747682614,43.38527548212622,7.6006693257813,84.07788334947992,6.44470821699754,23.55217961719981,0,80.31537150402913
27.125201216522957,79.38224459701509,4.144292820827581,36.531881416254095,16.077352710398937,24.281222487518768,0,82.49371414654966
24.221274202535778,81.91529441774644,1.2963608313237682,121.26535493707213,8.790394364338551,21.8410651623638,0,81.53355489230569
30.682549217852017,35.789862887887786,3.339112441835128,19.722663870567384,4.662915070556556,20.14766463204632,0,94.58237542043736
23.507660091044812,79.67686708499825,4.761720618252293,8.519973468286377,81.24826275164443,20.853599436194425,0,68.40398893920543
28.140905786845643,52.84207055267561,6.0637986919657125,61.67563076102598,3.0795550399378833,21.171984999875512,0,88.01604173145532
27.95440501677898,77.8546330547418,2.9929694825728412,38.75631649710206,5.858971471703514,24.852927321056494,0,85.3955021368508
33.42947782915789,63.97330261000376,4.98959541242959,96.40844212669523,17.035496445805567,27.769623546665617,0,70.53142394584873
30.373491164399763,65.43163346121497,2.9898107443985498,4.232122843513446,-0.09924926381920329,25.21703970296926,0,90.28940587693522
27.87486520627428,62.22353525868172,6.681513399911052,92.79647201460882,6.667218843834771,22.432371616155073,0,81.50863239307273
32.08883149600143,83.18193806350229,3.1315463914073045,17.35707327284493,20.03052548708702,29.63036661919551,0,75.57612771918959
34.951037745086566,46.40617981212458,3.746703081094828,53.18962967015056,10.848782147684357,25.831931377641112,0,80.44352771008107
30.789051531759313,74.11760508102513,2.5936151031199106,2.0478079404865355,2.441267309559178,26.978559204854722,0,87.21681707725625
28.051763099216902,81.51995247334325,6.535177077817381,47.0267758266201,5.032832004334422,25.480379863155033,0,82.13155341558527
21.4408188382492,75.74510120810616,3.694487279088156,63.163443746465234,0.6113756804489672,18.365935706681693,0,89.18152365234894
22.674431684623137,99.87048371485126,15.262936115433211,23.00268191017544,6.493359499309184,22.686738554712118,0,83.87370275276128
26.47387647822666,57.06579855912952,10.223410252922218,12.129744476442669,-1.1012815741980688,20.378443608846208,0,93.47474887069133
24.952438989203586,79.35957233890296,6.9874697230315235,38.56956529802002,5.164570636002297,22.19574577467488,0,87.63416640133582
27.06514348507277,63.4086404698787,3.904038780865992,89.54523306471796,16.22910777481752,21.87826295721451,0,80.8663602756676
28.283249624485535,83.50109114529005,10.018328288402756,19.544641934742394,5.339567932213215,25.991680214544946,0,82.26899536310256
30.648463771783653,64.88466506417946,12.839941105842563,14.548995050533154,11.5652502440936,25.380670263075054,0,80.19904113271495
27.647506109704544,59.181863272062955,8.282548656263893,16.351321061261206,10.076767258779885,21.75382091276312,0,88.23393977700395
30.43250821913101,84.59108305807443,26.65459309050997,148.92621214873694,-0.4598014751321102,28.23849027988207,0,59.57561397842559
28.3223720740506,57.62657091471605,10.672921730140605,22.25789606379179,2.5566365810907143,22.1097901721982,0,88.42085207655632
18.12266716823064,43.80911361649166,15.34647451024371,0.18053754050988038,10.222239593877534,11.29368193777059,0,75.84181869952386
23.303323030906228,57.24729675239257,8.22231938118533,76.08994677873662,9.285426540034088,17.58923096419433,0,81.5685498978138
27.279562221391924,74.28549419882799,12.686412801466828,60.07791862657893,9.469003141129082,23.690944709122178,0,78.95625029254907
21.95152628579446,85.88058127380637,3.9062389818986842,6.880887354958035,21.379279409384328,20.162096945970283,0,89.98921988480465
30.999643649981024,66.66694062944768,5.120649617544885,209.66709872123252,6.976490724514587,25.99178250901675,0,65.15979464740765
35.65375416171849,84.77295600851038,9.771703809211967,46.832617145033375,8.629770055571322,33.34257638820256,0,67.54043178006307
34.09380925848659,44.6273761778361,9.715082601327474,34.73536894589378,76.78713204279829,24.748443816157938,0,58.95054539957721
26.93278564534896,58.35104802773146,11.09050634760392,24.08108432301742,5.939875627230864,20.985447886548677,0,88.58850802166299
35.45363068424976,60.67137324268848,17.819873331975497,114.46999779242137,14.858631548802514,29.018955743506925,0,61.16175275657556
28.743337286010558,63.2816085879122,2.363215194840411,13.983279948367633,20.105967997903775,23.386124763763966,0,85.63888792946248
26.314570144409803,66.26141582375294,3.388671517733398,16.827434992615693,11.72304660297055,21.616753585580422,0,90.29010816251092
24.9329866822953,75.3636643608829,8.878726307349337,6.5288342002982915,8.981062152916245,21.625015309654348,0,89.47654307750857
26.487651567559357,58.32789742744264,4.1392271619649135,71.17263200918873,0.7730283738854791,20.584570734619167,0,89.67859099154143
26.059115907293858,67.08543030429688,110.19093050688839,45.26126901639505,18.353591480887907,21.50204569856114,0,32.007475470111956
28.85208111187744,64.32315664513922,11.162675801086953,46.96084820739214,7.9227475848062525,23.648609915397007,0,81.60874654401971
28.802869905249324,51.11165144163275,6.940232815484928,12.325114682443484,79.50679469716746,21.457104252817857,0,66.60945084573058
28.015230100767074,63.29499966377847,4.892114296594662,52.658298177555494,10.888304982344946,22.72564892008833,0,84.57020465969964
30.184690848731748,62.84510705154323,5.032264962142246,72.50612547759307,7.8802935021960865,24.62692776937869,0,80.6660988163695
33.95323137393171,62.523791524954305,7.569390348883569,22.14966811053336,9.244013071514392,27.994189958948365,0,78.92771538557753
32.74777067720662,65.47639184872176,8.081565033945097,80.80982097935434,4.16301509966194,27.40203275036674,0,75.38751455965459
20.575510157750482,66.1351031092008,5.127615233042083,21.44620059491375,5.197915397953856,16.321641134672383,0,88.04139556001154
15.230394325490225,58.515572313390045,5.938628430667332,70.96949357828191,11.485006471323643,10.557883627274146,0,71.94222637730815
32.67159955619637,84.09072100956897,21.659142684164262,1.7156045963271398,16.33591065869442,30.336620062796097,0,68.04863455119286
21.165606507922895,47.45779056195475,22.367387216218887,40.054952708110555,7.697382894193431,14.345891205517741,0,73.76385363129164
26.87617299053658,54.185448372951555,9.03971081090177,174.5449907711397,14.219946260595982,20.283497320705944,0,72.86041744951089
22.149434869703203,100.0,2.5268973801198253,198.81368022067252,2.98250491500756,22.174843248851264,0,74.59875010959342
18.9900978120999,49.43012967516155,11.36800152918294,16.547058544223813,4.299014011219409,12.75707371375583,0,80.36389928121342
30.70731364102394,44.693679879353624,25.621349103253785,29.1159999166872,11.466356877217152,21.930622533543733,0,77.5596726973164
31.795775801513233,76.01715117501827,22.105465410017366,3.2524209816395833,4.026861984019055,28.229520231724475,0,74.9354575212343
25.1174479963664,33.84320219339189,13.297029737087223,103.31296358423529,17.29664825800766,15.399815905661246,0,70.35436321218884
15.044788539275451,61.47089135041342,23.05628416629386,42.03274985670089,1.1461278870447202,10.720153468678063,0,69.96677050518517
25.268777758737585,97.18737387614732,7.711459104494636,24.314836508558958,77.35402129444586,24.93559056242049,0,60.52472718845076
29.959020027012734,41.82596116769899,12.212773056210143,5.982582937292612,9.76995585643694,20.76715949174676,0,88.88796398839987
20.605442156129357,35.2705327139193,4.286109936831912,146.65410686800698,9.63967894749743,12.104679016555444,0,68.13532655378404
28.91679959889578,42.512281970634525,9.335388231407613,37.77443760554893,3.6538923482338994,20.036862755109993,0,90.28160387499834
27.923450754135022,78.47539352520478,21.405061123766693,16.628946305795907,83.03218166617263,24.91406218139755,0,52.58608764671653
30.896457498005443,81.87165079978719,4.611076163217685,21.555697015400828,18.31435549282029,28.276403412561184,0,77.01950193373587
28.597901842070765,57.31116804532237,3.709307703692476,15.783312177116763,11.84632767328095,22.304006136134984,0,89.16222983514596
23.13465529559222,75.24818606001604,7.988405286776284,46.04127603231745,16.524701020040165,19.90596830808798,0,85.75238854216536
33.982857508322454,85.85382991267984,6.163656795340888,132.93699131365472,103.62895553113847,31.88945332599069,0,31.247307304931894
27.20735213486515,91.81019621644738,12.420125446992994,97.13858512105752,15.597830584905463,26.123459613795145,0,69.69161248206987
27.86347730245034,61.30497078230228,5.141744296748016,30.84458565726719,16.94045016189639,22.27946017181654,0,85.27866230754233
23.333660204634022,30.477924234950194,29.217028072729654,87.57870020517319,19.020523322931503,13.420282640826489,0,60.423865463380416
25.783588744042447,52.6868161638547,2.633356113941097,27.504791951172635,21.392586579779994,19.09351333955503,0,87.44225056398474
23.575986429865495,58.59793707597114,20.145638814776213,14.538150066048644,9.133606758532865,18.024247207692063,0,82.46520081136751
27.135269700382885,61.115918051324144,4.007311699420658,204.96317783240733,8.0801989898258,21.592816489446072,0,72.41740196960457
36.558542400711715,62.18210898486921,1.756307883850334,18.112204571106723,18.627592783772357,30.295071482539907,0,75.65882078256351
21.140494285343216,81.78341896896004,8.937895198701723,19.557717189898145,7.503547045972195,18.851120153743526,0,89.35077856361721
19.932193010616295,84.11642640031371,6.02738716695352,228.74595877337606,22.568217341044516,17.97457054561195,0,63.55082724392206
35.35585163746804,62.42489519112825,3.0413834851009685,7.189332389394104,4.038712955031051,29.249040997090585,0,82.5405758711972
26.95338161424067,81.47727314077727,1.9249470995863636,71.46718922797433,2.9987738562441173,24.415424051020477,0,84.26808016546397
24.654636306700418,70.36492049946634,7.339798355033905,137.2975409148117,8.790208942260918,20.667233909832444,0,78.66942621883291
33.199523436980385,65.96758959293858,16.12981646038628,35.850993382286504,10.2675713715678,27.899773733975042,0,73.07780804009305
24.97192230131568,78.59816235664945,11.798386613678247,0.12624733497624188,8.78048525699579,22.10949563495015,0,87.99711008823942
37.13004856773468,66.08378072356874,7.731982662751672,23.504897213711402,12.705254920308317,31.53246031225134,0,72.24974350543991
31.389629356696346,95.86716765646644,10.838212225619051,5.914914240368123,10.50161477878073,30.866849773298707,0,74.18858954361203
25.560442959271487,43.42383249808161,7.22992522719916,26.908784250450413,11.680765850570124,17.417690126376627,0,85.92710553406361
38.786541066327516,57.27243651361974,2.354246233597744,78.03875963886036,15.942995902672175,31.351454591115303,0,68.67748706508475
24.97142538498331,63.102216545690744,2.3709359950976614,28.876016624424334,7.985284656952478,19.927939079877387,0,93.15707740750733
31.710476860046533,71.59179035686986,6.280597861422556,28.27510201666403,13.754160546734077,27.445208945101616,0,78.27965726772521
29.49646290203246,84.01940730654633,6.4978891038704845,40.685520020838936,5.327573258452489,27.24420895561113,0,80.04033225974668
34.50870644699399,64.63402149145764,14.59656377016628,43.57669462072738,-0.6222257154667901,28.870096153232783,0,75.2463129948172
35.807555983634266,43.66655525740689,13.542642067933542,97.00008996861509,17.253549620672118,25.975545835134962,0,68.81416800957857
28.160020745328833,77.63770844682506,11.99040099508248,18.43415479136023,9.750908345469988,25.017274005773913,0,81.38517023283853
24.232910648269083,76.32438149212946,5.904848715182106,86.20633012947411,14.292757350516892,21.09310035033718,0,82.02303965378347
30.299860714695583,35.87212010930891,2.4485065417926624,41.727905187434075,8.077659436502893,19.862257209187746,0,91.70378887864092
24.61142315123947,64.942937994938,10.274415875358716,17.871586491243534,14.583138443614207,19.863178150474756,0,88.00935449103702
38.066936237633115,41.14787253979553,11.24738267655084,17.486813898909094,103.87166061671248,27.27661620074114,0,47.08881609848447
28.682676655413687,55.03023353746906,1.0932717763432598,22.403302725155914,10.747941427853428,22.00684669212905,0,90.6201166585014
26.173392243439455,51.457866095558,3.7906194565318567,48.73483711695812,4.67811117881018,19.239099391964256,0,90.53048525504792
28.923401529324543,77.13897047362978,4.251009559269434,13.120975838090242,4.652988063822516,25.670898816296486,0,86.50505339083736
21.264368552351517,66.75245261258276,8.122842552035463,126.49534409509664,13.43884581898353,17.03563369954326,0,74.36287959079299
23.141929807446743,45.71613498865959,3.885733051975307,42.773022346027,14.14611792818556,15.760848161762116,0,82.7057308393243
34.00206953972213,78.20098944436013,7.167037181980048,126.29629381036362,69.98173481085881,30.68024638436128,0,44.439237514478755
24.71552860514302,43.49291264107379,6.243694332864263,2.3757776669583923,9.132567046430236,16.727526339237563,0,88.68767556025163
22.7654450865903,69.95170685706415,6.5057111056538535,20.973995700485514,15.64761714726815,18.849823341558373,0,87.70860750703936
30.68326376263643,52.789839960626665,4.165700984419264,1.1535889527914247,10.409483376003955,23.378408298407223,0,89.26435037289907
33.928520773314986,59.514843762042204,4.4318271877302555,15.890009524122753,9.716692287933808,27.43887369497516,0,81.79787748194859
31.594766553325336,72.56406122057577,3.1136209831376407,99.02742477109055,16.638489314658333,27.49213509253325,0,71.75608128763614
32.98023842902908,72.82174098589293,10.01469938767467,1.8648334894146517,14.05167314228723,28.835506446664095,0,76.86901623979598
24.216024557152696,85.0545361033394,11.668373975516475,28.648093847789596,8.520362298956183,22.259143676575995,0,85.07216734628008
20.89094666629078,63.7661945049282,3.9888606546029877,6.253624679955388,7.703324379737167,16.303905865122427,0,89.26829120914088
35.506668259777435,69.5967629444501,24.94097608495011,26.964740912135216,8.554397864165866,30.655462353882815,0,65.99837838076525
26.38660080578932,58.433940163935134,5.744936407485675,91.27147508805587,7.0818720727267515,20.510571155417914,0,84.87390353008246
26.745834917724764,67.72984823934196,25.132164979468744,48.78492634001246,8.203604825231423,22.230708792517813,0,76.47482674574385
34.64097070924529,71.59229072012768,4.420700912183936,66.7337616040812,83.56620495160024,30.189246881261123,0,47.977001411074816
30.7811500470033,63.52535228818436,1.4604400270765114,21.470279056508055,12.492848455021132,25.28037135998175,0,85.03791222249794
30.27943886040804,37.943742738612556,10.193581524624328,144.4765310966386,10.42719342609955,20.26821740175625,0,76.57749888335641
38.825011724505416,69.97206344496342,9.014515253403932,61.76665417814119,9.29431589241817,33.81135378648824,0,65.50094097827883
24.782408848099287,70.46842216033185,7.595189119360863,27.391670367412107,5.311066668294198,20.800909879080372,0,90.49151802885973
32.63920064040619,54.79739785478074,4.420328511713526,27.79679835927908,7.096823601236468,25.447059310689845,0,84.47395907510173
28.285065624485423,45.734194458912285,7.187491471949167,125.47073340597504,11.735331361001386,20.088631309198906,0,79.81445683929576
29.342961394316283,87.13818725755948,4.908617989751597,42.94883725960374,13.772329144675595,27.55403736953743,0,77.32897484329915
35.64234213206266,72.37168266341602,5.801522290155005,61.27330868959058,11.230588647252022,31.26075875179605,0,70.33724030918535
30.53917878144812,61.56378453617435,14.487783899052054,26.981425693103304,7.939721726197117,24.7387136147918,0,80.30332115024356
30.691480395248163,47.94450675278769,8.562342280508547,12.660345773013763,10.353485108324197,22.519679008354835,0,87.22211406713737
33.362536686549014,52.67277757367981,12.036709556327274,64.28794593038047,8.669681721189985,25.690928186039056,0,76.1265644426764
26.175236352285573,84.53885595179347,6.138038292043635,46.802198967503855,15.054547826713723,24.09363519506688,0,81.0921255557229
23.803951663304968,67.0649291130207,5.620306070446399,34.79182772679768,16.874918181059115,19.418913195079607,0,87.21406125769674
22.775954029894834,56.7411939949894,2.936487018668538,48.911091430885406,13.11332107959079,17.04961449251007,0,84.84396205981203
18.16821705311999,72.64533846836984,5.495726058846918,11.677727033015291,15.17349848043641,14.89106840519863,0,83.36313404826082
38.28103564970161,52.784027188305146,0.5184603916601073,78.97908066710622,8.794512755060545,29.9966653807212,0,73.91635941469067
22.483958171391585,87.51264545420568,4.608131346285154,147.98236687950353,71.72715962121853,20.893469154343652,0,57.648440700318744
26.89373188207114,85.29200802345088,6.920587454168567,110.86770607617072,7.450353773171289,24.898188737034754,0,75.62220130202275
26.615933500555396,58.00138893195835,11.599232398922311,19.38880515480207,8.842959991733714,20.64887974055049,0,88.34053034365499
29.537033489045506,55.5699462945371,5.9599238132274985,26.044283949840956,10.426522575237271,22.849184080474625,0,86.66632605261113
32.078686062696484,25.7280020196158,9.758501304778676,82.6178708318105,9.12457424863147,18.883134127332866,0,82.14213870588509
32.30236744179873,42.77628842672948,1.2919711441836332,45.207873280901524,12.891392596381111,22.884942582935555,0,86.20868235995432
25.08461280715531,44.90795337563365,7.060603420894621,39.69419165803124,16.019373708967976,17.264171116365066,0,83.05674456197451
27.164391431067944,67.02785511481079,1.927835296994652,130.62016358211523,7.274862135387842,22.51301663603207,0,79.77958699411377
29.412899752441497,60.10649443337961,2.810485340505479,38.39622617060285,9.649429279609844,23.48524033592334,0,86.31079778226535
26.756544369082263,44.81996768877138,6.361521394449383,36.173998109807,2.766046730850676,18.648844770005976,0,90.25309106985335
36.03672788009996,60.78253936303164,20.512022759319333,2.146345376594939,17.278374287291786,29.56483254028799,0,69.42264717648493
30.454874758191256,72.58005721471022,9.943960786585901,3.597198151191746,13.81659725716574,26.42400845171094,0,80.42675469496622
31.674388930249087,72.9175902487338,7.4976137084620795,0.37239876587038284,2.6992486896680044,27.623304926979717,0,83.87924631548968
31.314406343337062,36.50494578711678,7.274504410188872,122.23291503991724,5.709564753272108,20.798312021972368,0,81.03880000686459
33.86736928742663,63.076047792742536,4.174927051420123,26.24509997050145,5.691681483136302,28.012866640181816,0,81.37149935592163
28.905107793518535,44.249888345425845,4.7817819470422895,31.608378253558694,3.92978063713303,20.343831424207597,0,92.62259718576725
21.515840260220767,78.52593045710411,10.400988361346188,93.34148597178313,91.96792960496072,18.795215601504207,0,53.002204089418
29.998439758763208,76.76219624530248,2.439301152190552,46.98389336543476,15.768842695442833,26.63725246118437,0,78.86980049710374
24.743215531040853,51.52959160513312,11.875093697749982,47.0165698889411,13.637736868953102,18.011732793871314,0,81.83248306338683
25.356916591251217,53.509321963994005,5.415116238835962,17.58681718587136,67.36749068008064,18.848133255398267,0,71.35012981839873
30.931820093775467,58.08099424252539,14.30266180130905,89.76078392958685,12.790620065416975,24.509241074034396,0,72.84518907352953
34.19141535716818,31.208099079029914,15.940686908032308,9.065901587054535,11.000758324037124,21.833813018393,0,84.70542741834319
28.106357883680307,70.03952260160865,1.937760238741357,2.730708127675286,7.857857826222116,23.837595898936353,0,90.38236927738322
29.544165062994818,60.907331804898035,4.640097548580873,10.635122337496536,3.4666033467760418,23.733126062479304,0,89.86121544931561
36.51107472317619,79.55262623851789,3.7269039532810733,15.58079193487277,4.805132581426179,33.30519633698738,0,75.01896346391572
29.203765897442842,48.523861730561705,1.7329369497684712,16.58595160067838,11.188986815695296,21.35551244505837,0,91.71200542556194
41.008415570901974,55.71315577625103,3.234820304233529,55.51100981789469,20.666323407809276,32.99906841801294,0,66.4441117698046
30.82754822815772,42.402121129413274,52.09165046941687,12.283812535611288,11.172850099682668,21.593141090901284,0,66.61179850881763
19.19618620422091,49.9356415475862,12.03245902669784,56.45228170502992,1.3218456207249059,12.999840483282387,0,77.39768783416338
31.766708105522664,47.27027005897672,34.254925852726025,4.777780023734689,6.936329124926215,23.307923078666207,0,75.12076474495547
29.90579192441389,79.93960518269668,14.343240013504433,7.961655573876128,10.697815764106686,27.03014988832963,0,77.92105101533016
34.44876377041373,54.526072268729116,4.081748584323149,35.54737842986332,-1.7639323494267956,26.987149857617766,0,84.51164052823438
31.36590675634979,66.8626352711692,5.444375419596615,127.48557396817708,17.96553110751463,26.36102819565478,0,68.99920223073028
27.307720080081133,59.288548942072936,11.831304521090043,98.15144825541246,8.785428844563612,21.466068301209024,0,79.14162418057899
21.878508818553172,45.95802100980781,10.485621762415947,173.2923033518642,10.02264645525779,14.733721267247653,0,66.18765853272448
26.954883713569874,62.47549365242536,4.655858818272075,52.55959100205608,1.7818292889002478,21.63675668578952,0,89.36703336567399
23.7473977289535,73.98654997795393,2.2078196913114465,56.32202632131328,3.8476197091137454,20.31511172200834,0,91.50868003616253
25.097382750976386,46.883609111849715,102.53548665310596,49.0445292688248,12.37020978280829,17.591756164993704,0,36.09203473311901
30.94289202210305,77.13669186097069,6.600070046787985,48.75149480627181,7.507679587295783,27.593667227802495,0,77.93175479184316
36.34952252175703,52.254186177834555,5.693976635277281,7.9568412965506985,10.097470116384281,28.208764091926287,0,80.67835804268876
29.973357649114906,57.75524110890739,8.090314222137739,39.23450843551433,4.0320421798299115,23.600493214923155,0,85.28663816305166
22.020584689824076,72.96024684515072,6.084941597129885,24.39354988784979,9.2551416761782,18.551638022706083,0,89.26058402131648
30.223013341100703,55.04845764170768,8.151346482345314,29.217976631676912,6.09869637260601,23.36560546525598,0,85.92122210690701
33.98315743322826,65.56362289003799,20.68808289416093,37.074932219842005,11.509062430379343,28.550227545776675,0,69.28676986881055
24.95108547840309,60.279637568178615,6.688309932234211,6.8710141885768765,16.729355291878193,19.499608762237845,0,89.64170499442258
27.32991416663541,66.94052010055728,2.9148887328871185,22.274350346714886,10.442890647083676,22.652587187429443,0,88.8552762687129
28.073440973645987,29.28891341714754,6.492742173872772,3.277594968346556,13.100465987934335,16.762395670064098,0,87.202640925347
24.075508434588798,37.55477277187876,5.096115459352811,194.77828470275176,10.193693045958534,15.2262708425055,0,67.4156223818205
31.241402169219295,74.23950509070258,23.083524773400974,6.308103719136191,16.704848067046726,27.42464649243789,0,71.12217481371349
27.395259256961094,80.55772108473576,18.857208447283767,14.955674039974049,13.844957681724587,24.709288847898584,0,77.39690920660465
30.097662219535138,51.34269944702718,8.052801154004014,110.95492076230849,10.032684238675978,22.616725976453957,0,77.60879030252755
23.562539110989498,61.33957471743298,2.6565049124992695,32.95758613446315,10.345848965179915,18.39982685760906,0,89.527112894991
25.812708498382946,69.42078879353453,2.7712159340635614,7.2881346333183785,16.593898425733947,21.611815517830376,0,89.93655581764617
31.611906789138857,75.39826402488056,7.478996380599499,24.244131778076415,12.227395873437633,27.957536661246,0,77.8239850155444
26.135834239541165,34.58484092493727,9.670290742511627,6.157444982749326,10.700900155007965,16.33192622235022,0,85.48003274565859
36.63481925616703,51.70939629532434,5.4755993746861655,11.170679206270753,10.834296949463377,28.34741877047897,0,80.01257191982359
26.001819071926988,60.011309302251874,5.032235569717768,2.6716130673529896,5.235155832462974,20.40458467586404,0,94.86479195045543
29.12342362875943,75.54710295854073,4.59864002690051,28.832915280561856,9.334577860396564,25.6223285634486,0,83.27236965985514
32.66295415936545,100.0,7.252054672397638,82.15907427564075,16.384915295315263,32.762702229817165,0,63.552373459739606
20.908171335334842,61.57991409785423,1.0983292025700482,44.09074301715565,5.944973802680562,16.033667674768182,0,87.11060467492483
19.19595594009612,43.89533806844017,3.061603189744552,46.61405819076404,13.369721951751549,12.198279046175976,0,77.6486371713981
20.371718427149524,71.03402115801947,4.474342097687215,11.193692776273762,4.724070276844136,16.757456254787325,0,90.20495396342862
34.31292051713591,84.81493684311064,19.41415726707352,21.071633940988622,13.51251509531679,32.045552035723475,0,65.61325822034024
25.240709270537767,66.62021181469251,3.8533738393266614,93.29466717289966,9.669302239767633,20.680470442960342,0,84.50003995201698
40.79099642834126,51.40027182268561,8.536699976136061,4.59788043577724,15.056477239864599,31.882566869198296,0,72.42918591793527
25.178762006713058,79.36990912220028,8.857231116841334,97.57199930700776,14.726300389470687,22.41406742431119,0,77.28431657792154
28.922756515985185,74.95318427747652,20.87042749376063,33.05239847850664,4.598737192109605,25.342966442105304,0,76.71218434474119
35.71054976283938,49.608787337065635,20.28865627297153,90.74549870637061,14.87059234116849,27.127717985172573,0,65.13268090139549
38.03046444079561,70.72138426301512,7.0568418751870645,19.13675168923669,23.713983021850098,33.20650068781224,0,66.84349185448107
38.30751788318199,79.95898351488309,5.051131143656812,20.688193759608954,6.372641453209489,35.09804607744702,0,70.63433211830366
34.04183115296571,82.7283506383834,4.344599231434917,69.6367263919639,84.92611130119677,31.448902049613192,0,45.381970903600774
33.12031262905731,64.00326537035816,6.093053927925533,76.85497264185699,7.873758271352466,27.49270881856351,0,75.40432645355546
30.962634746005914,59.628808307310216,5.221440473169793,13.045170670868195,10.317566306402295,24.798177184500712,0,85.44830815077646
31.89180538083319,83.40910733121893,11.506383030132659,180.35819929314255,13.40151446030238,29.4746510308165,0,57.531840522627206
25.244071418357333,46.84759245528672,10.342357632689607,4.413705289982121,4.1391347648678085,17.71012211745887,0,89.57292224255602
23.909005582888465,71.57868936381509,11.86319740477451,3.5481134973115287,5.625174916599151,20.138464372419403,0,91.63083508371943
27.98312771294524,44.44960058953356,20.235266918025513,45.255698175856494,5.030873555713644,19.610066911455448,0,83.09493923868021
27.149076887375358,80.98064408389405,32.79563073178507,64.14011770076272,2.4157079174584073,24.533084709994473,0,69.58330982655335
25.733859753363625,61.129317265832576,8.163971179322115,162.06390618103666,3.455780789985008,20.330014593426565,0,78.06467497210042
31.481937237283578,84.02874853471204,17.806632800249712,25.955137644015778,18.09053391523844,29.172427435924224,0,68.71235070984108
32.77652604285255,72.3711913453329,5.577116312476978,1.2808366836565213,2.713476155072321,28.570655197228238,0,83.32288332786273
28.442034431459238,46.65169654907105,19.067886536658033,46.17789613356849,7.280301165142031,20.38140212427363,0,82.84939687685635
35.38765040527631,86.36941598115865,17.274083690704444,17.103113028541262,1.5598907770156227,33.34255721034188,0,69.11884744394229
22.291554429332475,88.26867899641594,16.555738451502236,28.365135946229437,14.980523946585501,20.802956272685734,0,82.68767478840218
27.03170270360141,78.23429738898824,7.9665846318038165,33.517401606237655,86.16650650015607,24.026987568571283,0,57.90231733723205
24.415888396985977,53.5761820244567,4.328900002759047,3.334380678526965,10.380962107243612,18.035513333248723,0,91.09506122822633
18.6673169146347,60.409790684638864,2.4214759469881932,33.27482877818321,11.924854906598485,13.862964059000813,0,82.28127360165598
27.586596570786504,67.18140826108639,7.156136454318027,27.78414743019526,6.581547574378741,22.92552459043304,0,87.06138095271233
27.39126245808358,54.4443440100285,25.18906656241841,62.33431984064918,89.74919873793804,20.776625722121235,0,50.090696572231344
35.567248716210656,90.38519858694806,5.766838896926888,51.87575286331945,17.08270175496572,34.16496273969045,0,64.98732723734703
31.154058422773886,67.16489707589055,13.847452329272915,10.24159428119025,13.73087026850024,26.21473583591971,0,78.1530538971982
22.879065878353977,24.44977929338964,14.51468826380068,11.542339650249883,11.114319981051466,11.960272515068919,0,75.82405734866089
37.27046283167094,70.09033719134331,5.888792824477443,14.451227243196405,11.11021774073036,32.38448543491066,0,73.33034679749886
34.10516847762676,59.7776390477403,21.18039246569724,9.858590315276794,5.418534764977199,27.64442525351964,0,75.15112860035184
30.91048851734308,63.876101658223284,0.7211352334281733,53.53232992252352,15.780573083226535,25.455693289093283,0,80.84246842965146
26.86757950575084,59.47070951321451,2.7781903903014658,259.5196198980472,8.918498357682452,21.099677325113912,0,68.03659404147953
23.202803816382602,77.1056962491003,3.551940816299379,52.79320855002426,5.461711458792678,20.218807062324505,0,90.7959276570969
26.138966119644735,81.79531667830072,3.835224533883957,46.656784010298765,4.110818224618482,23.674962279468392,0,86.53399317128606
33.443743098520926,69.2457974338798,9.669826439403158,26.375530133955174,10.871555017632884,28.677619750209747,0,75.88725246904399
37.42293152967304,59.91033219292761,9.318766241777311,18.740509820786272,11.262242774768318,30.648293512244738,0,73.74004470374284
35.71621764136094,64.37994192786245,10.126871726051498,120.99739910611174,105.12955849433982,29.928782494520224,0,32.90046431980281
25.55575289106863,65.29399424866442,11.903889498243263,173.6914266261512,14.202838488958358,20.778689547784946,0,70.77659877026638
22.401912833554945,52.963549402027446,3.4553243964157323,34.33601144526661,7.400290812888963,16.187789549502813,0,86.65365737722337
28.70443123455602,73.68392972856853,2.7883754396691534,17.13863684315952,14.905747597003923,24.946056840705804,0,84.50428080245612
19.157803172185744,71.900634857907,10.14575859363331,73.51037244817394,12.549656206783975,15.729330449193185,0,76.98686039656107
29.615838570923906,88.1066185966501,4.462969452814142,7.104497980127624,7.469012616786912,27.96343761743054,0,82.62323817717206
27.261987068506656,83.83024670432712,2.1035364742851135,72.53380209186358,14.980162516537629,25.04883530631588,0,79.12821108868472
25.66981749065879,54.714876236148044,16.071948571619792,85.44865317929688,3.6755289577331682,19.306952324393144,0,81.15441256360575
20.02648466366602,77.30447561763447,22.557814009698365,6.671081054034371,9.359357927901094,17.219083537266858,0,80.76282421968064
30.568000532848583,50.73569925358292,25.680416865209914,188.31280167928583,11.115190124132376,22.916205307326166,0,60.24914006376642
25.336495801690443,75.43898151411274,8.581478149685683,211.72273009905683,10.739844403163813,22.01780671120445,0,67.93032971405685
22.15041582144856,57.25078701859838,12.191581551333586,138.00888637402986,17.178385518998983,16.565295989463202,0,69.22513606479203
13.638688933591753,49.651201649366236,22.107006150976414,34.26240397891122,8.311018684713359,8.192589897285407,0,65.03880181097766
27.862425474746818,69.20068014046106,4.423217480254074,14.123062387060777,91.88662295146416,23.484542116401474,0,60.52039752940995
36.86125798334872,24.881493077687885,17.967097117158907,43.6148024885325,5.611517432417197,22.10443557659011,0,81.62781201687639
36.30629607273935,38.73536638392158,9.210249935597348,27.230655517318475,7.705474179382534,25.28644810567654,0,82.17364592882716
25.714518717068643,62.33762174338575,15.347756728290797,11.530357031456283,9.673446441638026,20.491156965856916,0,87.21186833671092
24.988939698191096,66.23662649952264,8.575200860140415,27.554299358631308,84.14757070860541,20.393886496936595,0,64.31694965245997
30.34387128037512,59.46021844762717,20.84273336426951,54.515815137469346,10.792833477343049,24.21502260066552,0,74.20690674400568
23.008072804058543,41.30845551923602,8.835865026495169,3.677661498749793,6.409021831061883,14.970742268908001,0,85.53407412988548
29.50895949909733,52.73162236792242,2.254248712887158,20.279605917132375,92.31718475862132,22.345370931589347,0,62.55446373491872
31.830401391923452,70.8681399085609,23.60695343832672,0.8977561398595041,0.8956222409096544,27.44100488564555,0,76.64669959141247
34.13466611942154,73.72672655942544,3.4624464553059218,69.2139208174709,15.863605899115562,30.071168845335816,0,70.95276278955771
27.499229617600236,64.75665323606088,20.13473772101791,51.17866406400914,5.990312624681425,22.47872073089935,0,79.09991276184729
26.98163124911517,82.35250671555482,6.874409128046567,3.236107417238923,7.671233034612688,24.567171548676672,0,86.83134969303359
23.610087066217194,70.96095535188851,18.931151413211964,167.24684464460216,7.2105387004817185,19.77438235107895,0,71.06780045539165
23.8655982298007,53.78816519062681,18.316730769834983,1.1440674986296715,20.958851660254055,17.585481457787978,0,80.11916616515015
26.867605540492367,60.79246919882574,10.424036897165847,44.57510698426553,9.832072976164053,21.301958312107782,0,85.1001757261075
29.83682753408089,43.95700764188218,11.098702993977705,74.88755143029678,7.8578913499998215,21.066610120009496,0,82.74268106330062
32.567923131166246,63.37791514412875,10.361560923298333,77.53400172318415,16.452554988139966,26.882675654859042,0,71.2576208876972
23.984105246598276,81.68150928832009,1.4754163113853005,1.7443329881406697,16.062454720409896,21.5807316163209,0,91.36260954754196
35.46344284479761,75.27935127066452,8.122712703097802,118.44432910390638,7.519430101083117,31.586462551345566,0,64.20804021068108
26.644381994787157,86.03013988878683,3.025718727540359,125.32797259953328,16.720528468772272,24.759051842443153,0,73.24225612302101
27.89316352825782,60.456721343015104,8.473551421974127,41.207274710339384,4.968459972034566,22.17390767790322,0,86.72548197711265
24.263941604260882,85.19149691771386,2.961352124620554,32.897033261748696,7.119874147616661,22.324206044604452,0,89.3700201620693
15.878798698635292,62.10043660328045,2.8634822296533895,2.2952582998676414,10.744713981206441,11.545518159762608,0,82.07543896776164
32.42022698180525,87.0737762385484,26.68089060275427,41.27158383100174,6.358912375972276,30.554163577066053,0,64.58151349126618
31.684219485462165,64.67214878836815,17.384133293117173,26.329044584586725,3.6285638847453807,26.293503455690814,0,78.0252524165314
26.593362214408934,75.60847060706415,7.36460879727808,74.09763970777101,11.616969275328437,23.23303996394795,0,80.18604859288578
28.33495358612436,87.12668546464784,8.566120276102133,25.865963671145753,13.153399310489402,26.566385890591928,0,78.89629822211667
30.579696088520496,62.098585571281916,6.0597417242096645,57.534373378392026,6.981294534168683,24.86335948035683,0,81.59455440146449
20.187270715567287,68.27583481316262,11.656932889048107,5.346317393202817,8.520142480569008,16.236481263762222,0,85.15157621827599
25.354736613268525,84.33295137809453,4.3023290119687125,7.1330626348600505,9.191554459874695,23.26800399376274,0,89.16967175326063
31.971323398109135,63.00495254104904,16.362501293592267,7.524297944245002,8.097657319413328,26.276930487100937,0,78.95170472165685
21.728552884153753,45.186615762407584,6.034726455577243,2.3297175760638615,0.762999695722117,14.49537401918833,0,88.23839281148011
29.467789660833148,97.14510581877364,5.281036595398372,38.971089735277914,78.53057180411834,29.13317692586202,0,53.585750071940545
21.217090976882975,57.95353303494295,7.5185283057594985,78.98612263864415,17.319503930871612,15.83026293714942,0,76.31435001202276
30.332149912167633,67.38134076406314,4.604723092877872,47.13317322705862,16.99312305279707,25.49082317802817,0,79.0837120128806
27.821792588512583,82.3401000417669,9.611361416494558,42.77799820255343,4.902866331122036,25.37714182658706,0,81.2165179545761
19.924340920472453,55.87259144403197,4.807176610681539,57.069298136751925,4.9585696601783615,14.408300480585002,0,81.84907604846876
33.82369677228586,49.88198130166805,10.749066163137892,20.748909950937595,10.151893382064793,25.561414661198192,0,80.82448947085174
24.327042116009753,68.8060594516225,19.54667570150742,22.46725051080897,9.762013774407464,20.14484195287861,0,84.50866957737833
23.948737814928094,38.10385403131416,4.155956683553028,18.863572898647867,5.2660796812690185,15.216589051010569,0,87.10518805111822
29.002845986154714,60.6814088469812,6.656139315830805,62.2586554735774,9.352481431863312,23.208827801162066,0,82.51532928236266
33.743186747143575,68.67557996473109,10.687390305831283,8.815403843351811,7.062743625721464,28.859742903284147,0,78.13090223258247
22.920890905108017,60.950721547622535,5.213826900699006,0.6555426581159471,8.63888914113652,17.76639313074745,0,91.0974922662479
28.30839924923986,41.84823585221379,10.712983838175893,45.34133867722621,5.581383509065792,19.413988788301232,0,87.36989622595269
30.144082501652864,88.91266934306017,11.522700987670307,142.6954617342221,20.616602566405096,28.60077286426277,0,60.19574318088012
31.46552803631572,66.55307230923763,17.577319760259396,47.004576477635865,13.922636302378192,26.40230980091026,0,72.26653900328193
28.882207776386124,86.46728176642611,4.550367337097305,76.37484721239535,15.321379359222354,27.00566733882306,0,74.47170414890311
26.164860804583387,61.09945624729333,3.475644077257244,55.85776403020867,93.46869734684252,20.714545618324056,0,60.44835068191692
23.862048896756402,51.79982027463854,5.777309491133522,34.40167921766847,13.438833650056134,17.288700020514863,0,85.12461614675331
28.430719415231874,69.0377138038274,3.406884128822071,63.36203363802911,7.159691928151997,23.98776789560267,0,83.59213875233138
22.639304940071966,61.76319310507671,11.606886238626998,86.89315359148297,3.3036484225734952,17.6240051005419,0,80.84203303149323
13.393247582526964,47.33357813012963,2.917126218325726,12.72730219899882,7.321426835002251,7.735709135852723,0,76.43179476304891
30.182799020788337,87.04676388181244,47.770731230553906,20.483482778370494,15.992411761919495,28.361940742473475,0,56.192571072535955
32.519674205430974,55.66594665659006,20.83725080962178,12.662469187373441,12.323976347219828,25.49754596984902,0,75.96081660593829
16.18533782229081,37.396004228066474,7.463769755088498,30.089782712075504,2.953215715817393,8.89319777162865,0,75.61452827008537
22.95134647645031,84.92249080936,14.789472267838605,108.16923102662356,14.052653813947746,21.011206014638628,0,75.58731380347783
31.095771305025988,57.43552976281065,1.9948293514269282,21.17181389125804,11.012604413669683,24.545294936812585,0,86.39659339205195
38.2874773485585,55.88264161076563,55.6286671786015,23.45755077165505,8.985455107083695,30.631256253135223,0,50.89787525146967
28.10396853837704,38.519186194550386,4.608158457310861,98.4369703769924,14.646557936038025,18.631697993813372,0,80.91758474568604
24.35998529385433,91.11412229895487,6.710020921120962,36.21892510081733,16.433848781876268,23.21365503221219,0,82.72466488708073
27.0855177944758,45.657791191854685,1.6740626057272756,38.33419652586891,14.099995679586296,19.066929463058074,0,89.22994467927448
34.87438209574093,65.87674221058475,10.90291128339648,98.59260878735745,11.158963813129624,29.422804491652716,0,66.8354221377104
24.770179104377323,78.68930483810661,3.049338477093066,33.7188952342247,5.916969064302082,21.92909050809048,0,90.23748245446126
24.00403996674873,71.32575399504645,8.01507873326503,57.21567313831074,10.349533272294117,20.192690095362344,0,86.53201375239486
25.58628238908984,64.10518532011713,4.780668802994556,4.476800744422693,6.115043941532278,20.63367380073988,0,94.17312684243987
23.233356958706437,39.47501212568876,3.1199121739672693,9.839184341641188,16.9119137284497,14.863696418590084,0,84.11436553058748
28.613351579973976,52.85412746349074,3.8826223882262583,25.907301023433227,16.664008652380495,21.585716356201463,0,87.53471461844785
36.1233922923478,67.81700507063783,8.851884969712147,34.143911144464354,8.493676577128818,30.915586882075,0,72.95506055187539
29.615396365580146,53.19238895019505,2.650656172747878,168.67964755763296,9.031118398921508,22.516708326097945,0,75.02127186907535
26.738232489368563,68.05039189998152,4.059056929190874,176.42591873629334,16.635956114008934,22.270937920145965,0,71.37615407688664
26.54094365542228,75.22615113222713,12.561275457038805,95.25662916896415,13.693040330467078,23.12855723236742,0,74.9365167292107
20.184045956516716,79.43754328700152,59.262925012689315,18.960551758094294,76.9072408061276,17.63575510973642,0,39.29036804707467
32.415548885735795,46.607309632809745,10.827303607559566,166.25112529648698,12.732524768042069,23.730828919626596,0,68.12081736445094
27.61081401493599,97.94969082468431,3.5473139605195234,58.45294978892539,20.15272861612101,27.387294365304758,0,74.5825302875169
27.09760043204687,76.51219016831196,5.508589845161844,24.956392828585727,90.50742691532548,23.841761475755064,0,58.818281275819416
43.965537839224304,64.97428769496405,7.578165901859784,60.478575222766516,12.7855122346807,37.58813584714076,0,59.51901834452208
29.49376454182843,81.3430487461496,5.587098158945853,0.8330376270048016,2.6830318574738543,26.84416868614049,0,85.96255017612458
24.24104474952408,100.0,15.217506878366398,7.900261419189884,15.887852070747321,24.281251371331738,0,79.8833926716511
25.868212018972283,43.41919848414696,8.793200799368346,88.50548966131356,3.696779420056721,17.67238708835329,0,82.02917146002883
33.74222854598378,61.6210603626297,15.275983785521838,51.86273374812396,8.32481053990824,27.644525454428663,0,72.93400970414761
28.56635205268882,29.323525101900074,5.745661037397047,22.643144830868103,14.501028267252472,17.139832991632293,0,85.73892839657894
20.808610108413166,67.88977298972037,21.33609364171812,34.72406753072882,3.4109453150492364,16.762303249019915,0,79.86601952791486
32.596144672876015,70.48091362887712,6.467641623610606,117.76879100175852,7.461052545966968,28.092957093328817,0,70.36284693270329
24.65927957230503,64.41256826835861,3.397527987519072,49.92632779213312,7.6081664170603105,19.831430105785532,0,90.51969291335202
37.366488881087726,55.181996435025354,42.17620944458478,25.387292219139447,12.49863136492325,29.67943914618871,0,57.68779688153619
33.40024032857324,34.25728225717512,1.7160374115507264,6.410232100517824,17.691974922191392,21.947377012013405,0,89.68256759208896
25.763390521706246,70.60300525117653,4.0918984037212836,17.389073392998437,7.607473098380396,21.735402615749802,0,91.07621516908802
34.40508180867556,86.83151725872987,4.474424403490875,191.61493926158735,12.72220666834506,32.45683480375082,0,55.675306110354576
28.339277552637018,56.134723163998515,54.962163846988034,28.756036535606892,84.5782389350336,21.884222854932663,0,38.624233828868434
32.263868375611096,71.60089893534717,31.358554708451344,31.917749787002382,8.28517581776628,27.964851268670206,0,66.41994549148002
30.423664086472375,41.47783529869924,24.413652753996903,34.51735845237427,13.21200211273557,21.08198982474155,0,78.3144523364066
23.768216725045633,71.85819595538771,5.671610238481771,107.75311198748679,11.883584239346792,20.044826013963608,0,82.3604499146161
24.78225083841269,59.09926553383014,51.467081188633266,46.30799920435962,84.30718879670869,19.1755104713834,0,40.29652892675294
33.14980408790581,53.56373074095629,9.921276605354034,59.1557648589785,5.897073520730277,25.670163828769432,0,78.65284829469422
26.326123339467294,53.59454538175804,16.148234038726113,24.666768900599823,9.892908525238317,19.70872740514675,0,85.72466102321765
25.981757683790015,59.095826269504855,8.531424145915713,1.475952508915586,11.334130855401936,20.248960078531727,0,91.43520893988568
23.224387103253235,70.73649973538804,7.102357299389919,133.662815210311,10.192866209881268,19.38359115181414,0,78.76030448703473
30.117995327967307,45.31755198206723,6.041045305871438,148.92181663767246,82.11483524804434,21.553299608890317,0,52.38573452061345
38.31262459621573,59.043270026482205,6.248166153569307,148.94676022332206,3.1291327381422853,31.278634535706967,0,64.02024485127527
22.662335428728635,64.37792333001279,12.022661400414156,143.84157016468222,11.02222585261587,18.001990788021402,0,72.93342318115151
28.12109728336379,48.51441163202211,9.91213574273114,84.43540496860447,17.980446460971205,20.429960912761533,0,79.96196810897462
35.061102777077146,91.94997802512526,7.205343502136075,57.69505405605558,11.931057773312515,33.91431528962363,0,65.77933065112012
27.601793043771423,52.19756779907988,24.720162202532507,93.05866662332177,6.069594005959961,20.597069918681914,0,75.41524935639205
30.26185898124867,54.958446295497644,0.6883881318468584,45.882863132738336,10.289873483078317,23.384433443685612,0,86.56091162758155
22.688032359265602,50.32538075266253,11.110713225847398,7.21486337035954,13.567830757895134,16.057653938173235,0,83.28702770466849
30.141535486038244,91.97720130707177,13.120697763917482,24.814765516643174,94.4449985362416,29.050455537697207,0,45.90082508108393
27.064278674977256,73.29357842899222,18.496292278212966,177.53404443782284,6.744118530541123,23.34335813333833,0,65.73537270692336
32.928649978399314,50.95111990634537,7.015365726757496,21.626746621600468,3.634193029200505,24.993354026804575,0,85.62821375785417
33.936930257823754,81.59347338289953,8.726252876213417,101.1825260800222,9.919875047931907,31.165675392760743,0,65.46348284877266
40.94781821009307,68.01048041433317,16.260822817990313,4.892300507922347,8.09033068434301,35.41415840638045,0,65.56234403586093
30.898165866067878,68.85880131667253,24.35977298004627,20.337084307524947,1.656852867496072,26.250414962319844,0,75.85849834657924
29.628981582910832,59.83284186871321,5.809945624424744,21.61253230540566,94.9896783531662,23.634882014257798,0,57.8182248181383
28.97192150788668,53.7587601956454,9.148414874331442,2.649080313373402,10.778586597652204,22.049875274473113,0,88.49320942056987
26.23416853594656,70.06649148581901,28.299925481381845,6.340236525008616,6.402402435569863,22.097236551114783,0,79.93602463494608
29.692419217308455,56.823691550066144,1.3509098647177082,10.731817712517897,4.643908884946454,23.195777995724214,0,91.90972667448756
26.522992949304854,92.25133444362658,4.25455392119762,90.9510631410777,2.9365896649654406,25.507759601594064,0,79.53711410124717
28.84230488134807,45.960633421353435,23.87110622186241,3.2750553438534653,12.081981293719483,20.5974434994774,0,82.81344900756085
34.587987678039795,88.04235159282418,17.70824352238703,17.741040434402404,3.2718604083592666,32.82837501469217,0,69.03859153720823
22.967287173601793,63.33021726803299,11.222898148451483,0.5113560885700208,6.587656154914447,18.136814268704626,0,89.34675133500271
33.699392805645225,69.48628601031659,5.160959446807619,59.47519024952801,72.65594342238255,28.955600449399828,0,53.81995277008279
34.58557533669933,77.49736649944151,3.6493358816685855,48.41909749477149,12.17103588930943,31.121912104012775,0,72.59354219056625
27.409657365044605,55.546260574933456,4.604469695246003,51.77937623537474,13.409905846613233,20.96867733108968,0,86.59684291666726
17.390725504957025,77.96372577047954,25.493068116856964,23.450828604517884,12.628199613635472,14.785223670213767,0,72.87681871522855
24.960890064527838,24.38684216928234,4.469362802445103,11.67660512610996,17.506384417558642,13.43837225871465,0,80.91975500171888
34.484972732805545,54.20015700167092,8.01358616113626,63.7054974561321,11.485835736124537,26.957671723178176,0,75.35753767700987
27.88565968850559,51.13905788988402,4.043189594671651,83.33160618886379,10.240960886299147,20.66881881372224,0,85.22836273442806
23.003488838525445,46.19740981442358,14.501023368575565,7.459902275356428,13.08919109439611,15.716984310255313,0,81.21591085542751
25.47612539385891,61.77567742881573,4.801935067429031,33.3573494964816,12.959559531222942,20.192516894282345,0,89.6546689981395
32.20310013252276,70.78624952272543,6.834100694150961,14.29855564749677,14.910576560825303,27.77587251955416,0,78.51909312190183
30.7336678410069,75.53989997748958,1.9218615883439565,9.202564267979833,17.464159456825787,27.147456144289162,0,81.5762420769877
26.80533950415153,68.61315135800612,2.0325789613055742,66.27413508592124,7.716662050476368,22.415994687654635,0,86.16008429578102
26.165877940926563,55.0145980265968,7.4345537256237195,38.620011347792286,5.848689246399742,19.789371773594958,0,90.1552165806681
26.04120925478089,70.53524656737751,2.559659587051827,12.179133995858821,9.607551878118295,21.984963586345298,0,91.32229413466416
23.387949077507486,66.86428542276276,39.80805630251995,18.55318488197241,4.590270604105177,19.00765613050677,0,75.22204735493455
36.07687844734721,79.04084251904024,1.4201769979799537,170.0403798735078,24.99367052751232,32.803144317300365,0,54.74993352853792
26.3883976539433,76.65405054397274,3.895646942121841,94.41778012964112,12.518353867310863,23.187837536984276,0,79.6558575880616
34.085792604127484,65.45714620880943,7.488441465348044,105.99099126318762,5.842606635492547,28.625995639712688,0,70.770151136274
35.60658025961226,51.54120490758115,5.5173278049032195,30.810427083802832,18.83121204835927,27.422965370759623,0,76.74877465024224
32.9915544907398,55.20574766251879,3.0547068625130716,48.88268354847756,-1.6379961646517458,25.83086018267631,0,85.38408666143182
25.841898436409757,56.7531596054295,3.433766378945661,23.64180105049551,3.8016478032375964,19.76985029360353,0,94.30649621147037
30.018650451683047,60.27100499125616,3.345033598755036,4.0448856708213565,19.643169004469822,24.05678171156796,0,85.29009906469847
27.879021968045418,69.0207564138463,5.87450995210732,25.630469908700093,5.643955104834938,23.472919487837586,0,87.40900043304164
23.48149069634936,75.72761585192087,35.217505404534805,45.067735730514805,10.132144531002464,20.298969771203193,0,74.05863755754217
29.621796408608017,64.23321960476933,7.8644282410746875,16.923811116765958,14.300920601090382,24.337386319752188,0,83.10235175446098
22.10480104420099,65.2418718185071,19.035780482894697,94.1774822361976,3.118893897978369,17.608338546977027,0,76.43723805607232
33.93839694230782,67.14959457500005,11.084869570159482,8.190703637256108,82.18856273985467,28.781212543289467,0,53.070488456308894
25.676913513508033,57.2614203030149,18.01293153171479,22.87444051974104,8.957536844898602,19.700402195437324,0,85.27084786035829
29.005798279364196,51.11911613535566,0.786650325846888,6.67107880839726,10.695842308663105,21.63378712319649,0,92.92360550188772
29.41643935773071,38.668431540339355,5.791744740589361,25.945589273556745,4.658359144397143,19.71763658608173,0,92.53323720000652
26.705475131479613,54.57275962884691,21.024918689366512,2.023462471182719,9.38379030574433,20.194831927265913,0,85.86501641538483
30.933469007376374,72.09718179901681,4.676787028565649,15.910458961677353,7.136807402878984,26.79745440534363,0,83.49544318057434
25.62548171688738,54.45632842940649,30.264594528953616,25.602590020143438,7.566158835226069,19.228405086979144,0,78.62799841890221
32.35648648728622,61.4328944386109,24.21838663575577,32.520226458688136,10.37256192548167,26.35927728715388,0,71.64234746369526
21.270101598766257,71.99646931118475,5.076872523881485,39.229840526542944,13.275501358112654,17.721545835143463,0,85.69573131874927
28.63189789773206,72.81034244634003,4.940513063242894,16.078569471489043,0.8150841938742719,24.746397530901405,0,88.53059549358612
37.694644995291426,48.807007217509415,3.2841744984200876,37.01627236128404,6.562616867982373,28.661352630862464,0,79.47671761237373
22.998343376972127,79.95589034680462,4.465247368658002,35.56602818909674,14.674008313478272,20.401990070126608,0,88.71645228707865
24.611275147375743,81.91025134033228,2.7564090083818376,19.002885177211137,14.974466674441896,22.21675715437929,0,88.4048823550384
30.569539248294575,48.0522521417216,10.41293667664284,88.65679762179344,16.87145456786688,22.435516864156735,0,76.65075841397518
28.89790890969799,52.64244695538269,2.305189314829127,39.44339615697383,18.654075965223715,21.79814382266919,0,85.98782467114303
29.753150496367795,82.86636024719287,11.976979267672943,20.193547878072028,28.014160679054367,27.321656396419176,0,71.67161742404278
30.445935650738317,62.79719718117049,12.212535906650512,147.19354350528548,6.486114170039983,24.85644141774372,0,69.72767751285062
31.17360734280885,31.70333078822224,1.9562638904934755,93.25278354005567,18.18877509269056,19.643639575234666,0,83.09912403270285
33.54849920978111,44.00477742900971,25.530016691756348,202.5292416229222,14.751208258585484,24.166651772947844,0,55.81502041287934
30.049093284642563,61.25945562241278,11.143846203326548,58.92075588562212,13.447534141645294,24.246002387986408,0,77.68448634724646
26.793711726907286,47.554360245730976,13.460485819730437,23.758680972662464,-0.08015109757136152,19.13864380046118,0,89.62857172608409
31.362868506013655,58.79864344045338,4.027185878111809,16.48500761923024,9.62709884948243,25.01616608465782,0,85.60462422220687
37.49940967447608,65.48594320525368,12.156977621473812,54.430797499281894,11.147936984878509,31.762177196415546,0,67.11918664975208
27.33683126808713,86.93381906052093,18.19441647229996,197.68545223790144,4.4274636595296535,25.562745491669983,0,61.314307082711686
23.127353476646793,60.643191256583165,6.828556339863656,49.27066453098652,18.370097137186185,17.90975712289817,0,82.39992534892139
33.53540334643486,81.08812699359139,36.654564641002096,106.6906377643756,8.256123694965654,30.697881491407006,0,52.20479043429566
27.398094180232007,86.43140243055156,7.654178500455419,19.957014926175393,12.902109700481205,25.551293108625206,0,81.5495663607232
17.13665226992982,86.51464504028114,18.405115464700152,26.12414722647388,15.903216158302234,15.541266524574738,0,76.19585527909723
32.23710838575211,69.27131890078353,9.340941459353779,118.36964363324387,10.773199793131736,27.56056657691882,0,68.56064844390991
25.323359070230385,35.55066278241539,11.803749394353758,70.7072717213556,11.042286085261832,15.869658219937655,0,77.15112343217343
27.547333588479198,71.91237298105798,1.940477711671829,199.25743553717376,7.515504764237008,23.594445420214278,0,71.20718120537963
29.659901652845072,80.7259983172031,9.942743519390831,74.5303734377735,13.309647823670039,26.91196742379706,0,72.77109048627497
28.952498398895333,63.78399341846874,4.104237263718126,29.75709607987903,12.116616907575619,23.655606175103884,0,85.449890194972
31.5472590856952,91.16875805112872,3.754223058846304,37.864877632907174,7.544919317254015,30.319848286190133,0,76.34165517224959
25.822568147150783,77.89750342201187,29.82307872312143,115.38766750438427,14.033870178561944,22.824636034779502,0,64.63478310964429
30.565528990880413,73.52410065729177,6.22755501021607,40.10869109012498,9.158788982347401,26.675262294454477,0,79.80953028341528
26.702266612080415,81.29571066808757,3.311358523412536,14.74522955224151,9.399008282062818,24.14764018336044,0,87.51533474734131
31.694052404437514,70.00054776891317,5.543880448395686,28.601358187391533,4.334624134539215,27.17383149246266,0,82.16230200685594
31.076837420065267,27.607842509069698,2.6107559537828666,36.3161727500294,1.8523035001739139,18.617325326234965,0,92.37155823740011
23.322806489777022,57.51291572794452,23.26866427617781,5.08612559191328,15.662027703546345,17.644293549576563,0,79.10281972590249
33.42991058087516,82.9575204087178,4.235305255244073,68.08256051259069,76.24218724947245,30.89340669664259,0,49.31991885966419
25.32018277442976,52.88612989852556,11.284611090453707,5.790408101399773,13.972723991066566,18.720563934201014,0,87.20192488224583
32.040288991405724,61.64791242144591,21.864960347932282,25.95277930697431,10.701025630856225,26.110097756400883,0,73.74008671711636
29.836436567006704,49.32745529145393,4.952427473336011,81.64106976017736,6.301854757657061,22.03780070147821,0,84.20235998254459
37.190918383975614,91.75883892802653,11.309215743048354,31.515226230707583,9.122019326685239,35.990524987809835,0,64.16740891479523
26.88267008814074,90.22238686127022,3.241159564570948,92.26292384230862,6.758632229136687,25.580231290850033,0,78.52990348749638
26.253416019409013,51.74196657288906,52.2800923545275,20.918500115158714,11.97734720022792,19.353442254063907,0,66.80581812557361
27.902901970561338,67.20947000583627,15.62862404632056,158.07316369212282,98.71952050679157,23.221649570361095,0,38.6393904164886
26.484101085828623,54.792589283539286,6.333891695067623,11.752484433236985,10.215920881083864,20.03476148082913,0,92.20035652753751
31.99970950971025,74.22416958547068,3.9817961652308864,1.9507722505550662,16.886832893905755,28.13812289692594,0,79.97789604897156
19.91844695781706,72.64524615863493,6.745008553127993,102.95314734381544,7.527364577738604,16.53539184414525,0,78.62614722935946
22.73158790426823,77.17558357419898,5.62945718138497,69.75721350495041,13.529470980522763,19.779349578203057,0,85.3687507659428
22.660985392104035,69.97877671561831,35.24612672924494,13.197225028536316,12.37624964502917,18.75615198581948,0,75.06602556291006
32.751537959867875,100.0,2.7720087065896415,209.1312787811577,9.066933891356976,32.851911958017354,0,55.400688534444384
36.553066862909624,49.581143524838915,8.230453682556677,34.885893439806274,-1.5498430021921994,27.844970489406574,0,81.14534241469524
27.477753907312643,39.34094968345229,7.28144656674713,150.86356933050936,6.454829442356489,18.27846960661665,0,76.53901437938164
27.155891384049948,59.10364698947808,6.726613078666468,35.16278210584264,16.82434686927536,21.301402399663242,0,85.56019602749585
28.350260815565907,41.48017601659599,6.774101080036615,31.921074921305603,19.192184497641648,19.38115603002691,0,86.09518118034428
33.80939151304095,42.61306594991011,6.733825128133914,29.813596500851624,18.195660639647667,24.097257534835936,0,81.44062127037809
23.36323432904713,49.980280187030495,14.856728392906977,20.38903506125857,88.59692104317047,16.58801248594869,0,55.882444011953524
29.191844913673926,51.16716641852559,12.0274021278495,38.14646429656114,16.01598679071188,21.802840243161583,0,82.12872987810613
32.87598814891215,50.6807284707491,10.330795502264642,30.124633072560492,6.5336193803842155,24.89727980801506,0,82.2983461027943
30.505470849699226,72.77328425668118,0.6523386241290484,1.871952647067211,11.138545592379792,26.5016952092358,0,86.02124407858179
28.947908082993717,57.407164083719955,9.3917899619597,15.084670954445558,7.984538551229951,22.630734709044656,0,87.18802300959862
33.005230462835705,62.3072813769128,1.9649926637701187,11.984153922592226,11.035606385354368,27.09669026867514,0,83.49551741105822
14.483838535003814,78.41349161751403,12.392062299624202,101.0343365703533,-1.7248613476060264,12.059616611593267,0,72.36491389307781
31.38937659765454,53.505162128278606,24.037086153326715,45.673482895747036,7.903843105505426,24.12058779161883,0,74.59861257783189
24.72962158436288,61.03181151942917,3.521928503615516,72.129078999727,7.46525654870187,19.409508076058586,0,87.65197111274013
18.846835515717714,70.48639979139374,5.992899921629793,157.12588455610015,-0.04964632234286981,15.265285793071701,0,74.20543904729693
30.556012997624904,35.87648299069668,4.574582491879553,51.64674351503975,88.97433973855752,20.065708256451387,0,62.79135877169333
34.86829272581479,29.226417365741263,19.85280725591121,202.59297281758992,4.405767409343131,21.84542742495507,0,65.57756881640509
27.31275742686154,70.19175993196583,7.972692843678257,18.681177583101732,10.005804933604363,23.120754330207276,0,86.12913601333833
32.76437273601469,72.38021420850347,29.4491045673818,10.306160032986243,12.001530465774099,28.56071768523179,0,67.40324502990475
36.06139128994323,95.96330202278617,10.288259208012246,25.817868786040048,13.686613078377702,35.54571637734213,0,64.39330459191744
34.57457226792024,67.37142313800214,8.97066800676082,31.81938705892353,8.005019278888517,29.406487451505182,0,75.55465635383996
36.199822646856965,77.29609575887142,7.803445961587917,112.86220678841366,12.410198986098246,32.626662234122634,0,61.735329993814645
31.71063745535946,62.06791034621039,14.216363771531006,41.04225977026106,7.537793080393687,25.88273122215651,0,77.45089761050906
28.377168194507963,69.4584083237763,1.8401572711212777,17.278343343383547,83.29523851018304,24.00188477416533,0,63.584180365458664
19.990170940514158,90.00885262624301,7.91116588257076,67.86285908820354,7.215926211714668,18.761158616580687,0,84.99456033752708
26.769687559350256,33.14010772811547,6.986382135101092,35.24398057157025,12.517061060999563,16.551430154929783,0,83.63720242068725
23.783767023419042,71.20424386357521,13.201560756431281,8.844732174634187,17.531479574435778,19.96998449264251,0,86.62589661847278
38.85471358748907,97.03380095116049,6.358793863736739,42.997857829968474,18.97344473581275,38.51131797244905,0,58.42935874785696
27.120570937838316,69.23051328814014,3.218812338907268,121.17808809773724,11.598827567409307,22.799702763827725,0,78.20695501922796
28.61602403392243,89.75859444849272,7.432635748758901,92.45543237896855,12.133158929883985,27.22162132793527,0,72.16132058585946
30.75742688020234,55.561817757058364,3.1072173313588416,44.192383857848945,16.022039780653234,23.924392666763794,0,82.79988402150559
28.218012231862268,64.5192875875443,1.5837417285337316,23.667113727034767,11.206616016496953,23.09970803207851,0,88.45631704274624
36.47525520215376,65.50287053582882,13.219565740243963,4.549806245288251,5.314776574041187,30.825812876217764,0,74.92492499967548
24.88675319132774,31.736133809618437,11.742905349133357,31.710804146179505,11.20883444942155,14.834026771130027,0,79.47222891770323
28.973037276186215,47.477332582247,10.73675342486544,69.7323448373735,13.89821926180759,20.975667886140084,0,81.56214722068394
24.28764707150976,48.54687380924021,20.95427614674622,22.335744059772715,20.301070363123404,17.16362199528965,0,76.26769705920962
21.39988744389647,77.3309911704879,4.340434627818705,13.423185074427385,1.7836548271486112,18.531004257189405,0,93.68941895538248
24.941154545473573,78.08229658526082,2.3516299554289963,133.95835752463893,18.358297183243057,22.00893877981964,0,76.2955087056778
27.81481601475794,69.860546640598,6.9864752888993875,86.1739386921535,8.03620038957903,23.53919637312313,0,79.90184046345725
25.8534888774137,77.36154345283559,5.595707356057883,50.84363683833455,13.728179164014014,22.778789635161417,0,83.37353846405748
24.53789510063072,62.53775880917339,3.766564928617831,7.354478474409041,10.221030874402263,19.45293594104684,0,93.15366330835302
20.96841268164083,83.02897504309314,6.931808023388964,7.8273598160418585,1.0650549509460383,18.842835234167353,0,93.66059454097035
27.584472136856526,65.13182663948108,4.529972564325576,5.447212671076604,13.866708473223543,22.613722136738584,0,88.6474730878805
20.476398129844988,65.86796071140135,1.700965061650098,47.894279750680965,76.479468623575,16.196262129677393,0,63.161326480764615
31.80027981844801,61.01611050106383,5.191686765514081,6.140188224039042,73.4713379845288,25.78607779192978,0,63.62057511210145
28.412198764672517,75.26675716454642,2.9769517271553316,92.45688794184065,6.2673963032374935,24.90654293384819,0,79.81688884038682
20.71224250267535,58.6820177508063,8.89348029607542,247.8428923512964,11.098764775637745,15.476481460082027,0,60.28410454840977
26.453954614750682,79.64647065797102,4.371788501279268,22.812783132055003,9.609150319321033,23.67532616631689,0,86.81678808023919
24.239217972047083,48.0177628892599,17.980811820170032,30.226590504779733,9.151347563572394,17.040971940843377,0,80.49794376284461
29.5958725520959,48.51625617907709,26.658094919509278,62.18199153062305,10.684865447993339,21.688788098207723,0,74.35794942387369
34.702252230115725,75.31140132689757,12.724192445881235,138.3526089217725,5.818307501676862,30.870898495836915,0,61.556859307234475
18.624137651771278,63.67183678125481,2.1365215324208138,112.26006163008033,14.986696128795387,14.225869597021905,0,74.04897209004929
28.575130395737087,58.19162875770307,24.63471923914837,2.965839772050244,14.762952539760224,22.425788177063062,0,78.82638995770613
27.199336022166797,78.3508659871319,26.064555389079732,9.260594643097003,9.968038399701065,24.203917234300864,0,76.41310752313211
31.356700382252328,55.89107878870873,7.50097047656356,70.24271654752843,9.20028925850583,24.510332617872038,0,79.39298109398871
29.065983141188447,61.996981185494455,21.292202550863355,58.3809360889943,13.938146794774774,23.475893995014406,0,73.65591519155569
24.240153341305906,85.9884192510674,4.752448170383578,7.148423045574402,6.004318995717677,22.408218850525458,0,91.29516566922337
26.40473032166691,88.08713518715976,1.6603082071965243,34.86424465505443,9.349645793582336,24.812243350747448,0,85.34850780691434
24.019870715982556,88.5859731540549,4.021972480573756,75.8918736893948,78.23189264453686,22.540614104348503,0,60.51160768607194
33.38003569299299,60.76811334599133,29.472000965588457,12.344967599949488,2.630795515951421,27.16777167749857,0,72.4009134023125
28.10655824335971,83.46054357476706,2.241479325614411,102.50875492784057,14.190734484485802,25.814576552441185,0,75.17627518758502
37.50595342876504,50.765707583469826,7.3862268210048105,2.7213190702138714,18.332946716877714,28.908528175365856,0,76.56098018046819
27.696695930926897,51.39645687916909,7.593670828972637,76.20777512378021,5.09195367777971,20.54790991571328,0,86.06320430697251
24.457966165447687,29.743162210634587,4.901888822527378,47.83206112196632,12.433179780724057,14.13496473509463,0,79.82390331894027
20.431428036935863,90.09302302847794,5.18195666824737,18.931375004361424,10.228695645013318,19.20631870398566,0,90.91579700641422
18.984301618720274,52.04030226385883,7.8287222278050566,63.81508820825874,20.586864082101712,13.089307849878132,0,72.47580381272155
20.079320284972553,63.1020113037941,4.712743047225361,76.24697924763512,6.663883815566759,15.479198895089908,0,81.01643428906975
29.335633255057417,51.34513487107574,2.368728237012875,135.82854847609914,8.228388298754506,21.95772476596066,0,79.55339778535782
30.54362511614967,75.42747872495211,8.776042400309416,22.92547084880077,96.8939137861293,26.94995164467194,0,50.5965329859142
20.094046489839332,59.3654950892399,17.438724266628643,57.92077968967807,13.445947993490742,15.012343383622465,0,73.52509230865465
32.475191570380574,45.427746643505756,14.815264211543093,46.14264541353305,8.835224932757331,23.552465749981724,0,79.70432975031679
25.5846947415828,71.62493846279091,3.8659661544857307,37.24371997575604,87.69823632377181,21.714020961632695,0,62.53886804147522
28.733965059927748,43.49404962784657,2.715612883522662,110.55341136998524,101.50520903087974,20.064671009461414,0,53.65477623008812
36.06110314127712,52.43891412026763,5.886429955423119,0.158617034721006,77.00259851850032,27.99461323734125,0,59.38147062330435
32.48419657932766,33.39666328060879,25.899747194727716,16.572058113585424,88.386251576366,21.037344591639258,0,54.37481984503004
26.657346760470837,43.6406283170359,12.38490587716055,38.63953268093462,1.9465285254137736,18.365310608840232,0,86.84271686478202
23.544038872923565,67.67793754580717,12.976911518966816,9.818585678164386,16.637501227277106,19.26350686251154,0,85.87911222404176
17.240922993353475,35.53195942845613,15.057640870989637,119.22585164575312,11.97902470365104,9.490353149540779,0,60.79111588969069
24.4042334037879,42.78281413067427,10.346137379585555,52.148726517123244,9.08341578988348,16.354767340382235,0,81.11640440577375
26.944348805861527,64.96446625800787,8.13753117121058,32.49317840011887,8.386961135991768,22.00221897825061,0,86.88293439500966
23.06410236424408,56.84589655860421,12.551566987162799,84.28943194050554,18.312062989111283,17.319922609220576,0,75.17113622982848
27.343715164538477,94.88054953938963,4.773439511400997,29.972477871791973,10.727612461051809,26.689721399212694,0,81.00557953795067
28.384259414793842,92.50844819036563,2.3831653687570094,40.896194594814446,5.88178435072178,27.387531568615895,0,81.67690571964228
26.875720090959607,51.9811630587327,13.176007310364623,0.1377393248181633,5.61623884264384,19.931457759619203,0,91.42332943755007
24.7499870958827,73.35706427605223,19.8894707686203,22.761704310847144,8.146278898529129,21.173556057166994,0,83.30333379934493
28.84327335983364,76.23923835319177,3.0204760412428993,7.470872516426031,9.402911650539199,25.460331235583347,0,86.41787399084787
30.209703247847045,56.03781712963395,14.261123317939923,58.508961475124146,13.382743802014751,23.521916755224797,0,77.27475246000884
22.548004612785768,42.56687695252694,28.34959007718167,32.60284916213424,8.36315654528124,14.786744730158908,0,71.95731829200702
35.054661898731354,64.81552326037914,7.375790173044475,17.95944486725018,6.000596672433267,29.40144753369704,0,78.41379023539609
27.507059338578692,62.40731487778834,3.840483431158629,31.53983438667191,4.771413630188358,22.127235073241337,0,90.1444510258287
28.094248114724238,58.463532545440714,8.153236286663475,11.762697348353067,7.126985392329924,22.040057900674203,0,89.31136347337835
31.541072116282784,71.63475302246728,4.756788831892197,129.57114664515018,-3.2964059202369924,27.29345485018737,0,74.82311061767015
29.166080656317508,53.73905589491602,4.511437830074635,2.774189034925768,19.02677229562962,22.21648032101208,0,87.79988426807544
32.76568316956622,47.72003678631285,10.449428143644473,100.2787216079756,4.137941960831285,24.241450886165868,0,77.00592345118764
29.43562082600912,66.63624455524747,2.048312779694111,35.80633890510536,6.7472900197921515,24.546339368089367,0,86.32660399424431
24.93781312679781,70.78955138853314,2.3276446163435205,48.240774181648625,93.19346906382545,20.991031614713954,0,61.461063163650635
29.80751762603051,47.350325841499206,7.503973680480768,18.02021022895329,7.103297152120922,21.661178434127716,0,89.58645876829907
22.28136896339669,78.92135916486622,7.258354635118343,170.10631584092442,16.2886923375183,19.578771010685664,0,73.29878350187079
28.542798528882617,38.44278293335883,9.726398284454097,16.553907640585976,11.681783687353073,18.97051683912641,0,88.04325745661961
27.833850046777695,56.32829811926535,33.12142357024408,44.44326322972413,15.15509108521222,21.468227269213862,0,71.74092395968069
26.959415713637302,61.12987195703587,8.033427139372684,251.16099576888567,19.73410981173057,21.436235591461525,0,62.13479686232262
27.357312442805345,55.45664431022105,11.923815709469936,106.47126737885691,19.611194876567318,20.90826193034959,0,75.49150755299918
18.590754772511804,56.524092896732114,3.3857439190459355,38.42909049367773,10.82549775746613,13.311655818094305,0,80.823203465762
25.256375461295193,93.06611723462171,13.658337360513258,232.16709190941702,12.621012865235889,24.364283473534353,0,59.20069263008818
28.464224505705573,52.23673866441652,4.849556744622443,60.427473353173966,84.07778841872587,21.352940181259815,0,61.47713454757304
28.799281959987002,100.0,7.823536311333149,11.703932113175625,10.947799302543379,28.871722828602312,0,77.96098795593127
22.86162429537021,71.55690169596578,6.7728440853833325,26.009820507721983,17.768759428648178,19.154855677616993,0,86.82195961341223
34.328539204323505,66.38082705967987,16.8842188182432,20.360331234278345,7.960505377281759,29.008637203514542,0,73.3553998697515
23.669125758927496,72.14360530081498,2.5909348499168967,21.080769350562488,17.1326807720332,19.990842886073192,0,90.87182637841735
32.84728600263368,100.0,1.1893525605586384,71.45099985412102,14.09454153173642,32.94833654303417,0,68.13953840917851
30.135971809358423,50.09610494102828,6.229236931109047,43.88511276268617,81.31118957033951,22.43072133392654,0,61.74705840050721
24.768863450780984,48.19373121595416,10.749131982763352,1.941860337718586,14.542955475937756,17.519292165555328,0,85.86253439786687
36.87655446304756,53.677007051421185,8.346276411383167,104.96118978877576,0.195774292659042,28.951078528139195,0,71.83886692566904
22.0318158412176,65.48214720446842,19.80161281984966,17.605422205839776,6.954319555712184,17.573525942227064,0,82.38083376426107
32.59577086805001,39.113433127811405,10.484501712109255,291.7209359103587,15.193781448072517,22.374124259178405,0,56.95987534811772
33.00291159021489,65.33508858977912,4.706390822265403,154.1634406951998,5.160408399879747,27.61212379061941,0,69.09213870012496
24.646898954616777,90.40320700120508,1.1498872299895861,141.11476732437532,8.696755750525389,23.401235984106375,0,77.31280709289965
34.962326500321645,67.27111085937166,6.111365367635387,83.33418228595413,4.782502524526212,29.74707526146077,0,72.39611868722034
26.749767427005235,60.609718115370846,16.8166119062192,12.462399564176865,6.588805026128334,21.167934109154412,0,86.39728458469831
29.443468146399287,55.72759326974559,5.399799233331076,38.031995750992245,22.329636657306825,22.792933459095934,0,81.86428840048906
29.301609193856102,78.47767556827347,7.558374931560074,12.699640894197383,11.769884425318377,26.23184245158025,0,81.6797899589904
27.32845629264726,52.61250840142929,10.351052480155932,15.03333077003672,104.35152268265317,20.426834466511586,0,57.89704808893326
32.05404136579891,92.69593880898871,3.279746394314181,47.20259785121644,10.343257285371418,31.051798177341926,0,73.61441732325123
31.967443602761065,94.00039621571536,12.165313144214602,2.0845324049999467,8.6891803993743,31.16280088642741,0,74.06829539129349
19.257340133809095,68.85126197992682,27.376840862688816,174.4335526176288,6.372408477790422,15.446340298854675,0,59.913598595911246
34.52170121439076,64.82727367885032,6.434983767328759,125.4639668134575,3.149311286200536,28.915808170559206,0,69.81262875041755
19.68754005982163,80.45989712362339,2.994413729134116,23.96372937657954,0.0868683590024606,17.286073715375284,0,92.00657465117042
33.16273102170829,81.42197753340989,7.00566549675725,36.22388972136568,13.08842806405649,30.39199403343881,0,72.9239778746411
33.633525684137915,52.91012403410877,1.246690840209735,31.379154830938905,6.061692040947965,25.971291988277553,0,85.2612371007356
22.54516784892401,57.10167300294947,9.674781079145054,106.93825642290054,9.032271254162056,16.895278863940863,0,76.80094502932803
25.945928560227077,45.16478847975057,10.61023925281793,58.33415225107147,11.658369808176388,18.027691606514516,0,82.01687928886354
22.47147665757032,71.13597407501085,28.233494887372505,16.29421171332058,15.628637146867836,18.733649530974578,0,77.14475996582095
26.925394848556323,74.99941825185336,6.32686065430691,29.605512810230472,0.039674675893138556,23.459839059599073,0,88.6730349104605
26.459828579071292,44.75111543208091,10.244984518037278,28.015324193139175,10.632984727350944,18.38899954654903,0,86.11514639904067
31.898302661346698,58.17201642775761,3.709768657074057,160.11958228353552,11.37446504455486,25.386726350231708,0,70.2615795695769
34.55154373059804,44.79119123627976,5.555888207114351,9.637441245368091,83.4544118011226,25.164791323914102,0,60.692987518993995
34.97841905394978,51.51800284634243,2.181148669552942,4.6922612199773255,20.058607877213735,26.87437013449945,0,81.44244171573871
25.18915986710849,73.26525590339449,6.322838916652219,106.27169068802505,15.043760358420219,21.574191186107015,0,78.8355379075708
26.95389063127736,53.99776899982581,5.787802449762662,113.49911414374728,1.3750728293436651,20.321842561073588,0,84.81506590935234
19.58280903889525,60.48761065951552,9.387319722123909,102.68443570226005,11.131131407123044,14.696837909666105,0,73.37277629750352
23.970649667519055,40.59032408079027,4.486722571713528,35.76727916558971,12.877580607720336,15.643436425702031,0,83.35253856689721
32.82425816548729,67.80485314586997,7.898526955676031,53.90291310913052,8.924689819695685,27.86266355594346,0,75.89155327076851
36.07791411774116,64.33590020233027,5.659275924589968,41.43266008099955,17.937904564211834,30.2512818947794,0,71.67087166603201
21.82825564060039,54.06561124950257,5.667796905209834,3.5988566800300292,3.123396589704895,15.84075335599055,0,89.52621371680961
25.037678704235528,62.164785534762885,7.879700226079216,45.29659067332179,3.396032981902505,19.852347788144485,0,90.17700150787743
27.867971215205365,67.70442320755167,7.6325221970726576,0.685383477319612,9.402727993718324,23.264278730919262,0,88.08453979278005
29.400805794098034,52.776977766359835,13.58463305186731,19.651196788777128,8.319249986411242,22.258879677404977,0,85.08116095027742
23.95198240039177,42.85606183997331,6.709239274816829,134.6279721468513,11.981354604725556,15.992418019073153,0,73.17742530827434
30.120305222320447,92.08361649030223,5.585040704636052,18.123533167163053,1.1595937880669283,29.045097669300052,0,81.44094856432662
25.63080326464542,55.50090942934591,6.393961593228037,140.52627967355912,6.645428111576145,19.39264299062198,0,79.62421301810433
27.927738645608603,63.54859845219666,4.171470896243559,14.393034896834433,14.986753282757629,22.685132954179718,0,87.45167720333933
30.7314212400185,80.16259602530471,5.540424515370493,18.884878990767177,5.080259670587227,27.85672528984787,0,81.86279201827048
28.032111349054688,100.0,37.52198284634005,49.49787228271592,22.06188326961923,28.099128476922484,0,56.78656754330158
25.818070547367157,46.33270325166701,3.560343366380538,71.69592455432746,5.432000871984687,18.11192295678095,0,86.40745333922018
27.451950980370846,71.74740820589764,5.912536533914511,34.796328775593004,5.6866682105573405,23.480703511400264,0,86.44748751819726
27.558185203973323,54.386715720588406,5.4195298567070305,106.902576768666,4.852177038864136,20.913887845069333,0,83.61175328088784
26.14994485058936,56.91814543134934,6.063351561817784,2.05362325315556,7.293527554307857,20.06825134269262,0,94.22940902830067
26.706019686664487,54.19681968489815,5.668976289769544,127.67737542688779,17.372301633034176,20.13609765265507,0,78.40286062243246
35.99323585252358,48.115175482991226,9.238615908460716,10.926945939713416,4.092346233349222,27.065706627699075,0,82.32532209913327
30.804597239706194,64.38062957323008,1.881106032264205,107.81126780264911,9.555839295775435,25.44150191441251,0,76.93078756672574
26.522598409854197,42.88245969427646,16.941007770275945,25.61326460342805,13.293454069528092,18.123718987954426,0,81.7225967799415
31.484772022553678,79.20211349767806,12.256620496732165,89.41538842167259,8.66530156430187,28.43141858872095,0,69.39458917161795
26.33090255121995,65.82504404050061,2.7338277438724465,55.6861262435416,13.480211567039456,21.567551220012938,0,86.21974281801039
33.86562318793321,71.3365245935216,1.202903456682692,9.675695860512992,9.405606184300913,29.420565478082846,0,81.16492840704944
29.84821096099047,58.00717082080666,3.3815773866956698,125.08081602791796,10.0041066838973,23.530849445831702,0,77.17015330714705
27.463489279978855,59.49194098682378,6.085244040281982,14.086152503183486,9.727878498143472,21.637319692420046,0,89.85015702486277
30.238584629051388,69.31345857750992,58.22026668518882,13.994963108487118,5.649117649373,25.709968615989702,0,59.04237820611466
20.145619239657503,47.53924051391262,11.411316882471002,84.14854389916219,68.73569241083423,13.491288706312286,0,53.20452275803863
22.366162655450974,59.63014348379996,1.7400751129466139,5.5953870783559685,75.05348570028794,17.085228436782355,0,69.18043782410199
22.030374968004722,52.10579729182319,4.255769518474851,12.55374540079549,5.481256410446721,15.743294285566876,0,88.40459665888443
28.714715473818533,51.641467841134784,7.081105580706224,35.02647549319774,12.748756108225425,21.470444200817894,0,86.5015479896918
36.66257499742546,33.35242639061538,9.051648025862557,88.73834186857292,12.707914659997058,24.26981552634953,0,75.95964695735478
39.15650073096316,85.0898988422,2.5810619215529695,7.978163601949754,9.209053100889003,36.80283741136449,0,69.63771219501879
31.190255507203787,54.70191870269347,6.632672517472475,39.66696869751872,6.163637138200088,24.156491553286617,0,84.4276838288486
30.504222374722286,82.45064082745326,4.16155453143627,62.108071758814475,4.945931644413416,27.985515966047235,0,78.08149772785842
18.994711329236303,81.03188482091439,3.0556524872041875,98.51867626296517,1.6830664432023354,16.689634105210473,0,83.09373514018299
25.28663100132989,45.71000440225259,9.09456077111994,137.10535046733847,9.510171339516223,17.563253009419427,0,74.91700696866324
24.061081240458805,48.673831464907316,13.723390856734431,76.7721917685968,15.55688044494628,16.989612108178978,0,75.75987674205948
24.89576200874442,100.0,14.480935939424496,52.89680458275801,18.871198090200906,24.940599838810112,0,73.76855245039648
27.159280907076052,91.26388912890715,11.69906683472521,28.42450992943401,12.728053316904141,25.99921014764676,0,78.06651592925581
25.639547111514364,64.52722230007844,4.963466429184215,5.94537955969886,12.463596732835125,20.74387587063013,0,91.65338277921444
18.10350094812106,68.86059659626024,13.087267476114818,61.848426685595626,2.9566836612070446,14.37666095677855,0,77.8509538081485
31.73955128058767,55.53730395579217,9.461619382378625,246.2502117343112,81.86631368714926,24.786461599874126,0,36.175705506518625
22.636284871300965,71.4852907130051,8.22479610239354,66.7345687336928,12.897921108818691,18.93433288631591,0,83.31633736863492
29.196234320555746,54.24227148916293,4.5296537542737285,0.8426149704647726,8.492431777306525,22.327265961562144,0,91.32920209103793
38.370413348749864,34.51469353552423,4.965426018402232,34.28474867223196,9.941160810881831,25.897450223121858,0,81.92891651859895
23.403077042067885,45.17666320233424,7.838986467491564,47.67972639715391,15.377500105653185,15.897811435429613,0,80.03341791113219
15.348562386268352,65.3163912177588,52.03411564659857,58.50662845973961,72.50703074264854,11.424474878122961,0,31.099981400361685
26.569978890599447,48.033991467461185,9.402672750999848,63.59934981535237,14.955235234637259,19.0275680121801,0,82.49500224968924
33.50479817499286,63.990838026296984,4.531482724536896,40.834538456228636,8.988499949564426,27.841359806902123,0,78.8925984319007
37.79173727110297,48.88008440850705,3.796533615701104,12.638939243594358,12.670679711329921,28.759799235143706,0,79.47458051129782
21.852252027737915,53.2646911624701,4.985764291293162,142.53889738001013,10.853994519669012,15.750465969619,0,73.2609288975579
30.483496116182607,77.79747959619787,42.175300692256435,59.64611560428522,-2.121324353486429,27.2575538734723,0,62.76851540106362
25.673447716099734,68.71220821460157,5.3687477262962116,13.514380971726748,77.77745927603704,21.380657093047954,0,67.96738264142829
27.47025822847932,64.8550336802998,15.26398951336539,19.454139130106366,11.315175909089518,22.46713775613885,0,82.95015939306856
41.221716735085174,78.18445959605977,5.469883967154662,127.50597911792896,11.296921667214011,37.573313933575434,0,54.38884864852862
20.485148358024233,72.2091289002102,9.106128360092479,109.2335196146657,16.488869068955843,17.012549689545438,0,74.5461187031534
29.268698307472867,86.69844936877051,13.920968368747358,25.9720009307646,13.415312907541324,27.416974841395135,0,74.84508249127671
30.338465858827167,58.102111065272894,4.676162150322899,1.9530118450696416,12.252991656395661,23.98373589324669,0,87.40668334832966
33.42893162469674,58.55547532208737,4.424293818469584,2.4856413515281712,78.88985648239436,26.820396020684026,0,61.012076097121565
28.48991576735448,45.48336100412982,27.857319640687646,16.698049985174205,9.157270420482211,20.21665088307483,0,81.02413538303244
29.54025269752051,58.5652892394137,16.24319928950321,49.59413514149972,13.627457861315072,23.348065208691363,0,77.35440307428968
26.041757162891045,79.47154841453668,13.909024234055554,43.87690008040871,10.20835711069678,23.25541136763249,0,80.37189511991701
29.345634706225535,84.499810583932,13.871287198105144,50.232576438427245,11.729718339900334,27.16872085098577,0,73.37811136732594
26.28403862251295,79.40457752130001,10.672393819813658,63.16543911966869,14.799377306424446,23.478214129345417,0,78.19681221530003
31.107859449280255,38.08712200175846,37.12240332392849,0.9607849118668006,2.9692877900854944,20.962172469141837,0,78.90969854644115
26.15194831978183,81.24717818991101,7.653221279545661,5.551360117248964,3.6951262054569796,23.610624614145234,0,88.97060769213209
29.885501969510933,37.42222065091894,11.726015187744453,22.27401608218786,11.557041755946655,19.848142400601862,0,87.82945714682955
27.853685931575107,78.47175986183521,2.3146758522887603,8.412649097126538,20.154768086745744,24.84684138454603,0,84.01287905840867
33.63025125386084,59.48323210143417,3.819163618949872,3.9153796639395786,84.62718781980409,27.165759953493044,0,58.741177687290175
27.74303138205757,75.53799970900783,2.827363918877369,51.21668599582626,12.751902350765107,24.312606792688115,0,82.74510513502482
19.134837658965594,45.013274781581515,20.47594672597253,84.46099535864971,8.479794504233418,12.297515716484863,0,66.93560250779825
34.30960750356996,82.5675144905922,0.9588389806196987,69.84282875849537,11.981908612546686,31.682009389569462,0,71.01931401197086
23.471338495686904,43.025378808426666,5.35564948252752,84.92432596089728,6.5124171468194,15.621281273202985,0,80.09085885684453
24.7311683067559,54.97317633720233,0.6737034283919118,54.80924347045955,14.379869189562896,18.52056636215097,0,87.16978375213024
25.02169352978254,50.028580583464475,3.799880746023452,66.4664701978121,13.635568816693715,18.021233170810767,0,83.94007275785864
34.87219046585409,38.68572720766252,4.989026697884776,15.857519768305178,15.761166927823078,24.11895223810124,0,84.48758400780088
17.32162893010652,66.41791351382703,22.37393969343653,248.14969150125697,6.4913632670205645,13.36331154987706,0,51.8792405722981
43.688742668299966,92.09133676755442,10.148260904781912,10.11594820795291,12.840437103058367,42.47640230933882,0,55.91952556178606
33.28028404533026,100.0,3.7942500701132214,12.07135114791741,10.123888732483806,33.384393991822776,0,73.44451928492288
29.1161945706458,66.45733680629371,17.335752297224772,17.048645701735484,10.028606405495612,24.22426280920944,0,79.94799626556804
27.725529996918567,81.75021912601284,7.495222395458443,185.11329289078088,6.655768535656117,25.199103325160575,0,67.72381501356645
29.427770374288286,68.48141956892806,7.614493624048254,222.35958217736186,10.46772729693073,24.827209574263705,0,63.226738176533885
30.605612141896692,72.48324792152319,2.82317685099402,79.21135699985429,18.70961265946969,26.550443866671838,0,74.60507252135324
31.226077929750286,59.86777023309142,3.3467476679640544,49.58542403049353,86.62399906519589,25.074911579884425,0,56.88105003807669
30.778022330017244,67.92615388133903,3.818746242755918,36.704977427319804,11.69570843103935,25.98989009244487,0,81.53672452020965
28.447903406276243,73.06218056909643,7.668868015656634,176.37349465453173,81.56924069258602,24.61120507825828,0,44.42166201180241
27.01330789846337,56.32310406685503,7.864103795573784,59.47437833179022,5.546659333771495,20.741167704161537,0,87.15987226820128
27.243633581732443,63.83758550160518,25.41333740306041,144.77636674711349,2.19478712206611,22.105845462886695,0,68.92533072207303
27.025458598236597,64.12354821503767,10.054739690738005,19.030147407584863,7.557769543306746,21.95001859444449,0,87.6253310077702
33.66885048433532,77.39604975995786,0.8470017188971036,20.30637579280454,7.325710472469012,30.23160371146602,0,79.75655250324897
30.967783611404307,49.00951742558479,9.11675190878713,96.45619935702071,11.251308688227365,22.94944527634592,0,77.62139996597637
13.298056826678598,64.22686687088523,2.3163366674703183,8.11741311989367,15.575651259164076,9.430345736244186,0,76.98372520558706
31.279503882648804,93.68008203579046,3.411742849575473,145.87181110082062,17.011813267251124,30.431107267781396,0,62.389682141041064
28.973680973593876,82.46090228878907,3.8584456561243266,35.410437398812675,87.37041223863027,26.507841970646226,0,55.64449972987714
27.90645621777051,85.23768573333058,4.346319266087228,130.46494193708585,10.75716880080359,25.87640680468557,0,72.38001303261825
26.05740773455557,65.36647760267051,2.4593091726204412,20.533390088346508,4.254083162981671,21.2491715920469,0,93.42522129579089
33.620563599930065,69.81496345529035,8.695325676937872,62.93181737774945,7.577117282474688,28.937385371482474,0,73.42737160570752
32.73763231061429,80.03354250054389,2.3901548913202015,32.9735445033763,1.8158607892356855,29.76321106105146,0,80.25746458267984
24.135611660881956,88.40383294296396,9.828969394658671,49.282526870105706,83.35303952542074,22.629861328247436,0,58.42812411481536
30.035261435622676,35.7259563067567,44.23767765717121,35.09653143134021,7.774297436843291,19.623012851824324,0,71.2145948270691
23.14171632729357,45.26838039425232,2.5510696781826128,170.73787130257182,6.6785951276283955,15.692653833728016,0,72.96346040536741
21.101909176055347,84.64166152103972,5.884911818740073,58.89988776335587,80.9790389550347,19.176618755743203,0,62.93947046289762
24.866413877050174,60.846659663467946,0.9814090930235985,14.47211227414602,2.1707180767281065,19.506009144375216,0,96.59752525039372
32.311967361913794,54.92418816112884,5.8080899555895416,120.21811399198666,6.079186289033402,25.1820314367634,0,75.27470103818366
32.76562522688043,46.18758519506594,12.356394744041035,17.40910822043892,7.264126979281161,23.944961732665007,0,83.7420735471777
30.565427100486467,56.67474947683836,13.151178640793743,23.229324368539764,3.6207339765933577,23.944795020396406,0,83.97737438662342
31.625478934239986,43.96446074864262,7.860820452216983,5.386148426012187,8.401298928662479,22.557294525046544,0,88.89460016749965
30.58089143557479,96.36641409098715,15.050492874685492,115.11251734948249,12.98166791932737,30.132972097490768,0,61.43682104169706
24.792592023885238,64.6634592202914,56.647260544763185,16.851461211451163,1.0748708046514892,19.989119076625855,0,69.6166119531949
30.159612723369705,64.13074187355923,29.0739838914369,14.982174149250799,14.767974753312584,24.81198491216466,0,71.82415502000528
32.00204762613841,73.82115012751748,4.86459398810192,126.45082591921492,5.259380267837288,28.07600004898551,0,71.05549358460352
31.771456649067872,79.43517753899854,2.31432208968959,81.87306177566464,18.380107293799647,28.742379267410623,0,71.41526144520626
33.94456685737322,79.18832234831959,5.339216219051211,7.603911862996229,20.12642104310722,30.78541735734024,0,73.68306765379533
31.541519236005318,81.10432915861358,3.4639646563160604,73.33716674454698,13.46912706428009,28.78046833679277,0,73.27388947077142
29.757241037707914,55.53731673813715,10.602375060081998,122.11138350560569,78.77859045427866,23.037962541524603,0,51.67120015568531
33.350751191582134,60.53199792564708,2.8721048795156023,4.088233790250443,13.046425582079298,27.09994517136492,0,83.15639789681
27.8673937037547,76.53547483163413,6.9708840552732045,87.20993013236156,9.326922834683852,24.576898164660598,0,77.8192434339084
23.59062674386141,57.0891640754057,14.445908759357817,39.63954252524366,9.051108502160094,17.821859229561525,0,82.52884404475232
27.18466518028118,64.92340051959162,6.8171623103776104,55.311680269960426,-0.37797532438918324,22.216060524669242,0,87.86215180560768
24.275486775967757,70.98145646637221,3.46581890799296,33.94785083317153,85.64823898755441,20.399017120383295,0,65.72436678625996
24.62410862512809,76.77777623465565,18.91303271502147,59.83382186766867,6.1448184292948875,21.52710836226147,0,80.22116610256523
27.27740664642241,38.33478556444698,1.6434788484140452,1.734637798733469,16.17347639597131,17.932213922432435,0,90.51195888091118
24.037900395000193,75.72118474833418,5.684618140548346,71.92292240545063,8.887389598709692,20.825768086471488,0,85.76428335990363
26.4601923518048,61.49413913222412,7.146852009011251,1.6956136828111,5.231181670641013,21.040549590167014,0,92.95246101841573
18.531926665231072,75.61186566296571,7.483697041148221,30.375990753800625,17.2069955516088,15.591033843613346,0,80.87143798559624
29.066468536864694,76.65397538532243,8.536890614705168,8.182743022938501,84.58779256631883,25.734511094063475,0,58.11558289381875
28.006027376811122,89.11872591678735,12.041413771239743,86.74276630181109,19.84429425602438,26.529755861706438,0,68.89561793963124
23.914556844659046,85.30180471431805,7.1826906037587515,18.819173594489857,10.068278319187288,21.99887040635609,0,88.17233895607508
31.296228342162024,85.19857493915444,5.504430835052984,30.26538225147803,3.437518241874913,29.170381920495924,0,79.31983406262351
32.68785068813279,86.65505478749358,5.333077823190422,27.996481722606703,9.843020314669879,30.751065288776683,0,75.12620821142247
19.962200678155128,69.37068477223919,4.530296357194484,74.03068405003982,7.164024244924495,16.165814322862502,0,82.19249681905103
24.18637610716893,65.48277630555259,13.874250767856807,32.8064792201506,5.673946998231331,19.5499623302611,0,87.21585452337108
24.15428825106351,78.09225624767501,4.405162798728253,77.78498502968287,3.388642607044118,21.258929292441973,0,87.00097862332325
23.300484494455677,75.98121427149533,14.5474669722359,3.8175083352400954,12.641441662373339,20.161300841613276,0,87.88875053048035
32.14737420965874,60.3640064489261,7.502222168629458,10.63454158539333,2.820225109859919,25.98757254586391,0,85.2640009017301
27.030869306135983,71.07235113212403,4.869523822119642,40.09614826370302,79.63795719459836,22.987336184309747,0,62.52863325457247
26.677425793446947,64.47355299823109,12.118409862805851,146.95656301808035,7.936279528892255,21.684625203194184,0,74.07277445236701
17.980688177966233,52.19100637309916,4.1290066613935466,3.8849894201115074,9.52614663997434,12.236642268710064,0,82.72657891703238
31.17709015104613,84.35691112064525,12.311665561940607,2.201994578266847,87.14352208276996,28.926524047427716,0,51.186340995804784
21.80370802573264,65.82798863795134,8.759868530951465,8.512772788757381,14.91963454603112,17.410161589796974,0,85.91081932500029
28.299663151331643,95.73062386548276,4.585688457419936,51.242976213752996,11.387769850799309,27.76287488618421,0,77.14262253703865
29.386884689790957,40.617615947002506,11.278608203781726,25.4574279304986,6.905112157964524,20.06855650757372,0,89.41041429104385
34.80329297919326,56.64831840734951,11.44178242905833,87.30653754909953,8.554993906993914,27.69620775234011,0,71.15247876638608
21.45589800440444,65.48958255036307,18.653162162155976,3.732575687435191,4.010731273370446,17.046220587775963,0,84.53258180738563
12.902439220895873,82.06071646443371,16.00526306843425,10.933558791501115,10.853920738001039,10.932849641404623,0,73.68531346940603
28.919247723768475,70.99204058903277,10.946493936907983,17.835633337146824,17.490251422682977,24.740352959993412,0,79.80257645028021
37.00255590755427,69.65709131271127,2.9979455548734255,49.272674642537744,-3.361036922356746,32.05782146416868,0,76.60737320284207
34.19473176469719,48.091043111687796,52.39806119459075,57.78655068326458,4.982639556784689,25.52936553018664,0,58.067386186836636
29.048297076373128,47.64587904155793,2.403935127660207,6.631064285661359,12.602803979219349,21.06917950155832,0,92.3302220955265
25.541819071839765,69.83756990434857,15.79053230816181,143.9461157740832,7.041781798682392,21.419474946413303,0,73.23364924933003
32.03561298318655,44.538410092724625,10.433554988005007,20.854935984847017,14.536714730305087,23.01095714303037,0,83.33572161619887
23.132269001477656,57.021833745660075,2.888352013734773,62.44306302839464,11.488344576563971,17.405321273685065,0,84.59005140863276
30.381788846781095,72.51375993628787,6.689634567105777,37.138695216898974,7.2894210665855885,26.345030194208395,0,80.99396088124942
30.527350795833133,50.26513591584836,6.937889981237107,12.600183444232185,8.574207349223608,22.797485687301407,0,88.21673901759824
33.3010495374944,89.0803394354271,20.99881846666476,93.614319718306,9.956052389386112,31.728289018469635,0,59.2280411373372
41.79830019455539,83.35904516356835,4.175989264334179,85.25286475461579,14.652553827680507,39.063957331502294,0,55.90659828589105
29.962079835893835,41.42870002492549,5.992112342937562,25.215002578113086,9.495695384604875,20.693858763621243,0,90.27642363041976
25.455181871462507,51.01443135227019,1.140132308754611,44.41038703320431,5.298339062452159,18.548209869760544,0,91.0450969261257
27.87212843904003,30.71334133257575,29.601061864844,14.908557613225504,15.806111365770818,16.91065953645574,0,73.80589882234878
19.15462047555441,53.261129561778006,3.138124741974304,58.53522395280443,14.936186192096285,13.394450790380905,0,77.690362688605
24.52643434455471,76.49582714858599,9.597749955731933,18.482712930089857,14.800304373507611,21.39549676063876,0,86.32617379699771
25.95358780943448,58.79157586587715,6.81328059530629,92.92020533593849,75.58417033532575,20.177899759270495,0,61.839766084738685
25.379558010327038,71.91195865423951,6.831875454370022,12.255726787599732,16.529305430934063,21.562503210123634,0,87.50496630189154
28.76177436016861,42.16498522577383,14.12419928865279,0.745704348948185,10.286877769034906,19.8451482107971,0,89.20209298062946
23.887900338088997,76.96962881872858,28.134876638358367,15.633452619339508,90.24035017344856,20.852737909724837,0,53.00999282981676
33.60515333662236,56.67336158107475,9.0358042583952,10.60106211114974,12.481831218174829,26.638876112029305,0,80.30306708558518
28.001035324590987,65.18254523424358,12.47918946483792,35.492946329687236,15.280820219050177,23.003115960770334,0,80.61282995377343
27.953498394306926,63.60688247910421,9.612970010351006,11.389170670815687,8.548140779920333,22.717581415667045,0,87.12884554426891
26.36052641743541,45.92677218661574,16.676910186342717,72.02483006046651,10.738259202687251,18.50225400697882,0,78.63302317702113
28.775953419294897,47.70373502390326,5.10217488267629,13.81209724857525,12.472332441761866,20.847905054484844,0,90.6384011048231
32.125491323338174,79.51691703505139,17.466983530144216,61.373703744051596,19.064451099704627,29.094547879376936,0,65.13249900822245
23.664348921445498,70.98488236252544,17.964541394478996,43.19332596866132,87.08627280485648,19.82835618710586,0,57.412173384934334
24.709417554623716,80.7507356233014,17.56713113665271,214.33530082578125,4.650454284168956,22.153184680263212,0,65.00297590064439
26.481369856116675,69.86987353253778,4.357426828248947,461.0079252403727,19.10290134132483,22.29895186683625,0,41.90443248114227
21.270645382633926,67.14485952213825,6.458066002867833,101.82909721799697,3.7056472181487354,17.092622203896003,0,80.99177484322747
23.903710701392512,39.1098407199985,8.949284554298576,71.3523531726184,11.562575830977806,15.34689850489287,0,77.5562782192689
25.618895632276704,60.944499548582456,2.4677982692201796,24.425198626544713,12.636773733761817,20.19890939879083,0,91.81295899329525
32.371945903563635,64.58923519394384,26.46799233272437,69.97439615883859,16.25574456509451,26.90856552355298,0,63.98713441072631
29.312806645009626,94.29660797408862,7.316841700585899,156.9518919991673,10.906355797570276,28.566631890270994,0,64.1609901818604
28.967949556837723,75.30434948148016,9.273327882994378,1.182758285243508,6.399185481600904,25.438510767042114,0,84.954232252215
32.25448981083986,88.04091772564293,4.657116352956702,38.60028866680448,13.798854295629226,30.540543304867203,0,73.40097990099733
27.313141058003016,73.96306558842092,2.556139091057589,12.29491850689711,10.753421144259569,23.675560250383537,0,88.394624513453
29.952324249644448,54.33045159575781,4.557508495413524,40.808280384903625,10.800720824576873,23.00539843491087,0,85.53207978657761
27.48389123533752,66.75686324224777,8.805383978209594,31.409851872412236,85.92062295546562,22.766928585991018,0,59.66572229284559
29.326811746998143,68.5433546939635,12.663743273235664,42.873808720905586,7.831435466544888,24.74324624319593,0,79.65539963764942
25.08620671194209,50.912666453439776,8.410098889543853,40.03241277000842,-0.35622033721786117,18.213697700470462,0,89.23099594133888
15.805914208617855,59.23418935110618,9.751091358917757,161.0777695457458,3.704986365159244,11.153817107676737,0,64.51240757242857
27.32860418906848,61.91349509484242,5.642791558584539,40.16887773039923,9.319320755665132,21.889785383894232,0,87.22059811993807
35.1137406804997,89.08429748847678,10.99014380048391,93.61554395401224,4.418549148494304,33.51045082280247,0,63.40484775398835
32.631077011207964,33.788892119135326,24.197910660893378,19.269911580623887,12.956600802869218,21.24054949574615,0,79.79436233358196
32.82698742295585,83.08727631074065,12.985476672990663,28.82163033448514,16.710176654878644,30.33028904777502,0,69.55960617343408
34.18065360903109,50.94807147560926,14.120582864975884,31.78293601935161,0.5606888138882589,26.07413399315941,0,80.4633177045417
28.443287954807186,44.41881219095579,9.34847398149773,16.336950955362685,9.10890493716072,19.98879229327289,0,90.63895470790396
28.986578537027977,82.69913195057697,2.219930622612291,23.88487851053408,10.896592505799015,26.55537998195311,0,83.03627936277778
24.91174052282825,75.97847103851572,3.203573083554344,45.62901613154954,11.93291294585465,21.690110976787988,0,87.32250773126768
26.41963571986475,83.81778053571784,10.632343622437983,43.39738615754008,9.954718681885094,24.230030805560677,0,80.68080380405762
31.07885574885571,77.01052921318364,7.324674803067315,50.5899064350775,-2.095645690378781,27.703557133155474,0,80.42188481868497
34.01942218584408,95.89767502606102,10.505241353900573,21.679181368974035,11.258926228377495,33.49675213542885,0,68.58135757354987
27.302768621595003,73.38085755416728,28.25127909524574,18.97755197919363,10.64501379006892,23.58064244000545,0,75.05730366442661
25.749053675742942,62.652839358152626,13.208080473493725,47.28827928657168,8.458428153950763,20.568942289071497,0,84.99424234967181
28.002639794282988,70.14389565982015,20.228833034036892,7.127842759972,7.472752393222427,23.75663341112363,0,81.04693162589143
31.006033744645574,83.65203692518945,7.970483146276168,14.586616084577923,12.130125058964893,28.653360324309975,0,77.5326813122842
20.78072591933229,53.30937012109825,3.87376715258704,2.1520423506572737,16.447968098123795,14.8208497816162,0,84.59653082835712
16.51909523431381,55.22167126202929,7.054791791141471,3.769100463357663,7.859238734560427,11.323815154281931,0,80.46167054466292
25.247315752542082,60.36559978103139,3.8814102303313707,13.944923359340756,14.343270292183142,19.778735732383293,0,91.5518160500808
21.896437870429207,33.43125801852001,25.703726089466976,0.9861248204801184,19.36224330404362,12.823233365368527,0,69.83029341992341
25.459299011763445,67.0711761262632,13.905895142919181,14.079075412100797,90.38084786311639,20.946691675271765,0,60.09215808671722
27.26109840591264,36.708069440734604,11.205559031952214,53.20711177499522,17.27332145692523,17.617025150145743,0,79.74427321276791
25.733757954884933,65.79588969398928,19.860931518711382,3.152692042725722,5.33919472567319,21.014897904454,0,86.45218660446633
35.26233767235372,77.97934634202875,1.4680791833970779,28.70040237826852,24.198114574039565,31.84721960568613,0,70.5590525705989
29.6337238230116,57.846853090342464,11.828482108269414,122.15491835615254,82.74472172678271,23.31321012246125,0,49.318878017630595
29.502371798054142,90.15673805280306,2.5895480762609,78.33923871614972,8.407982129729536,28.15235980414234,0,75.84010167413122
31.11103572021701,43.092486508722686,7.346290127404231,18.223656567015226,8.729456442008207,21.96107615391024,0,88.65305623472827
22.305834411096154,82.86891022447749,5.75825182493569,129.3838456135964,5.504019519759904,20.116572195348123,0,82.17295805989703
33.195558937101346,75.12705584610381,12.545841921433622,19.99750444717429,84.30666291850699,29.413905047443674,0,49.504250050564586
27.6211785673227,39.259501275339666,8.868891628350699,3.7639596140848925,9.359744106351611,18.379617865759503,0,89.63867032093822
31.352403086206063,100.0,21.673574183528046,256.268284919777,11.730734719762006,31.442890090638105,0,42.46180437371378
22.64071383479922,64.04382071744051,4.565291060928369,102.0197064806436,4.094974957845274,17.936800508121948,0,83.05559293103929
20.23120616991968,51.837739667665524,13.030483690002821,31.361678698770675,10.476320321883577,14.14487935561959,0,78.07380254458971
32.08944829012514,43.893692078239745,8.413003743368455,54.88711199237947,15.969911365894221,22.929714718518483,0,80.58691106266869
29.882047630487584,61.69972958510489,1.9972431086260787,55.61955071938394,6.620608178238443,24.166695145496657,0,84.98251126275743
23.48974222821245,63.0888969141506,3.5434712761985523,10.813500834174198,93.48660952172223,18.57869832014095,0,63.852758584787324
23.651684593626527,66.53968292809496,6.554144339712965,11.160217230206237,3.9109834733870743,19.20589344959838,0,93.11208512372477
33.62717392207385,60.533057656640594,17.99032223888337,31.70437297298613,13.97213344625424,27.349034232408147,0,72.1534724192294
22.05294053566336,74.4983796517264,10.707864227571038,121.27897554468919,11.92425282341101,18.783557488008658,0,76.71875562262154
36.21336476627982,59.1855525100513,2.903739360078262,0.5022023925812645,17.829102970470565,29.426270650649638,0,78.4154697812381
23.496896326760655,35.97553824139294,6.604472146772036,76.2791170599989,7.891440740782486,14.500269713145748,0,78.18977654340522
31.191959628041914,62.759577565255384,37.12331314929061,2.962388889907187,10.683663279357551,25.52782230704896,0,69.28914998267135
26.356907621255075,29.487835199400827,8.076661996031525,32.525664454620006,8.086524294585981,15.51437703998533,0,83.28516001830491
31.015937155411716,70.30655946337085,5.686753596826436,50.78799194959623,9.778699398607117,26.590876599103577,0,78.93194264176942
25.279429989429037,50.31049654576047,10.950572221900988,58.03916346533303,93.26128633822952,18.28685633573413,0,55.063986600040884
27.18603546963853,67.450405323737,13.608770351252021,3.0129453145208345,10.549215465669054,22.596032012893758,0,85.48386711835825
28.204595876978605,84.71112472286906,5.129793074508121,27.116125636368395,10.466825964657973,26.090576681654696,0,82.09868388840773
22.989062721092637,50.76876957098,11.045905535212459,43.83394472521788,7.569317665755838,16.381650377012978,0,82.14302243680618
31.704121727100627,80.91884387768177,5.679643136415062,3.4163798543741435,9.154325196640176,28.908308056718173,0,80.4046366290644
25.433932167642073,58.4991564997077,13.137386298851597,7.256754600424185,18.736186642549455,19.6696402027358,0,85.964696147119
26.857000423299908,91.29792203098378,8.463429979469106,54.47999951080283,6.036885848144085,25.705336892187574,0,79.7499844381891
23.028253126957438,59.5227108020268,10.865300398954735,36.86939609525252,10.237897085763938,17.66429004851433,0,83.96421290184756
15.188331706023448,52.39260521739963,4.02551624819104,8.826636895288491,9.590711268201687,9.833154682644816,0,78.65740645427562
27.044861186999157,75.30857675592932,3.8304063445273475,38.31163544711492,8.954680091637458,23.617667483655495,0,85.84223869366244
40.063077108064576,58.46315405564546,15.743031827576937,121.91587298181501,8.904464188331865,32.72820657817361,0,57.876432191325655
31.92302143949012,52.37825728806487,6.934319301609399,0.7855174286688372,10.70583124693996,24.384268162821876,0,86.30927594644895
27.903698101328025,57.832402239443134,9.281542899306752,51.44970892220167,10.123129942783985,21.769888956817613,0,84.18504757530538
26.68554585395866,64.33090201725499,5.782774925131728,3.8251807572559957,14.843118928529186,21.670741696687895,0,89.27227560716696
28.11232946406023,85.13270196867282,15.164867732513986,0.3235165239483794,10.835089890584802,26.061688102126396,0,79.68098569796365
30.73559557587605,35.988683818106345,4.543747063268916,8.164460637466487,19.582271605081765,20.23115828466087,0,90.037519109267
22.095935923455777,65.34620988425631,6.629431196135426,27.48756045102942,-1.5912149017624948,17.614168188769845,0,90.88818560723828
33.57160847334436,74.37355391981065,13.857051687342814,81.06135639292383,4.503757212167426,29.64658129974823,0,68.99421416335805
31.57690657720622,67.90172862487694,18.885117147171993,16.54935016520239,88.02990856665728,26.724971043148205,0,49.47174698961903
31.59092862853967,84.64797754150301,4.859777073346923,49.13130497052201,17.208230916711003,29.373042448811947,0,72.86134032081941
30.192378694048635,63.884820053622136,35.43667091666794,26.47975347510606,0.8175558071478672,24.802218940822982,0,72.15784218053832
28.09808328846995,62.23172836721082,9.493367101932192,13.350317592913285,3.476031131895791,22.63596068798264,0,88.80566661380335
31.3643061798341,73.88494320520014,3.208031119511302,36.102762499835165,12.516643869227833,27.48474633801305,0,79.38637406016531
30.95907066870689,66.48970722427025,9.926834431572335,79.84200258120326,7.27735941532652,25.925743483275486,0,75.73798082940476
26.22979644529488,59.14386892579294,5.4390294140414746,89.33631884254278,15.308976692268232,20.478315366650484,0,82.52638812799319
25.131991135515495,72.74216059379569,10.456824105642701,93.70909817754698,7.218604675647948,21.44705011531512,0,80.82390139790195
28.509281476309933,55.21207560175032,7.140015890232171,20.666634769952257,11.466531180085124,21.884018830044404,0,87.7151232727937
35.74510075747594,55.83234271971009,7.841412250653942,78.86210637722738,5.69920610369299,28.375843244813982,0,73.72958300183166
21.804464621730496,57.08008967351579,3.5634361810349846,11.924184032288741,13.721573211813446,16.234578703166413,0,86.8038738237321
20.662373671237802,85.29603740249611,16.314413560161118,67.05173083830849,8.956913816810633,18.831612554945828,0,80.39940102957046
28.823804206182583,20.0,2.9302803653360003,148.1965917804938,13.992306694889413,15.10017578745611,0,71.70136208883697
28.25443850928009,70.93398252144414,3.0434388710768845,0.6919577788835195,9.939022167030528,24.110320227411986,0,88.93059705644505
28.86670832185204,65.51407721300333,9.913408942159876,29.02342918097994,74.31273045793674,23.84800829777424,0,61.59803001151513
29.219765989542502,39.7869431114282,26.636312002453494,52.173685691830215,4.203588003845785,19.77421237391519,0,79.72459798918109
26.883988726825976,69.64590168704004,5.572955492868193,60.49548136977392,11.572763979286922,22.640954902505193,0,83.34495376973508
35.44931719301041,72.13627987747299,12.945883461148489,9.684562874918626,8.689823890792809,31.039325203454258,0,73.1030062131549
19.99548010761742,73.844588470361,17.438355886796685,179.10589145289032,74.01275823218532,16.757820988198983,0,43.836044982882655
23.85751487609877,25.222579054325763,14.178795158598641,47.76007249027251,8.682502635369806,12.816219615170311,0,74.46475704930563
27.483726199254765,85.49584117781657,5.760552375655068,8.976708332587666,19.73628369332141,25.501682822019397,0,81.39076751477747
19.784055944229163,53.933949429727384,3.0868854149238754,1.0368012361410435,11.45435595322043,14.032085131716755,0,85.58288621542562
27.120727977839643,75.29851620129764,1.2635964082437412,76.45380865739175,2.5107066261026647,23.688067112082663,0,85.35381805331407
36.30735082864009,76.11610671023429,5.987821164300326,4.15303625212126,62.78766499224876,32.52855099466656,0,56.868737636554954
28.10443244147981,51.84954371571061,18.962624208101918,7.602281911569484,21.95936694728642,20.976129316008066,0,80.97447674835118
29.153504528593416,74.90689928527325,3.006171108973957,42.763312660049486,4.564848359993624,25.55430287964941,0,84.36751274003609
21.6991761741371,59.21760138631463,12.937989137172027,46.254655903913324,16.891149233350745,16.431074840513084,0,77.9217690240087
24.918192959802614,33.92934230992764,3.4551918225676173,58.05957549917227,12.881780088069043,15.260159651717277,0,81.06275932035186
26.124018098380315,82.51612888291669,8.04344972233996,25.00368275047033,6.667600365182595,23.761439366748533,0,85.61321435859932
26.41142451621883,53.3743255547564,13.016701859959593,74.33860063965207,6.089066279989506,19.74869290028382,0,83.65113959648423
34.40821897501884,52.18259805892919,4.359701756414918,183.17735156280511,4.14782121251249,26.50796409246974,0,68.35786075596991
30.78845530362562,58.95401197944917,8.468790874330448,15.81058964380363,7.42567668798109,24.52864915400595,0,84.91634630478512
22.44271021531484,69.08355087991082,5.301166711724587,60.70597484006017,12.631429343409897,18.433463122495688,0,84.71853739607192
29.232523892160025,64.14094383766846,12.989208887210777,131.8809748661951,73.66540360949541,23.967345028868596,0,49.81114598997374
30.491108742483924,73.22100387060756,8.91962347865334,57.96379835445337,11.00969951667741,26.55798095699973,0,76.23693715083593
33.700745192606334,44.90765950207012,7.730751987352687,57.145374553060726,10.139997725972815,24.476603955421933,0,80.32518137589375
35.90270343284187,53.86420444353898,25.704857147587116,12.665486033151119,9.117964731858361,28.135592825951047,0,70.63831200667863
22.924529040860655,63.26004391517699,12.55155941325168,38.299895664490194,16.61881031417645,18.08825911837604,0,81.48701596643039
23.94571244394831,93.46830938988059,4.25339933643596,41.336539425049494,7.169951357399883,23.117491571672566,0,86.67342524596826
21.71211070542692,63.29281192379363,6.898533683359481,60.22023862319579,9.865500737553077,16.98944561764859,0,82.72437747662255
26.829900704465093,81.27833395492448,6.953749231811669,287.56650641795426,2.1322838830488413,24.268141218180492,0,60.653501620678384
30.331791872231673,65.57832753176477,7.879430723899552,1.7111399502502969,7.846347675169911,25.20235166292744,0,85.4701939235774
32.93667258294551,57.74512043843647,55.679243050012715,3.372880811917986,97.1683679142444,26.237255509953314,0,30.077751157457072
27.620244881787386,61.299133638283394,9.94113813054616,4.057795113080616,6.170579658396897,22.058877014621707,0,89.478476015354
26.40076238372578,62.473704319566785,1.4495859209872486,67.92990043118115,19.639745901210414,21.13378015161062,0,84.2349648019022
28.758789961243703,74.05468608441107,4.786315087780714,7.3296039560943544,12.439334168480048,25.053031285330672,0,85.14789040967752
23.824285491849885,85.61916901364832,1.5747591343378073,48.702861681238296,9.242919660067868,21.953334758134393,0,88.33135890748305
38.44769360847387,70.39521271529482,5.675515489312365,19.627607856079806,10.85287790738511,33.53687201970584,0,71.2765474710487
19.961694864409708,82.80616518112633,1.5070465618570668,30.5617685337111,20.57271731150651,17.840758483410195,0,86.09386515364682
28.923702894478623,50.52815393555471,3.679318788207045,12.145835390593023,8.057153766238647,21.46200780607917,0,92.06702743563886
38.1180310961482,58.78054236778954,2.1889517500508506,100.53555145065988,83.61082863025077,31.053268898431472,0,44.401789422177785
28.033999222799988,54.135461986885,10.04754315443436,44.11262364686588,3.820389132454035,21.290548153959765,0,87.35568078300524
27.049804824992528,69.71666886312279,7.392245091468491,144.62563963784817,12.395937653934803,22.805674014492357,0,73.50082325076414
26.212772885947864,59.615624222308796,9.415618434133474,42.73582801635485,11.405825714473085,20.53442951434444,0,86.41502180495675
27.09804159118796,75.94659405551293,6.796167763610654,6.614210282678043,0.42997085993256334,23.760421206063352,0,90.15653966085432
34.86424237338265,51.034974325513375,2.4219228719249686,9.368942197318288,12.55296335402195,26.681497982130306,0,83.64557625310292
16.940690443352466,65.64546459981922,11.1430623713216,225.83039230414087,13.189659800276445,12.922528793011978,0,56.83266950668426
35.66716850648163,75.30286866518384,34.39047540278395,64.65207796441489,9.913079452286723,31.783384158151794,0,55.36011844750993
20.880214237749275,34.02045837439084,10.250946706050344,2.5267185973178523,8.27148047186462,12.12661101214622,0,80.05461114817416
26.666738353827927,96.82446960995304,5.255422078670162,60.832812517736144,7.641787106824207,26.28485860392162,0,79.31445743406746
25.853777898506692,60.752721726801866,2.357369217991514,26.566133584635764,7.853628885634109,20.382196821888126,0,92.9735305044971
30.9427663488536,34.62440129485741,3.5735032723059463,18.35130137494292,91.68724505272479,20.105885673056868,0,65.6568746991925
20.009378240581263,67.37140847865179,10.61673707565233,8.365389107977945,8.883328152829488,15.957534781531667,0,84.83028533939705
30.310863330409713,65.50165201959726,17.4352570166671,91.59906799126144,12.911564427622412,25.170843708183735,0,70.06234432105722
38.12154811643426,63.771584306412606,9.103809386026892,3.2985174985225103,1.9800119262252096,32.01211477695654,0,76.4400674162911
21.184129977035948,79.8678666939,14.011940118858755,17.112929633389975,7.496227906546482,18.6492521466379,0,86.75787256167298
28.94853083805198,76.21167457140584,13.015521349371799,18.29175954694399,3.9528877305408283,25.55617560952179,0,82.0111707128234
24.690089111016956,69.46814286535768,11.080951057043608,8.771584365282871,3.883464761067482,20.57467307335936,0,91.42586817122171
30.12943603096518,71.75233450919971,4.363267153139631,35.482620607540944,3.758626219851368,25.989783897859873,0,84.03255310926916
28.09573888707876,63.4346232584287,8.492121145520656,0.5885820755976121,8.951489468522235,22.82052528555033,0,88.48046346851368
24.79256545477845,91.63236273860073,3.748282581810033,17.9034754668314,10.329315331598787,23.710810512068903,0,87.32619028377556
30.43936142435537,42.8120597246335,7.492804517555401,135.62508775393374,20.668228023409483,21.35121593763939,0,73.77485571823334
37.021740548933714,67.09477511323846,9.628147357019714,18.591573393172702,17.89428060186742,31.6161216855719,0,69.93782625319255
27.045481041363505,65.9753694678317,28.304676714048686,22.350257635949617,8.35128420565066,22.246302066862686,0,77.45942137720311
31.59878971074091,77.1992060909689,2.5914418522080735,32.04339819990817,13.73158261279563,28.228051092385027,0,78.58066841106239
21.53363521064418,52.34219183862651,10.861301000441639,41.24182780574293,13.065612496145922,15.344661754373956,0,79.10695518538384
23.217818115909957,38.84491096405196,24.16702917195575,82.69787967098861,14.686031352908426,14.749702280566225,0,66.8759070834698
30.362031389401885,67.3523452414729,13.559375307343018,10.55588408842981,9.123875166847272,25.51379824093098,0,80.85273485380662
35.420580142679825,69.21845738327906,14.387450797884744,102.6872773659488,8.703620128106234,30.509788212878366,0,63.87165783577645
29.7780667439283,87.34399114171474,11.82429036894341,70.84785619672782,7.927418912661748,28.010023943109335,0,72.34556031030426
26.434709847384227,45.94456930512371,20.87740746642942,64.12381195607229,68.12258591875636,18.567665068684843,0,58.29288403461987
27.99645702711677,82.3204065007508,3.0957105678167567,4.540268639347655,17.649417442025754,25.543045376332504,0,83.80041064031619
21.747961330151412,100.0,2.4381965988959786,1.0939141877727658,6.576595537436729,21.770528722634122,0,93.82351868534464
31.022576631776833,59.333526687162845,7.351708150319936,45.071670144728294,84.03154339048216,24.80221289576502,0,56.60314510322562
32.41166531161704,45.635866707601636,1.3113672787426183,99.43763300882624,10.308854356882728,23.53963484352781,0,80.65481600882677
25.7395483358346,58.89538450439943,19.77694060980803,43.90658970407058,7.608836960707857,20.002067917216642,0,83.18148986196135
25.649789261202493,65.2100745105707,19.620445423380293,11.991275321000785,11.044596367388772,20.852686062110724,0,84.03008854058076
29.329391148260243,73.45681812510372,5.2242934087573145,4.7441079581182395,100.69634504577714,25.500529735223502,0,55.097199548381894
25.816401319797023,56.12907905242929,5.492499985691841,60.131427548262614,11.38921404735924,19.652266062952815,0,86.92260166430395
27.669336926870887,88.32797801221014,6.973533257139093,63.96540829697458,8.625838109713865,26.08639833696927,0,78.11181566637447
38.49860894583258,48.28201527487907,7.7030512788943,9.469224072608478,90.86428501659016,29.235296521213233,0,51.0605121659421
26.76487149627002,38.911922717408004,8.180384344208607,1.4297645764269693,11.6481276558737,17.624256102244335,0,88.32050630499494
26.20829923989389,81.60065636430976,11.54884792803879,26.236383314127853,5.702295893289432,23.71453679593406,0,84.12936721290359
24.762290971824203,30.880684531907008,6.435946507170692,43.69973546931794,17.066864623426035,14.579309914553022,0,78.59206319683705
31.720959857499682,61.93805346690926,15.714040982614947,61.2091853741907,-0.1664955552006333,25.870219316694772,0,77.2722305146315
27.093879133909486,100.0,10.556673526578846,83.02209115930482,89.0172563772616,27.154262386798354,0,46.015641748162025
24.753134808392872,64.81934670560102,4.546825255141034,47.149375446731604,16.14057646890464,19.975284095791825,0,87.5943838151425
34.60652016136506,48.18848523955626,21.500799795733464,5.876187697304354,1.9410746825639933,25.899415028194046,0,79.16583389592377
35.098015022568184,64.1390380431981,2.4927696737960288,57.376736441711614,10.235601359054618,29.321227112502736,0,75.62223373049184
24.997882171306475,64.237988170707,6.863842055391956,207.31340663817207,10.565103551494142,20.11572861939134,0,72.14144419556843
18.66730024319692,67.40974910529675,16.01513032738532,118.00254602030789,13.056455736191221,14.722963687252786,0,67.924473853092
33.03756844918461,74.9339447323943,4.143502795882776,102.65708541712604,14.386811046032378,29.233073431291754,0,69.01732623139759
24.57685087119998,49.41333247448391,9.465413939553088,17.988998932842485,6.335934194481505,17.544230130193366,0,87.67276026740208
31.953127995813844,90.3132208285519,11.412071259580483,69.4726023591566,7.9043310320554765,30.59096230318905,0,68.82548366882537
18.149480911440822,68.67671426558927,3.712037456834177,95.22517411874597,18.553878888471935,14.397223926229547,0,74.03267345289532
32.462986691496546,75.90191069602706,6.972806683826721,56.71086523943677,7.563300369804173,28.844399105621807,0,75.05481135244219
21.944140353596094,55.57775900366536,6.519495110058957,14.421568092814722,9.904234547993292,16.15185134190343,0,86.22446113254644
31.653820595332622,84.295732054933,4.752209741152185,153.77555366725198,19.690952353885194,29.380187841566357,0,61.61240721572078
28.071365339182172,61.14421386780403,46.5878548506633,29.966397534253336,16.71126763151805,22.44207781118724,0,64.47589356062281
23.230302903016778,69.16328770240298,4.012902990745381,6.951929825931239,6.750278523461548,19.175769754110846,0,93.8119173120466
25.964818435366098,51.00340884219336,16.50963640959431,5.814214563730466,12.28606318105993,18.98679486679245,0,85.54859824533183
31.431592284783505,50.0460256039681,5.396546362673756,52.137926142935584,5.222406157903813,23.53599871058787,0,85.04313408585315
28.52947226557617,75.32307959679324,3.0977964894519014,28.78684595580528,9.963813432752321,25.025997523339516,0,84.71214973043348
30.922064902362422,58.34589754688921,8.022510433445975,4.9625097086946,17.5141354262479,24.545435903525842,0,82.83629481503615
37.88220292257743,52.192653687434344,12.41958556399267,67.42384162850946,20.81737426850071,29.528126593097834,0,65.81650840933906
20.178791941444743,55.352249869594544,15.431450390606123,80.30347142224734,10.539041641556176,14.564759090547682,0,72.588052417775
36.08606287484312,75.48429607576132,25.785494071663365,64.62483546437548,103.14673447712788,32.211035232347356,0,27.94597174350045
28.521779687616064,55.56443208194584,77.96009022383998,11.29868246857402,17.676668583192566,21.952643780857358,0,51.06889810887238
23.50607975838436,63.23517602596754,9.028726819811652,58.522945410537105,22.80648888385553,18.61394557196357,0,79.95209744570064
21.348431871305053,65.22541625430645,4.347175226463473,0.5390353221449792,6.541857872883436,16.912962718935507,0,90.96133364199588
27.054398046114834,36.23976670984551,10.615332958291363,18.200239924562663,11.58629290639491,17.36507176229159,0,85.05781953637046
32.6082505596223,42.933103919397226,5.971688030855941,25.443171789789666,11.405361125088097,23.169432333370786,0,85.91390326384085
27.362254398112327,70.04416833871343,15.498959674240782,90.16537930539454,12.075362548495422,23.14502628271811,0,74.49132195876452
35.55577465123674,53.944559582709545,2.617627996641129,24.747152206155455,10.813078117911337,27.84735379733174,0,80.84108071242918
20.744121549742204,80.85087366920628,49.139718272701955,0.5666713770935325,9.669890070269856,18.351081911043163,0,69.67679990241446
27.939555260769726,79.50210656375816,14.65583391751688,21.71996558631608,13.194615111872759,25.07914463601114,0,78.48316449130232
21.738032777934404,75.78752999533155,1.9209056850125008,34.54988445457085,12.061103467827236,18.65331699059637,0,89.54416637532213
29.81815941312484,92.29657680968896,4.190319056403554,148.80117534957415,8.729897169146628,28.77719894453114,0,66.94895879699521
32.4344369504865,63.75366008385225,14.19464577339326,141.53997121642203,89.50149760059732,26.82476321153337,0,38.67770264082867
25.896191031594732,74.73322888855759,18.936196418948402,9.975870373477,9.208768137791921,22.44819973608432,0,82.79242576978766
14.97893071686433,56.23398535105953,2.670350929952184,10.237349386177796,7.03628135294026,10.079799802716149,0,80.4153621828336
28.99474073398247,100.0,13.071322132790218,8.919352743266824,11.495978110900449,29.068563368077253,0,75.13756590352884
30.183692758667547,94.7545047865403,1.5560150561066328,77.77636126881035,9.33919123822338,29.500106457198218,0,74.08113291319387
30.021473774808488,65.17820651776688,6.879399097307128,0.30201229901281024,5.746380047267023,24.853728359441053,0,87.3340466665279
34.17891095911077,70.79879344857788,17.986787735527464,6.801135995489623,9.810746545949415,29.623245668728504,0,72.62137518094474
22.644731601754756,85.38946399047208,4.753054271421981,38.60515071619276,9.631739868711216,20.773934256756483,0,89.39147645129793
31.401080527252248,62.79290742778839,2.213250303614912,14.22183833367445,17.56063071188327,25.723290721889907,0,83.03271136136249
33.962537562389876,55.15063893800443,8.30594760503255,4.845177630600742,5.854499739419467,26.675888347852784,0,83.39717599950465
19.107062079967417,78.10984626510324,4.554997157588402,22.304825753149977,6.823467328158982,16.44141949544318,0,87.87965897966924
29.598259129594886,66.17658869125505,12.227000876561185,16.02456312171034,6.834068303173833,24.623735163366767,0,83.0704177367736
25.479100844961643,67.7449167446789,3.6391089372626726,35.780305900767814,12.614857869484727,21.061776349859237,0,88.80479779334145
27.59238663449177,52.48592985398052,3.982423239945751,193.72093429628416,85.5798294658885,20.635966323844148,0,49.15613564266965
29.738382417691682,39.234917774549054,1.4669686712852084,6.636850372452077,1.8864671462806566,20.087981764586864,0,97.84203559813834
25.56385717943224,68.54213614818651,8.465133352363146,23.318647792930776,20.19320962524133,21.254620536894986,0,84.82256786410242
24.62145960419194,78.57443062241299,6.496581070576643,134.4013636334662,9.403453440984876,21.771104662316375,0,77.5204316275622
28.170762087440124,61.61289876385937,2.8556293693167523,104.72696446053166,3.532747386350649,22.605193469878596,0,83.01411620235368
22.563770305685985,86.546442793383,8.628226423146739,25.066132253957928,6.415866960459429,20.84583056999259,0,89.77190538788881
22.570874355574073,54.44125511876683,16.80466019521471,60.024487945485106,4.625052164347973,16.5446748006461,0,78.87054925403064
31.396866414782515,49.1794331755112,6.2186052499557425,4.597925892162172,14.170137843631654,23.34772306290355,0,86.68594091024003
22.25602982420672,63.99154539205803,9.157136859090501,62.3337615416364,96.89919716047667,17.578716404851352,0,53.256397636742584
31.33156250454606,63.76111136973064,9.194900157662996,180.33314843531292,3.891318151537453,25.820682940750054,0,67.34110461599964
30.312956464269757,76.54953097002834,2.8194339511433215,38.55415534320443,9.28416833182234,26.903824856352553,0,81.28440742830495
19.370966356047017,53.37555763904023,38.29305915153132,34.506609215062994,8.096512871916882,13.598159977249594,0,65.10121184463014
24.612176738321725,85.52141355222346,5.069895144860636,10.370807620101203,12.87413242230931,22.707856850625674,0,88.07480891551795
33.97054701523686,94.5037544376238,12.489558328320006,50.227171072400054,-0.502571581168997,33.232202498734466,0,69.05172384088796
23.09417234430159,64.41283959547488,13.67230456045333,44.63326134629166,9.637974263410515,18.401335635425248,0,83.08986695047854
25.677978688453063,83.74565630276479,6.608283238752332,52.76802299388773,14.676343776220994,23.500683989698974,0,81.27591550461293
30.31030446625948,49.1525439406211,12.006354124810455,1.3214744469515898,4.713477062343433,22.41257691489415,0,88.67465109977725
31.91695254641298,81.12832311772874,8.994878658723726,39.783750973992625,9.554997316957646,29.145719966703044,0,74.62060651753175
26.74230556977752,80.70914612839194,2.377116489736039,45.18536722810191,10.239443913376075,24.102971032116884,0,84.72530051302111
25.01244902654179,77.95155920284819,5.664291605000834,11.630039985558897,8.727816361571684,22.058951136656933,0,90.0071513734344
35.11184930849254,64.76655366694558,4.5265464610645685,11.68071250572867,15.302021055393263,29.445113336414867,0,77.30031182914146
36.6944983189879,20.68626588136953,5.1069582211194104,16.163263486503077,8.562848958868962,20.681179353374016,0,91.9541425244393
32.89429025390898,55.37409284521806,2.6033457839276624,62.191428520186875,1.388857196434028,25.775576273027454,0,83.35286744766495
28.42659071282512,55.61125973473097,18.19500258974368,46.60399429735874,8.21849341133969,21.87630156810442,0,80.68814911945576
23.95867139179537,50.32617592909284,26.618171554264652,93.46313020569134,3.831529178357254,17.15195955034363,0,71.79536413502824
23.847777967217173,66.833645068206,16.157791526647365,17.52460286065041,14.08933212474818,19.427253346688115,0,84.61307992906072
30.61257052632879,58.71554831718148,20.41813301494172,121.55960857799278,11.881835185995543,24.331284688077506,0,67.17743387394842
30.09199110444342,52.63081985352467,5.6085495024678,68.07153439871581,-4.242635443258031,22.8357694659408,0,87.54912942440266
35.007992964732146,49.11799777628271,4.441510547613671,25.127305520808708,8.842252530273523,26.427382773341705,0,82.67802250400857
31.252250462680696,54.26730521772157,3.9635114515809438,5.0054976246987,3.537854186999435,24.134837959546942,0,90.13615284341944
20.48459849120091,81.82248817774892,12.36972479482369,14.851862296469175,14.569448707629764,18.22325522924701,0,84.80835131426849
33.25973808861459,55.08462418058759,8.860918633799393,157.05896708083637,13.17126438235713,26.045011975581083,0,66.40570455085933
23.009696863427934,57.275919403500914,6.946393685426304,18.5795225913038,2.2636072437654056,17.33236661267615,0,89.9128650692489
26.08014364023824,58.149535774651305,20.824263793106166,20.016487842424315,5.04697831462086,20.193803610512735,0,85.61318779856177
29.251001031258472,70.0849027071413,10.215979203535088,10.510683378722572,10.759095463718793,24.911008113904952,0,82.88806473492984
37.978337448919824,71.843742327928,3.7775433463766164,82.21456510822203,16.548785829370182,33.359162455728324,0,64.33476618927361
43.549592780026806,20.0,4.285653017943378,16.123630629913407,16.519370729656895,25.118608481434933,0,83.06044079599894
31.033615295680914,80.32452820741412,12.750807965034948,20.043154311345962,79.49299118032744,28.171832933813622,0,52.864867458851684
27.084016906398062,86.54552051365631,17.002940201375893,26.751485380499673,7.461660753951467,25.260738885476556,0,78.4450527817301
30.672528242402752,49.24720193957496,11.488473010893136,28.434062245330438,5.594293455611188,22.7397507293636,0,85.43796669077126
32.43827712936918,50.41552632897748,33.700443526574674,26.495392715788274,10.931262299506331,24.47046930291902,0,70.15078091091986
26.396661872214043,58.24619918332593,27.330566629066027,35.03313712634434,85.20708683685403,20.490876159827547,0,53.69272645413989
36.97605677956161,53.65993970815093,10.515271908018915,84.23849156197551,9.07557508450657,29.03472492537544,0,69.74123580689431
29.15035379595701,68.35890310919909,3.777775983843216,85.5417149881765,1.1467384503886286,24.551134189984506,0,82.34799307415445
30.48871544545697,35.80212070461704,2.59091213817843,80.05194757392209,3.9064444961531732,19.997037390957136,0,89.39275709456989
31.329621260272308,48.231085879448905,5.4199934338727465,5.330555928815382,21.74009254326938,23.115662148284187,0,84.83675695333268
30.10793305307228,88.08795800262361,13.49839456326315,80.39166085104132,7.09466349969988,28.44316857182523,0,70.18199594229316
32.194702502348065,51.07670048977973,31.858928214737354,6.405975934041414,12.77433620107244,24.382534474237655,0,72.59802452084655
24.913734067265384,83.65142417154388,10.31869839443343,6.660787553785495,7.951530550236523,22.746687372774986,0,87.40403080483009
25.208491230269846,70.33007293385205,18.821093496872813,147.69380147227605,9.99588405568049,21.17886535276602,0,70.71981372329347
22.499228835141526,37.86098428117613,6.0724005888609085,85.57293519963092,4.872650778008698,14.013919467788956,0,77.80316846128699
30.19750615310113,74.5299379282431,12.160771255968948,40.19393436206993,7.7675820720278645,26.483885410941294,0,77.5851987953873
31.89468251756057,63.2349904671072,14.2775084526374,103.96016029534798,11.994340620655716,26.24587733353795,0,69.098300203621
30.28886433075943,58.16799415625389,1.5163779739312604,227.17856101752986,73.53932057891672,23.950524176416526,0,46.085061787017686
36.37246216673769,68.67435639758006,5.308179634405376,47.162811061852224,80.4053960962479,31.298042537430664,0,48.88076657171679
27.97201990585477,72.11950228350189,15.796056297011033,47.45340918212946,7.6047501323142,24.02336838981008,0,78.78666163779502
31.343708277962563,75.6138773296193,9.203415530835928,70.20805711741292,13.309697920353997,27.737259577087816,0,72.33503118375768
22.54149561930343,82.67379271322004,2.8371157679982324,13.207324488142861,12.661860056483617,20.319093165588704,0,92.56144989997567
26.064501487627997,71.12203869167534,1.057494149376093,9.14357709152805,8.388794230821397,22.091116362053516,0,92.62395592947175
31.47768878782889,44.36548866820458,5.514469212601178,71.26855023571954,12.946417164787983,22.511626681997104,0,82.03299795886915
32.24551055371572,57.89531813523213,6.977784403508622,21.148735137764916,16.350430738400476,25.648121160189326,0,80.47390896471839
26.530165261679088,100.0,3.6431971721856367,7.255355606406903,0.16231457315438647,26.586562301917024,0,87.51891754267282
27.642003740709665,75.86736590572592,8.285176461972162,18.90789771698495,10.649239152334303,24.265037458301965,0,84.01931942575104
20.410631266595953,100.0,11.079642304230205,22.207973684548616,1.1873644432749302,20.423733880503935,0,91.20799251091583
26.214853995966955,85.93151123298779,12.635998150609677,167.94665108076242,91.68731730855284,24.32632936107129,0,39.83540267216104
32.45191581759893,68.62703107333623,1.1221706163850154,59.85974317557786,11.939136710044792,27.654149893754674,0,77.9920032969361
30.87602508053283,69.52110604671677,2.58201969900276,37.84230989827517,11.643297490861572,26.33551766303074,0,81.54038350250447
30.50332860690605,64.45129940184731,5.790982007811138,173.48420623116024,78.0233715398694,25.17770239586609,0,45.981744265889475
28.2488684359048,38.932930762302504,11.678371073979001,116.72429813097853,9.504397404216885,18.82629146345309,0,77.55968937701999
28.03531579314088,65.27070878702337,10.928643765711994,35.87208142437076,5.3328936664486655,23.048038490520025,0,84.59878101677734
24.698394302632764,83.16011828813296,10.777880782938349,118.05290784762006,6.562380840475163,22.471079382669117,0,76.91168946960676
31.494142101012674,56.00540007768194,5.437207742284153,25.90129569277081,7.2347749614153205,24.651670406198026,0,85.3021692964787
30.10486472194695,71.17929498592714,5.685353179938266,13.095561603288996,10.507779928051223,25.877567282300436,0,83.5288230169009
30.460094239963997,77.77386568839796,4.126116233588674,13.242448934173328,7.26889792256409,27.23160954535578,0,83.34231669756663
25.369825786662098,51.354793410312865,13.661139951915077,54.282166187611224,5.932003728206069,18.527348876303463,0,83.55490214366785
17.23328540064378,58.23045703484503,3.5381676134325253,34.76450582111552,7.7249562713943085,12.312994800512655,0,80.64897238814306
33.485763558768475,49.731327642842615,14.585517963851428,53.78643342036401,4.465414734923723,25.242227164262257,0,77.97678535133659
25.605812719957978,52.667515899658895,8.7257863535622,57.93021233720636,4.143658949206924,18.935708560547567,0,86.86642878058397
23.686121179784397,45.685920745204086,7.1275276221893105,1.128789967070267,12.341545878106059,16.21378196982431,0,86.53018152089943
31.467394559569968,51.4932730793296,4.369426130265376,2.777728159115602,5.887963113639313,23.829163963203854,0,89.83111380293687
26.03993680040435,86.2918352119676,2.4981901034478358,38.03680831827674,4.854351609608475,24.205765803402286,0,87.02045820814214
33.29968192023311,51.26784456364561,4.401202481766709,10.600010836480028,89.48052798604925,25.373482769603832,0,58.852330859046475
31.08502974788349,66.89688828591035,5.674568385746769,50.05619262272175,10.725743480851776,26.10768125260724,0,79.42032683899299
31.417846616002386,57.45696869493566,1.110466892471467,40.16883644495201,10.84346372404696,24.835382667664295,0,84.56032099975697
21.170221443997328,82.68298905555409,6.309875058057397,44.065531405396605,68.81888182189502,18.99419685549611,0,67.9901773397108
34.059719926932004,84.66743444905424,15.479025197186587,18.009439788213317,6.891171562055838,31.775853071461714,0,70.49870662804085
29.30625265616928,77.9610497320842,11.632167543369238,51.06083186025563,6.43611057586203,26.15888519657549,0,77.69413505547257
26.153614303768983,69.59201829654133,4.968089200126044,88.44883977100024,8.473131319531758,21.95356880289473,0,82.91634111198428
28.716942336711256,61.53410694738652,7.671782894302753,312.54425083788334,81.2901929053466,23.08659422194999,1,33.18306116768643
19.1188238355084,47.121879437131255,4.73541015316137,91.14529187651361,-9.281876646202985,12.564345920249824,0,80.45824349821035
30.043264057403356,94.15293321683296,8.322881979902746,40.76560057774558,12.408705162938128,29.272253997699938,0,73.71738290141145
22.853142459089643,53.6049047337117,25.332451935550587,10.748204207430087,5.5215574415211375,16.67312396737496,0,79.42812041537042
21.23664857078233,74.95469520549263,16.03540423068503,57.19814423586412,79.32411645015252,18.070875924174008,0,56.927425197281245
20.388204068910547,80.89348358935096,11.208085579229236,138.7526161671047,12.580674830439715,18.013920223581085,0,73.3480176522333
33.563441874949625,56.67079254642006,4.981305822873414,11.904391882153915,11.027634991082301,26.601439155785457,0,82.74087083630894
24.853683031536058,80.57018790973943,13.463074482352196,14.78541788886803,11.610236021628467,22.267228492964193,0,84.51899955661466
35.6686385495825,76.46319805008284,1.9164958470699016,8.067659486039569,5.568807833182686,31.980621239792637,0,78.40778499044458
25.32099268473851,90.91945753072648,6.038267991241603,66.72717086250839,7.303852316052166,24.136203544925788,0,81.66922616205562
19.463210212035264,57.95980300359933,11.786668867919127,26.091084932436093,12.851263617718123,14.268043117475113,0,78.61586720977013
22.417377800256705,45.71203974080427,13.360959324253646,3.237361219669517,4.543982107923876,15.150987215401038,0,84.20760433636649
34.179058100034695,57.417653668332335,12.627886619718623,103.95207768039865,13.194344368394407,27.283749738619363,0,67.96710952470698
27.220509110316662,68.13280313801498,9.354565859882072,40.785168760880964,5.998296839820252,22.729554241479676,0,85.15043655181127
25.258563517546996,65.87319090627585,6.318109393029287,20.105608674082486,8.817870308146599,20.58964290775193,0,91.00662997173367
28.80009112926394,59.098431555881746,11.36320809167578,21.078426962419805,9.63033817371545,22.77269563339754,0,84.841397083252
30.508913680837725,36.362038115341356,3.4477131891167465,17.142210140731134,16.142332452117714,20.12905951267568,0,90.98755563831575
33.5869940795123,72.0572449419366,3.7593955607716807,30.392546146676263,4.206724513385418,29.279449285213634,0,79.75963217266428
35.24249614946463,94.58516718623301,7.763146595894195,20.55215846687678,14.37377338354803,34.510949692846324,0,67.50552852157972
26.20115677105457,71.96376857184505,8.487191241248688,39.69771549508332,13.992193629912766,22.340047058023117,0,83.61249769952839
21.36976156958981,74.1370327858027,1.7151625494524156,74.25432529641189,2.785731229663323,18.091467488414935,0,87.92561035170056
25.93267419438362,73.58667959232653,10.634645393614365,56.11369397677686,7.704883747528424,22.319813807268513,0,83.02329261210289
29.30140253291443,70.955700048236,13.71078435455307,17.439370393040765,8.147861427651648,25.091917471793128,0,81.04684076651247
23.181205368946944,78.97498950302142,6.946040673846583,37.61737333730878,8.424681952004171,20.447188403401473,0,89.2862324069089
23.214245425524787,70.93060521778499,49.381360077757755,91.66851371145393,80.41367602698271,19.400375070984165,0,38.438472520791066
29.718939407749428,60.30984245520086,4.278711508904363,3.5321885347898117,7.439475508257175,23.793515065942376,0,89.33732762373621
27.756738242147744,53.06016634986869,5.5352142259696,4.076626139982857,3.2270016946367885,20.87278773430457,0,94.43988144001446
28.163984977057932,61.26539517078987,5.386772842540405,40.615691303754446,3.189851589994995,22.544669098909175,0,88.36475693665892
24.207523326499654,69.71194244675999,6.952142677388548,50.95981433603682,-1.5192248474401087,20.159748136331476,0,91.69473330568486
26.847996428971165,60.2587555831554,5.680391461446391,11.875628129486778,14.370849359482497,21.202815303607018,0,89.3777353810901
23.378834278658477,69.71508024697145,2.3977997938484017,68.36776742795549,7.266560891313915,19.388934827297305,0,88.62553863745491
32.450992055623935,71.58725200550626,4.771980238115935,51.96013228479066,6.52748419307595,28.137850212921972,0,78.03539326872135
33.17624667361876,77.49769146905273,6.833954141879187,128.38568308520746,12.47220461746803,29.778504776539666,0,64.91929591657416
18.76906068880953,84.2419245325847,19.744158306577837,9.253518678085698,9.987660753439123,16.86069117214796,0,81.16438548597807
23.35244569903795,66.17011127718287,43.02557122953829,69.5903293496451,5.217664281301949,18.8796033704703,0,68.10836507887115
20.517353724549604,45.38335152278509,21.5070140815339,4.367467554818606,4.660618865341707,13.507402136616118,0,77.5173097868948
24.74988032796551,59.82343854771215,3.97369652568171,41.65408398566664,12.389394680480256,19.252214264939983,0,88.5962665091757
27.582810151048196,65.66093851109899,4.234868646715112,40.13640051688944,12.440771322694118,22.69244419116602,0,85.68333556397309
20.75177390150735,37.46346865734365,6.504779003066563,24.582617619611003,6.803919296066391,12.553212232133173,0,80.85119398601658
23.390700934373434,85.82996780153724,30.804078840039168,93.07835966718784,11.78532687230192,21.55873007350634,0,69.02358721223482
22.980213139592507,67.13566868765699,6.4731364438055925,0.21901119878073705,8.317822111939968,18.668713215560025,0,91.9719931109125
29.03633664699472,70.72029251870427,2.554851262230768,36.71714994494349,13.98155041426768,24.808251679296944,0,83.17796505068895
28.34672168518125,85.48289693789398,4.948370301925238,12.24093533686325,8.566468390981735,26.340485691561764,0,83.93550331434784
24.391312233313734,55.547857547864794,13.539953070054151,68.03106154120695,8.206468796169167,18.306421196657215,0,81.151059507115
28.88410436069699,73.61062896326045,12.83213050714292,2.2011172960777197,10.401897001045851,25.10434469312741,0,82.24000697678105
25.266599577063673,63.352038153470964,6.29544695652536,89.05720704057431,16.497156075352272,20.232663248108764,0,82.09850892039933
26.641724448369732,62.238696994761206,12.765315148183376,91.03642032615494,5.609324634636781,21.31699693841458,0,80.66843010745869
36.36726045149268,53.41711418293431,1.1989692603327262,89.44797336578318,3.1918172591009384,28.454425559571934,0,76.71014060753043
34.70230525895174,89.98404820529791,8.029027305259204,8.277265024917554,5.860535663170955,33.24874290648334,0,73.33113359742998
21.502093815362013,59.367499398866435,14.710306007686563,49.76757880847511,4.364337081590782,16.274670810887226,0,80.62531630444312
32.14866208939587,75.49196370343553,3.795094758647226,0.7235784519801376,11.502080497756346,28.480976781477768,0,81.47460277067627
32.05698277245796,36.87488918792096,3.7845582553926675,94.18143392382345,8.701263083008454,21.46734267878967,0,83.58814243406734
22.25868355623691,82.6998279453468,1.660039633671608,64.18241113420129,88.07552917728448,20.048987682102794,0,63.31974782082838
32.0938882187743,80.78316733935588,26.361812739734507,37.874017435114595,8.111975234710307,29.26227222196714,0,66.43429180876714
35.68965959206277,66.46151165445954,4.153190434923885,65.57631077865813,14.984787407613098,30.27539695016139,0,70.95774914355913
22.38727596877793,61.595863007931136,8.960577000491401,4.953687975542021,16.035132567138426,17.37316704360494,0,85.73904907856137
23.412485894928682,71.00000008420349,11.978742651169274,37.60833672814966,17.005346778135856,19.595031907432674,0,83.97389393670412
33.08830733421751,99.33185991320434,24.770523044182863,17.214490143151004,12.834901316335504,33.08975392097513,0,61.98035814335228
29.35747655412824,38.55144951644772,6.533101425304464,179.8961427300775,12.9750440105414,19.647361715845165,0,73.8898629179273
30.757381376197618,76.73041081361191,4.799233247151555,97.28679093095295,15.771781430762127,27.354273766959917,0,71.58303315596834
29.702946082002484,51.32574046769146,8.486308659052815,66.0769861357376,3.261576000262587,22.272223690143782,0,84.65361952159662
29.95347960464072,64.70122405550403,20.64068692343701,135.7142060204582,8.521671939572858,24.715216079732695,0,66.19485450344568
21.367639358444585,61.28179821382005,6.448593047735481,21.296910805574075,15.249717997625067,16.40948138049076,0,84.17699513376931
33.23658853310724,58.57522613303367,3.4421791158194317,115.57115112878118,14.710871517969345,26.652074136336747,0,71.84006028538393
33.84794996213887,64.84302306420906,2.1541446989775017,19.66977934303608,16.895557015842833,28.301973305093608,0,78.87113741995296
26.85304627965986,47.98743282083314,2.781421400878867,65.98727803950185,98.5679968549148,19.260827679911884,0,58.045804063839945
27.78261525093069,80.43770654191951,14.753984736452262,66.66933176893667,18.0821277874502,25.06435651310759,0,72.33216375606875
20.34446248722139,38.087847332021,5.717321456925061,0.9260161891017351,85.8722989241942,12.319723557375614,0,56.90422334729265
30.571273780089175,73.09646769242514,4.544797953943552,22.397212675223134,11.599439839272058,26.614000932576026,0,81.70039841021784
30.86028720857072,60.10196221198143,4.16712446603404,0.9811984556585601,79.20240123275977,24.785595959748186,0,64.23912357087492
27.689044915003446,47.43612659288819,7.909279482288193,292.01478875615345,13.721145597807986,19.87882183848259,0,62.08839894169511
33.621766799352514,68.03575055898042,6.100897704279113,6.51664063864503,17.998521005240512,28.639180881719934,0,77.3396087596692
26.329613845100297,41.645733699402825,5.938723937886093,39.132908929839154,8.04554289894798,17.75174871049246,0,87.06312257082907
30.823029629468003,65.59570732579452,21.74663737749041,78.16500092191211,3.813725085626861,25.655919518973707,0,71.55506024539407
22.901678306539424,43.656846382826686,25.290100270178765,11.236215143500106,3.496440997040086,15.24635461747906,0,77.9353799444325
27.88223924562881,71.91908126476747,2.0380279755576933,33.18453258473466,23.306593258789178,23.909353914691525,0,82.02963746211401
27.12822871048582,51.13463999554437,9.602986894396611,46.7518628695563,8.361962369539441,20.013291762866235,0,87.71606183170023
29.12653961020471,58.235089744560355,3.968984708670927,8.729858604535261,17.018098342641675,22.92473678150006,0,87.0827171654137
26.152365355833208,69.40924081914743,6.058117503961798,75.37915520979472,8.555537928329763,21.92594783925602,0,83.69225799204568
27.34263702164166,53.41186832236646,9.463314655424893,17.786373731433144,10.813172349500885,20.568250147328936,0,89.03293929498388
32.13023585720753,64.13054000497546,6.232790005219284,11.850910307086297,11.029803581045421,26.610740437475943,0,82.10580211678601
25.81617881380891,42.292542481327196,8.885030590179104,40.85494414313639,16.325994439764745,17.439726506164202,0,82.18958190325486
19.967114496306603,74.46313405394233,12.659097983201903,26.40822278465844,11.123161579280374,16.80832410401198,0,82.53439435952438
36.7479195210271,91.47370708326157,9.352666038202887,126.465467768224,87.87994312427,35.50607137428241,0,30.124698767895865
34.907270393452436,100.0,4.404078117988099,106.0393078863775,10.767136901926945,35.02287462854537,0,61.070672575574505
21.538686524471906,66.36752219999659,4.466657269412818,33.019545017125054,8.612757453245123,17.237781903082002,0,87.45047056712238
31.448539026225973,76.8230621119578,2.335522798668,22.256870589251548,10.73711220711306,28.026158376079923,0,80.98827657524994
25.485126147243285,38.29061490638766,3.7316995077198922,19.690513144548603,14.488607842297125,16.48301407820312,0,86.06008410155749
29.317436076655298,87.54101489458382,35.50433101700114,15.56893996561991,13.672646092122438,27.588080245577817,0,64.75127142919656
29.47112064506747,76.64342757086159,3.9211976916622726,39.32323126738284,14.076584426039526,26.1177172125631,0,80.23830739990609
26.82796099841839,57.7409983257315,2.8442429963480587,81.73230035635402,10.742737638556463,20.797574298446783,0,85.6273744723349
24.081171672068017,83.55771200433514,9.544282551250262,18.608040832601148,18.5676486467014,21.926903765570614,0,84.2874827771917
24.547294738418703,61.182858850319874,6.764634232722976,10.541859908575155,13.244009080757877,19.266781738496753,0,90.04899980694017
23.41904042259379,58.12962225478165,6.318775317601025,32.26394884263452,9.798778626539072,17.817586416580635,0,87.0743375396273
23.840888958847778,72.13002388141237,22.810860793411003,3.576648497382109,11.119233448898283,20.150101093664006,0,84.30534196342752
27.664108549753223,49.049682502545224,11.465027792762378,60.4122636048835,12.29516952453352,20.129900262190077,0,83.93301950833417
24.421200054446242,80.32437146599922,4.835602119402938,36.527736619608234,4.063897951285553,21.81795282276743,0,89.84786339375805
31.410260328563098,49.16015282109735,5.261516356596987,34.29614770903794,16.017300284501985,23.35565186679395,0,83.56704915577279
35.436230776679636,49.249178152652206,4.9427941508301325,17.86557014679147,0.7237473022366832,26.820278528345103,0,85.27037901664258
25.099733793149785,51.354653173874986,14.876632558840246,117.52233912064129,1.9382118453731323,18.293585637124828,0,77.60375764907862
29.197022502676884,76.39250056274183,5.774674530342946,4.742260447726732,5.763650278901858,25.81936368136721,0,85.98817440837108
30.498425551514668,55.748369577204386,1.7602875881101747,101.94339831327264,7.192439892777543,23.72777976857837,0,80.93636675749092
30.360011354596374,44.78006323449247,7.108876802560859,23.636784088515324,9.40420365024383,21.6563675398211,0,88.4625973300551
28.379776339580438,55.91480000096303,2.1605853904976353,106.27365243178323,12.330735652474772,21.884343426941797,0,81.35558170366858
31.713412091798613,64.5193644397927,42.41001263467975,65.23783088598736,94.27973537420044,26.29485852635354,0,31.40234434646426
30.411244763403285,47.285412745034215,3.4125699856706504,5.500271365622758,96.39186313350771,22.161441253462637,0,62.37090494590588
21.81168788836351,47.72478336448485,6.491594509759053,89.05174512923922,72.34914401901767,14.932615109257075,0,56.13156955640961
32.345780321946364,96.66944501149376,9.08443207726933,57.31300658441465,14.509991891050465,31.942400638656782,0,66.97621838125521
32.43645418633371,52.091518942791694,5.865416367323303,1.6417566931023613,14.084925715716421,24.778248622255518,0,85.0407679750727
24.183569479107092,60.1543644684049,5.858980889522254,7.176355307131509,14.740750059010553,18.791206667208797,0,89.6261006723354
28.18968917723801,59.49144498801071,10.354920619714616,50.479005421280206,11.749877678128446,22.288460054195355,0,82.42532317401216
31.416644964055347,58.67964788344337,25.05247855724063,54.32437996643279,7.328689886639061,25.04394279441993,0,72.03251190422682
26.953430902103193,74.32020109953653,13.653655192487935,68.64945013210047,85.98715052321003,23.38802695609783,0,52.56380344866257
33.36489023883006,79.22214425708074,24.114446551134474,63.69212457213036,5.254411858600058,30.23559015506886,0,64.46870841508309
39.8193624730968,60.41068352702612,3.198572810258142,53.86993795666078,11.78502212649781,32.90040416105515,0,69.73477284878953
24.070069836825088,46.45282570111476,9.52471602199261,72.67278163903752,1.9104467710497275,16.655814232038207,0,82.31726958280734
21.094776984231125,84.11660341773356,8.366175425369484,42.79338956586243,5.005923659052372,19.103116225543364,0,88.52360644935993
29.51909297802438,63.56988363204976,9.78521950440942,15.108755247035766,22.252278670657503,24.13802231700873,0,79.97205502402612
31.607812525630717,90.95482722285753,22.219839845415947,121.73536750623528,17.30451713072267,30.347402592287114,0,55.42726706133027
26.845668130776154,31.31621153652256,6.192684525532695,0.9190974244501467,11.416617962678332,16.25153960807492,0,87.38351808600824
35.266303316605175,67.93104831924981,5.341985000053447,22.829635537864053,15.658392685006088,30.142870036090056,0,74.61227466371642
21.306971001383758,93.77909500814312,11.326947688821942,65.25789746741566,10.539899064425214,20.53681028891377,0,83.49222128733507
31.464593115158056,59.70103796842763,1.7814681326056017,27.85709612387067,15.387082494260866,25.26081851050031,0,83.30330105747271
24.970695896205534,61.61759864998046,6.113615669126498,1.2573991961587732,9.524789981535397,19.712236701751063,0,93.21087730460233
36.59688953103648,69.43267537385508,6.636879170584788,3.4129197309966934,11.081782672956438,31.640666000463124,0,75.1853418832611
37.962576765840595,56.61806271672564,3.5385360872958658,52.29682262380956,83.27797835420739,30.490177914192916,0,49.5064567046126
24.16671706108326,60.31892101920901,17.212695277444993,167.4273046408825,5.958772535059881,18.79964332584523,0,70.86412937427048
25.2522143204571,59.932773587128956,3.158849080186014,40.132885429233035,7.375537171817575,19.719404435378017,0,91.52788117944486
32.29793943489901,55.5886889836044,6.627989804451358,35.33774921139359,9.009863902012988,25.28812438024788,0,82.21675563892548
26.064346751052426,83.43284825300839,9.342050616760286,19.16012934287013,19.55947082248722,23.831744158547473,0,81.1455219120159
27.77294391033881,71.91617048444652,21.81856579182832,14.83215001992169,5.935947552191067,23.806476031257137,0,79.91913887114427
28.12694210271205,68.75942348154953,7.326917182782498,1.0604148088671561,9.872943153392026,23.663609143114492,0,87.44410516191962
18.40163421901172,77.12856510335175,15.625791890067813,15.938336155053157,11.268622515520963,15.649855177183486,0,80.31184570006235
27.930811269528814,61.034662501948,12.94198034353226,29.811046353072502,90.87114397070984,22.298122312704404,0,56.81034040030007
24.55136112967913,53.38694272470649,8.156099440377846,11.029202921182812,3.182320681359837,18.125615533012354,0,90.94667972675805
25.53438588800114,55.960635430781636,3.0906742573900843,4.570030971708388,8.29802421642068,19.37736012227981,0,94.29769188541361
35.21816001734407,65.02674561656913,2.3451170404127453,63.244183181556494,8.148929846960447,29.588477193987014,0,75.40399742167064
21.717465528603718,49.11182437440647,8.046235329693376,112.5092483758359,3.2541394792824185,15.050240019042583,0,76.21660436637279
32.06602593373989,57.49608475119987,4.786706041594117,138.0504570061529,15.127467931331264,25.418636464097588,0,70.63115727199751
26.605185348340957,57.25825037192848,15.41604535753016,48.11656709195943,10.207480431114302,20.524766109082687,0,83.29067797137685
26.601199157520828,96.86834344743521,13.419182517891638,2.71090904816794,6.3377306201434,26.225367621253064,0,81.56868953097666
31.951859480258555,23.392775900991246,6.374535364895465,67.51984858198459,89.15671974096576,18.17798198419293,0,57.60881385532129
29.70025647284445,62.3057041789155,2.9265658209380363,5.832045327691503,6.356704294831088,24.10005193734884,0,89.68453321912821
30.853064986097657,90.88540689222157,11.118255974378846,55.39498179687886,10.954399679593541,29.59196630183636,0,70.86195782050363
32.84092330266431,66.82766696198681,3.2727821811541595,75.56246572352798,9.05559931643272,27.714734066558588,0,76.21672813175466
26.343458084083387,76.3012621013164,4.0278343994305486,64.706676917187,10.753429289419303,23.0948820726083,0,83.28861556984714
24.938816327461247,66.49739472649652,3.375243295992821,151.7068239985579,16.759786526992293,20.384946805656764,0,76.97768023466523
22.574247367211008,54.989999281752795,6.614069896383445,66.99846344056742,10.250450742853985,16.625059050039372,0,81.51389036852594
23.872947350105225,31.3712609823663,18.843233185755444,59.07955404316565,15.836953393505755,13.991512504020218,0,70.37871229433412
42.745472126543625,68.08183530554454,7.35931828272554,15.17317548747357,93.40342180226772,37.091730770038055,0,38.030953220743555
34.22339790368393,53.36590093096413,5.183212542862797,129.35938654602168,4.793104557392379,26.571580801811844,0,73.01738235211786
21.244628168959892,52.994968907520445,2.1803993671516726,9.89474191236548,12.205270564078223,15.182962825765625,0,86.62634684247665
21.38771021628215,57.51519116031332,11.492557681986337,117.63953394340795,6.613188856391154,15.923254860549026,0,74.17025377002585
30.40933030859246,91.17292109935241,3.9577525063858805,18.7464952039783,6.126993260573442,29.196535768555155,0,80.30933948671868
30.736323986889836,100.0,8.117434007685121,6.972506197744741,9.153931709172266,30.822456920680988,0,75.9590364256374
30.744419176586824,68.25811906292601,5.565713047608293,87.63165743162595,0.947885591348193,26.01188658399011,0,79.12018599326537
26.72522103223151,58.02849164132408,14.447794536524041,0.1249286217425124,2.175420379199645,20.750471225982146,0,90.91276290419063
27.372728699985498,47.34160373823184,6.515675482854287,89.2158569144479,12.204399491187411,19.59445285226576,0,83.14412268179757
29.639397620796785,72.02810242319103,7.048810762194831,15.211704693947764,16.81379781148128,25.573172837646833,0,80.9900656225438
28.429465031466652,91.74358400097717,10.898200871645328,108.02011839553212,7.730582005754639,27.322801051764873,0,70.18782547839194
16.903498136262325,61.28989419462265,39.86712884210246,58.79829786675283,13.96030051039671,12.378793223868577,0,58.10136212461078
26.85100184712403,29.315059388701634,15.040665170216577,54.85816687284362,6.502552474746501,15.850344803058867,0,78.60185044061348
23.742967828698433,75.05074507723286,6.883416513289922,22.731682792012833,11.983528457569584,20.455293614716272,0,89.60767355622282
28.87605709454256,79.78099567175074,7.407984407275405,3.062023558583513,4.313298996949228,26.018265965065442,0,85.52464016058937
42.926295013017054,41.21231539421229,4.855501693055756,88.61934619242089,20.214724305675155,31.27207244436433,0,65.06396443245848
29.83740832737152,67.6472627549443,3.4556253423632417,9.370954066789913,75.8780672879388,25.075858074719047,0,64.42861571408122
26.43235156913801,71.76839024204148,4.748360356484727,23.281352374919216,3.6257421449384877,22.528554150731278,0,90.2962726431893
32.60900750988626,63.903390469865926,3.983978045463939,45.85889195050339,105.91665435270079,27.00928280569021,0,47.60264612278212
30.413439436046062,53.13843621371969,12.462133255815163,32.91349997579726,3.302539185149821,23.203927689407124,0,84.57084544535206
30.100472452259208,80.23905835345334,3.136301105629941,11.07353725994983,13.66133809964116,27.262272452724403,0,81.87730767555638
31.034252966078355,58.94930381046976,21.46810722840777,7.576992036585353,7.600216154574877,24.74779247639629,0,78.85315308268486
38.28271782414771,42.722207559501015,13.485797665431793,6.5764569094534915,2.3206766456724477,27.817699304868167,0,80.09934763714568
22.34555782337042,34.25788271495479,7.511246145438811,99.39159420000637,10.100006610754622,13.308913726914739,0,72.90191922740053
30.368160384057273,83.91274279998964,7.390939729370276,1.6034141945768063,85.28906593325794,28.074117829572767,0,55.60332332707872
23.368094350092306,74.24995964706677,4.7311814641044325,188.64406189628875,12.751518370045451,19.99275898676501,0,74.50863543511795
30.77756323171124,66.31960320693753,9.171194404345814,11.065305171886914,4.53649068376457,25.731221677238192,0,84.19887620352625
23.40656744256953,58.39588044723795,17.645379608725744,5.844800658307038,9.885931529760384,17.844233586050397,0,84.06386999896189
25.91316593197458,57.06502378695309,4.210051288641869,43.015804609849596,6.189474033061637,19.880493517463556,0,91.35097615986889
26.524550428810468,48.863950273375835,2.166875631444509,4.168317297379633,6.977099561729272,19.12456444724549,0,94.86087727149825
32.87908359672355,58.52816533160173,12.969164830965253,46.12213874262235,6.250152360136719,26.324379797291947,0,77.33324989427165
32.59227221971207,33.19869177319738,9.578229659005247,95.0653183830755,100.06167130884461,21.076072506810302,0,50.736354135692835
21.771413117768077,53.95904519797229,3.0157270905914113,2.4541564810207657,15.521072604098723,15.776186703375213,0,86.73730999363212
28.274670554999243,60.335937254733594,4.109440563343499,80.43905753959851,6.169597719265352,22.498276509328203,0,84.09742662728765
24.452100726254137,74.14820070785629,3.7162555202322856,25.083172992046293,18.37400838967865,21.002202663197224,0,88.00558148265718
21.707475446623327,64.40110304939954,4.138668777386574,8.687359131384573,8.239475029277857,17.132661994416136,0,90.0144310133665
26.914914747878147,76.92384670813338,5.703350429277754,9.68509218155963,2.089124442783964,23.727328635880276,0,89.89244779912343
26.457586057720903,85.23702657670144,5.970090918842529,125.52017365540664,11.595982223210601,24.465843347279552,0,73.89884474638188
40.13358243172761,80.87255140736153,4.390157379308205,5.860733407052631,6.378462181080598,37.013075600431165,0,69.5730805086337
30.16479912680348,72.05764771067835,4.028801529059482,100.78871516831798,13.585849873066447,26.07040900564007,0,74.27249758582288
21.111912496228815,65.17794018771177,6.153201557775295,39.289953146687424,17.646653268458508,16.690006288938722,0,82.14719558369886
25.176129979145287,50.28817987379661,8.449888346819554,1.9919665213296647,12.946141424433186,18.194438460149016,0,88.55213638986972
33.106916477146996,76.09916077068975,5.737151144910465,31.225492213692096,7.025898447729619,29.487235745428745,0,77.43605543878923
38.442213864349625,90.19621073332294,18.670292395388998,85.0364255604437,103.20886591559406,36.967757520960475,0,22.3066196596224
20.070083438810208,70.13159059475628,11.094729453410869,64.76837737382759,88.91081509416718,16.36197422250974,0,52.88182050495402
18.600378074304775,93.75888722639185,2.0695336965074085,33.54799911549026,5.232376370816808,17.844977104812678,0,90.63377344047736
37.35482587685891,42.11642437908374,11.234419240715546,98.32346017006508,8.550005578265203,26.914081852503138,0,71.32931972445928
29.94807088685452,47.68754922830688,11.994343768824253,6.412397973129146,0.30600045309211055,21.841054080127027,0,90.49800704705372
23.65853634061817,77.82802261622393,5.218510547761203,120.36454303695314,16.63777325354618,20.74999342578384,0,78.68337586589959
30.673145430612177,68.96435315229877,2.2341077473246616,93.68358893300322,79.8975021027147,26.05838216404413,0,53.794513286066255
14.82126130491561,84.70673264857712,7.436894884755066,61.597497972707856,3.3596248362264403,13.07889233582858,0,78.62026631868574
28.016877532985806,64.7679253890989,7.343628590234748,85.15659902794044,12.177078263654703,22.954041718841534,0,79.32243713594139
29.639105864215427,51.98036866207502,3.012237056245561,39.24289805175041,10.020006301182978,22.329874125142943,0,87.73477837859343
32.62135069768915,61.79610136692436,2.314108756438051,56.22150017119728,13.19292333029275,26.661033135458638,0,78.83160479137571
22.930520238537312,42.009740436143986,6.889215120830909,41.11703641494213,14.367124099736628,15.016389983767127,0,80.17923240716215
28.428435807016797,48.07113990354448,6.132105994680894,21.95847856872749,8.458107653831766,20.615992239007568,0,90.99474156933152
23.37287686970206,79.58665996877015,5.2919548143946855,42.06621325318761,9.37382642642348,20.71228827051546,0,88.95436005290287
29.276918778371584,78.09181121704415,6.9120855759350315,14.88428596012714,5.137981301946893,26.15047507056894,0,84.11715557618406
23.52326838818488,70.44506427209116,3.058054412814055,29.015856945678784,84.85358646196681,19.622969882692942,0,66.7193131024089
25.959495804198898,39.183837185592964,5.21815300961858,16.47908009161889,79.77497658117183,17.02177203846934,0,64.68401468334221
23.020923026048855,59.62394636730667,11.321006978215673,6.556017331600486,4.149981567800687,17.671854478494385,0,88.8083493062068
31.255681209118286,46.62500167009924,5.584662135579701,19.420213007949034,12.054604969408855,22.75419095328652,0,87.11615954501585
32.29225558328333,82.64799880681647,1.9394841246137013,95.52283226653648,7.454526747132464,29.744283769375382,0,72.37670680793227
26.826897150212933,56.24416799656098,5.062427836543538,23.989025025092776,7.706165851669036,20.56385683114363,0,91.65537638194716
28.191189974800142,48.71378433827676,3.1389025397526207,68.91703358053725,10.736399278837395,20.52376685281722,0,87.17439533323167
20.75704292683228,65.44694247682136,9.14958970381923,9.630587236432511,8.235178846288978,16.399636107588538,0,86.31654097040028
26.501616759966065,55.39768314748082,9.53596006695213,27.618779504084724,-1.834844787531809,20.144567352750343,0,92.86490591616722
27.748976914791275,87.2561586530556,1.9600702215678443,6.100250683901509,12.05347656888764,26.011702627096238,0,85.37456035721902
41.103965455149876,53.97783653698714,13.56116748426543,7.461037957125363,9.263650862435274,32.713772615156245,0,70.31476991860862
22.440164871129184,44.01157611163053,3.035119989475218,48.0430156230788,15.302799390459095,14.916143819171456,0,80.95142104155866
35.320886193762185,32.70629726363727,25.721978793299712,46.75862089309849,9.017154828916537,23.069951596840813,0,74.85250284247357
32.98429386732904,64.53820246379877,7.106280627170629,11.999985280298237,9.745601741780094,27.459767749394917,0,80.80867562036579
29.403182022450682,56.5710482921311,2.726135943269516,32.16294709749187,12.599414658839738,22.897436990862026,0,86.87467694604311
36.79310242097567,43.5664309023241,2.9636189608340926,99.50058247477635,8.63837695002619,26.772742894184514,0,75.52955894748649
29.860527363034315,82.83839691883678,9.761794375055203,9.570224622950867,11.367607837375086,27.421368163593787,0,79.24082549232827
29.945795978339643,75.00867721143862,5.403030976673049,0.9698726562653158,2.2173153289918757,26.319416304769874,0,86.98326767921817
27.734396734912274,64.57673181594156,6.8392417642193655,52.77694178473643,10.342126556039517,22.666407432439723,0,83.85569827207725
34.117844412093135,85.464893662563,26.848882128965382,2.7491207568588534,95.93906951632465,31.95927537269453,0,36.38204396201475
33.482346169054416,74.9380405009792,4.22324904890748,195.4519694731268,16.127105307293334,29.654541917378143,0,58.48566388306859
24.871613562518938,52.65716147722351,7.752150479936435,47.03176911225173,11.794549907063429,18.294813185397647,0,84.93145099121527
21.40376402700616,49.411697540138505,23.00877327413659,31.781319387956597,14.318149552894521,14.82383888334001,0,72.78052323151455
26.985096813021716,77.26972316680792,9.174342969044506,28.105291528126465,11.024945736544549,23.843893418393467,0,83.16147732289338
23.999807178011768,70.94550434701027,2.0436099181034706,42.556837803336364,16.477537910587294,20.136439118443118,0,89.02533994608751
27.682377126923225,67.54621651955992,11.070802190767456,4.7498554604137455,1.95536725277198,23.06889232319049,0,88.73448578953185
34.187190673420695,52.30253295696639,2.914206918830827,132.9766171427305,7.522581594503459,26.338747632309307,0,73.22958617967976
25.71349172456605,74.11921350508631,22.770048794129462,49.1271451638496,4.525096909438586,22.188672816946568,0,78.91088622465094
27.785883093442127,53.667516752990764,3.825564032947876,10.165728669909356,-6.064768052575115,20.997119003144313,0,97.59655596267703
28.290113674041976,63.47020018109483,79.4881223580053,41.34319280480436,9.705867954159748,23.00302658824225,0,48.381790340100295
32.24215441102642,86.7041621958047,23.900533734179376,7.150610022692044,15.458817454583219,30.323182789404566,0,66.69695879500652
16.765553330076976,55.087486462847814,3.9067660879762727,0.8854296613092592,9.31387411720732,11.52503869618095,0,82.14100732841659
24.966498526173517,41.40516114390709,7.50831478157852,49.78252538766413,72.50764480427367,16.592157306717407,0,61.98661109576255
29.056418461397364,49.21179212194834,13.503047832137888,52.27490886521136,17.021527525829693,21.349387876589425,0,80.32306087391589
34.00039478213431,79.91448240031434,13.831220325972142,43.81704581598091,93.10051396725017,30.95637873159205,0,41.234612502277706
25.540487762468974,68.82096706070314,10.526217059403661,10.135389824769856,4.515241014226845,21.272902872725002,0,90.30891784065807
18.61723646979063,63.066839319668695,20.120259234617983,46.245117594997225,4.300343640320522,14.145293912015617,0,75.09985161110788
31.098557229830682,57.36359292032646,6.6967667995497715,2.9085255172593496,4.632282782380553,24.53546858383669,0,88.01346691195063
24.823188055871853,72.28039861329785,5.5103374536117276,46.98287549623766,15.672691655040373,21.09244991185357,0,85.68363830410989
22.051666704548193,52.26342723514665,5.598556572804722,40.37372435621428,5.113655691884967,15.7839895462828,0,85.13478170010542
24.87827305143388,69.58498352963893,14.68312074756979,53.24748874965618,78.69307674322424,20.766124372640853,0,59.95347861121347
27.07737321172075,54.031181467805645,9.896140496012821,112.9167398521747,14.848838890017454,20.435346518887155,0,78.15762302510623
24.976276677308938,51.53510922087419,9.328058794047557,94.97551037284158,2.6864133228635048,18.214442253858127,0,82.26461183885809
16.972169714504652,55.437688477624825,13.959878577446469,197.2639750595259,5.852661327098562,11.748651508053221,0,58.96575335837115
32.48533098443566,59.36888830274057,1.4321231647118833,186.989762959714,14.328170924098368,26.119234649202898,0,66.63005317316885
34.37437520639361,64.26755246099445,9.469300684335087,73.99063989496875,14.563634065599043,28.683176773995523,0,69.98697581880928
31.25760995669753,68.53183692666671,8.800909875645381,156.6574139938956,101.65679080513895,26.531326336392922,0,36.25121722315205
22.311571647875915,20.0,28.079687917327615,100.97714561898184,8.493340692983088,10.668639598438261,0,59.03428731276771
26.99254233026241,52.88524163379853,2.175219576568213,65.02096395419088,93.89470946451749,20.178138010445,0,60.844850312456806
27.96739342385271,59.126450339659414,25.680945736819567,3.9188519101103347,13.719148172910621,22.03157931730293,0,79.14722357365457
30.993971947809552,87.57593057912496,7.848538241176425,2.5146838280661297,11.262143786078902,29.234886386265966,0,78.21788498851326
31.341702443590403,48.79996087426802,10.92650648160135,90.88450940581484,13.230404688188647,23.230830861103705,0,76.1919146308994
24.32913100610752,67.44194927149869,28.23987623741107,33.63349961721415,15.305658784743997,19.956165051901642,0,77.34907323584417
28.409977782067802,87.42545464603756,11.572238701468345,84.26378401512493,12.240491066755123,26.682885707300155,0,71.68300999788472
30.286402023076207,45.30547205079091,10.178672822677575,18.76510141341317,84.29166092474745,21.69235425708397,0,62.39840175344479
35.279111610733835,70.90962838796604,8.969527047432113,25.345818603110935,12.652259265445753,30.669815566815412,0,72.75851151060115
31.522532699123616,52.965922490982194,5.018933655942302,60.22977007362147,15.637389293659645,24.141035991336857,0,80.04353907977487
31.945283436877595,57.43049386566148,7.222554508654654,123.44776967078444,90.57786723886163,25.299822702999766,0,45.901589311140704
28.419133139646803,52.95333749070028,4.168639764783406,4.592689098107765,10.1825311119276,21.432912388458252,0,91.91286558780094
35.05229572601752,54.022140373761715,7.130251308647003,98.83635826658859,7.733176728645782,27.421192322721755,0,72.84172445871974
30.048813979797487,100.0,1.1402590145627949,78.7548980226738,11.192920939653025,30.130087611674707,0,72.62827562638816
23.694560449132148,77.66683808107499,10.414839395075912,18.956200365450577,5.331828917052785,20.762664085560697,0,89.97568783189168
35.01684985062595,81.52606792679313,6.703368739472572,21.942042722737,16.29700901496062,32.19594786842704,0,70.72785321702925
31.489516362695138,72.37990230254744,5.64650636070114,2.3787726656241523,7.685847382848147,27.363976277099855,0,83.33095600982118
25.784779894357587,40.90614817397063,8.809286658548487,0.7932905039647267,9.072482354819046,17.178054049746617,0,88.25894791000952
25.602535163003783,70.9243695548496,2.3470256874893836,32.40927644314666,4.979452963969406,21.63105541146682,0,91.47915874008395
29.48287772570381,81.0939442176102,34.58485942071597,5.0208403251500116,11.556976787060094,26.79655610260197,0,68.15832650753737
30.315923976337924,52.19900788941333,6.805873782070965,10.783689380677131,17.155098900626278,22.955510342666773,0,85.36706235668788
28.986461328156032,79.4799000074169,6.575327939974639,93.78984711429503,8.372728355474969,26.079526461171078,0,75.42315217500158
29.556543367214424,75.56504314781118,3.413311832645117,42.31822711575512,17.312651913457223,26.03557748597745,0,79.23727117198335
36.4997868728819,92.78060067220505,7.531973601625299,50.20590898787831,9.140874776616407,35.4720269921596,0,64.95842355328799
33.35771576117443,58.73325481229572,22.411358634116503,10.380696306285566,79.27391724394893,26.78839818615387,0,51.14901469176608
28.95317795632512,48.535835265864094,16.924003971856898,88.20579619635225,10.616773961035818,21.143745432535255,0,77.46287559195484
32.70655290383742,59.575578359411814,14.636965330998523,101.24000645214275,10.3153251474406,26.35358840313596,0,69.58869236876899
22.837380482362303,86.53356489745435,11.44003632642965,37.046290165367026,14.340877397779469,21.11138768310825,0,84.12797882965961
29.989635249734043,37.573911787370555,5.546493786555352,121.83884768607211,91.6862975813259,19.961807909694915,0,54.42348100888219
37.04653174866555,33.974364268534515,2.316064632726142,93.16125636921771,20.355856512665554,24.72536483204288,0,75.65250929442898
26.90977052303813,66.3409291839742,6.291307901145742,65.71248719337306,6.1717335737731105,22.176063202711912,0,84.96175800143092
23.761830356904575,58.36116060838766,6.118413484590145,66.22722041392394,14.691956670297934,18.156440587537446,0,82.65541320751939
24.7395555570347,65.11591839763527,17.099266224449195,5.568564653733893,5.020014465193048,20.005142717965448,0,89.2124581903895
22.55183481328806,79.17967656853799,9.464163040493686,15.79283291325626,82.42899382189414,19.871557560066073,0,66.01964025456192
24.076190459361484,56.711459808217214,26.83881665637443,3.459317000271566,6.689057261616696,18.198148979228847,0,81.30219768675667
26.147459507049856,36.90491253604069,19.259237813304008,0.4359555217381777,17.99785061035295,16.76687259912481,0,79.47781090307708
20.97216490410679,95.66722335799916,5.128450221130195,8.617147339838807,14.594023233511784,20.442345435921396,0,91.04586759039833
28.078091669748016,50.04157568841836,1.7575075537537328,106.21658275888586,8.894336041917892,20.65149916170662,0,84.55756052403532
32.51138586893324,49.114443169818536,22.386546755314104,13.713557381788702,6.48729185224187,24.289752610181257,0,78.83831135147824
23.4612190992654,81.55580020583895,21.922383195328784,175.58515990485185,8.535545848985016,21.059682483127137,0,67.04558673749804
35.59641961820884,59.23266318437723,2.4769568430377262,45.47705305707893,4.927612544918485,28.882448222899566,0,79.24760642345106
30.553960442637973,64.04915221947783,24.714546956034937,13.541804156151843,19.610184698032736,25.1586912772999,0,72.01378095773991
33.152902928120284,72.24185186090477,10.031134803228195,34.37125946943483,11.484135542729401,28.90271369918435,0,74.3651909217561
24.710827230739316,81.25374654664994,8.402660639550795,12.365077421071582,13.456312455044024,22.223247004975683,0,86.74185394563925
32.27262613533308,59.998089602273424,26.891939729477034,206.67576536019703,11.422559912608225,26.037274633744953,0,53.02302167775495
22.540330498023437,87.79928008871448,21.666085083873217,93.95253900230878,12.40548832714122,20.985942761327237,0,74.15762664012792
32.451237504182544,32.96300226897792,12.441837203757549,1.329458420891993,11.638196183607104,20.912995857462263,0,88.3972430419696
28.859196698967658,76.39680855429616,10.789502305243845,147.61068610943803,2.3782046490141138,25.499002158077804,0,70.80294211631286
30.76625609992392,52.40708662973514,12.098910804866769,63.838844195094744,-2.5941547745909226,23.38344127487737,0,83.35621652393806
22.12202697187574,85.58406974911986,5.365309445016534,4.298664091914669,14.671643733629988,20.29003469760629,0,91.56187891068083
23.524650788616977,67.13066718245818,7.070412619401209,55.52985294798152,13.780575880875908,19.170334961282418,0,85.07378554379957
30.986141091266923,54.90642001985898,3.58997872509184,52.0539794558953,9.366053741670294,24.01264032307171,0,83.85863429336689
23.258259978878996,74.94261639532449,5.660816724436779,12.345483689754357,8.907208308307919,19.98204291174178,0,92.9390382003162
30.316031460495616,78.39782520810877,5.510706834522409,71.03325631693274,76.77480355818317,27.18940139860839,0,53.76561766707188
21.16431096769877,74.62841184287957,4.444892589369853,4.554513490322395,9.212190222231113,17.960597577916964,0,91.19226864908124
32.240871063333344,49.554556405504094,8.24327076051763,33.61286323188019,10.547911252191792,24.14045193888685,0,82.79042997082563
21.837383426157455,57.739743145668726,5.701990471675489,0.4986385169825139,7.495043651347915,16.353903891256596,0,89.13164886556626
30.761499688397617,64.93890744317848,11.042900980254696,173.26678137762192,8.262061885275898,25.492944999759434,0,66.15843324404601
31.128154668230003,64.38110521024909,2.01807383479165,69.62842648619375,11.741105520720843,25.73719339831836,0,79.50862849626698
24.516140907852126,76.24618213157521,6.748472376738399,8.649387202975722,13.052641971046633,21.35143882294328,0,89.38278619990277
30.910132835423635,34.77648151240088,8.209083722178027,20.90275451518718,4.03551903181608,20.11280382868901,0,92.2908039337534
29.30221131666778,70.01490581830255,5.763221509057491,8.751155437446052,12.946509029720863,24.9479388798155,0,84.50586237209644
25.30579071903631,60.6502796834504,6.437149643207088,72.75381934095773,14.238189075347137,19.873262503646554,0,84.5698739746548
22.95722657961896,52.42249075424071,2.0788257508038197,3.035098528736014,4.845923612749669,16.594028778960084,0,91.93281256924806
18.186871541637103,53.86269833345601,9.827471553573076,91.75631481814965,8.157115466299317,12.624316912352754,0,72.12806962116119
29.748250236498468,61.78193503223055,12.404816021691513,142.53515816837154,3.2275519131882477,24.058969750542232,0,72.37977090877433
20.175986143189725,20.0,10.966331818427884,56.447586940370854,16.711283914300903,9.215163863079972,0,67.1243932199353
28.47672099720654,54.48065643812675,16.96210346197224,11.974156532035916,7.809425363475416,21.73543708563262,0,85.11523519953622
26.682758919588753,51.8627776303056,8.68175489105335,22.3213943623391,16.845306499212327,19.745029628919315,0,87.42942539521428
31.39571387719098,72.99174813983936,10.83676960327646,32.43162858861833,8.061195385918879,27.373032388132305,0,77.59183862866186
26.48977250255068,52.91709976234219,8.371830771623813,46.39600106001594,14.467364472129951,19.744939123870974,0,85.96943836994964
26.35276106826454,61.77329299744265,12.807623450073796,55.230978285749124,12.388171955049424,20.985347985905438,0,82.46567781584689
31.659353521441478,88.13414941491953,2.092200307902357,40.39589336829227,15.027476601531891,29.971271512067563,0,74.94824437394095
29.675290145420586,79.91527279723135,3.61515678597469,21.640318928076617,20.953927571053505,26.805245978065066,0,78.8358782234229
29.58077978591389,78.5340709991518,26.298705715292872,110.78243953336961,11.910036027263816,26.50719802725969,0,62.04159413903913
30.34633794904263,57.501913543837226,1.0321575729005381,4.244793069103639,77.80186449006729,23.890043794458514,0,67.29042138492918
20.32213938396447,73.14548418934478,6.605202896598996,31.391952867429445,-1.297766563277957,16.977753143119077,0,89.45742183406216
31.78394339993491,61.49153299319609,18.874654072577034,74.70842131435057,9.416179393468475,25.851842276898147,0,71.17534095243971
31.06234397006801,62.058601839845934,6.857832759599557,3.140210112460557,86.42751587346427,25.293958339539245,0,59.50695314182388
22.916584357117515,71.14528015619824,5.344089280843429,61.095844846329385,8.938442760097919,19.151075252571438,0,86.96550283376986
26.779597631628995,56.04509617368601,8.195107594962906,85.65988071317524,2.883316025593067,20.49093299424207,0,85.63895329797356
27.803463561861843,87.39504656664805,5.570606060437508,54.06288254613273,13.311731598766432,26.084852510251483,0,78.24388608353527
27.327516077991337,62.59804790603094,7.573683903630562,0.651065133095905,8.53812323453157,21.99354096209809,0,90.3116990135508
29.669299832842672,74.27540849389497,4.277185375780043,9.930902947321645,13.306699820711462,25.94589769041386,0,83.5139038748532
35.15683390915592,86.83400718885947,17.93832590536572,20.936110742225846,14.214013456302665,33.19200378251439,0,64.41121581388875
33.40883363836414,80.47480661862762,23.071819479609996,13.308426893876923,11.716776741931515,30.478165096635568,0,67.51040767854346
21.43890403284297,43.86621345964213,6.641167273968483,164.3739835492142,5.319837434759097,14.06100441652977,0,69.5602454879693
31.110349951530242,71.67343842514826,2.4370991606325423,52.71932830279387,13.637451020783827,26.896226807307315,0,78.61936037151543
34.644666597677045,77.7607909169097,4.8594509765805585,17.61785377901921,24.651601427462552,31.221634581422368,0,70.75883678585339
29.934042603446013,78.37794533241123,6.377709828838188,132.7473949968565,8.552583654060752,26.821313162742335,0,70.4535746237615
33.454902125929834,48.30057748828053,11.072129572468553,67.46808230199036,14.95529712111282,24.94009592368341,0,75.32188405767063
38.06135222850382,55.14447144474014,3.298901127868572,16.746176651989643,18.60846306067571,30.283852012787737,0,75.0473327314599
33.11854773053491,79.91837353612432,3.993508409165623,23.811675286687322,13.915204536432215,30.110600421962676,0,75.81777612166037
29.246542978208645,53.57359443976031,11.117727542915096,11.121493945944632,19.060702936538828,22.259038199834027,0,83.58686188868401
33.225442370423764,60.504559150035284,15.660272095944206,177.15071871891854,10.550537928781644,26.982305223802452,0,60.46448826817181
28.724439165484455,88.63813714252954,4.4939172666723755,36.417633847356065,9.495793262277125,27.16637501237358,0,80.1964510426088
28.119515216424777,64.28301124422815,2.5432082049480127,113.1954800271284,9.440416574003978,22.97325781192076,0,79.80215565226402
26.242928821431338,54.09838793249236,102.23709339912367,21.270619776144574,100.23945809163283,19.71468394643738,0,12.91326454526883
35.81706679416054,51.83573964705642,13.827279132123547,98.60712242899477,13.847286554014516,27.663530977306234,0,67.11458954040789
23.907856670289995,69.99078994377783,5.967911242683587,2.7696553270459665,12.316578601925084,19.919258411868622,0,92.51244026311485
35.66183862339058,45.00277987284187,14.808850672265931,201.12068959746549,17.42700261785211,26.138231640593407,0,57.467157370613
30.49932061870186,61.289960541553725,6.688801407154784,121.54045376258624,6.826022589478791,24.65758677840849,0,75.23983288939165
21.003469125990293,69.99845802485032,14.786661305999592,22.56521343989277,7.822955146909569,17.214714948580568,0,83.56456871024525
29.83824646495711,84.48724730821502,8.39397811946912,74.52104088589098,1.343465951636233,27.64550000350229,0,76.43483486254416
17.49986746174188,75.01322120554994,7.948772534218168,69.76835500618583,8.37963908099109,14.542114131308267,0,78.0687364022377
31.12754008415518,54.28902323026732,6.7472465653219205,115.76062273192017,7.122072730773542,24.029251682847484,0,76.63241267628462
32.42615741494495,82.6762897634558,2.3212246974561546,18.354664281744544,21.773556988720458,29.87817415063869,0,74.92880766756595
25.03822022173973,60.50727443678784,34.829889767982294,31.32304886537844,8.29865161022915,19.611304333077676,0,76.1034895256778
28.617738479777913,46.46445466925887,3.4790973006966923,100.12388154815164,10.521431611160994,20.49703823503501,0,83.99536197189698
37.77078716875143,62.41937961101791,2.489249200118144,75.3845731631313,15.809543098140225,31.438396453227643,0,68.78947570440626
25.471266478690318,86.57253801718554,6.232092142212462,24.999783890444778,6.595165820435103,23.689242300242405,0,86.65172348267399
22.705462064716997,67.47860075097388,3.424044823576417,93.4510032248297,4.777819015961102,18.461496190622533,0,85.04251521300893
35.40831701231299,65.18782796494679,7.089605998432951,2.404607451635538,10.945579248555173,29.79122052813314,0,77.8793790472352
37.81293595265397,89.5581746705428,12.809807376719538,76.17363188328453,15.05065357174125,36.24192235160916,0,56.59796507198429
28.018478359239236,43.52967729418359,16.38296901298149,11.58184208508068,9.668150803949729,19.476859914831298,0,86.64290422259822
33.05731517704178,45.71601328920842,14.179320173118771,16.852083483537243,8.878422623886902,24.098082001660917,0,82.11853435463321
34.70737957765441,40.762302935497516,5.786307531859455,33.98340599133677,20.14544929974533,24.442328781029843,0,80.32986269681005
24.28757883730808,70.58972279720082,7.688098333695166,29.867719595134464,14.7152032078052,20.35605659604466,0,87.73002624363691
25.57347082316066,67.49739690672686,10.240016600145358,36.757880181366296,11.069311164144748,21.11340926335575,0,85.84431939870882
34.15437256577368,88.14104550919664,1.8108023979836836,39.34823926436489,18.171372429882652,32.418867467752534,0,70.47434952964865
36.425071393542545,68.65212615705155,11.663540270512499,20.13801529665397,5.341166455768818,31.34289559395194,0,73.35969612556084
30.814404300871775,58.93764260781046,2.3028801298840733,9.63238520169478,11.018461392382298,24.549113582826685,0,87.38883057652103
23.60092823248973,65.0269230931716,37.79879709082725,73.15471628753488,6.19290516061289,18.949715040298276,0,70.145400666076
37.935305558497205,66.76561127691437,5.346210179822311,25.539293651731583,18.19648567603638,32.398356149479184,0,70.10993609535146
25.345145510940178,39.923580900077496,6.373188273387224,35.24488364496383,3.020548827681905,16.651677724679036,0,87.25958447660126
26.32431109414274,100.0,3.9917683196678864,51.7391769860878,6.926296919410578,26.379252391525956,0,80.95255391446481
29.711689172448107,72.79806527152867,4.463905138492195,120.19652970695556,8.66393988152677,25.75946985312347,0,74.22120971986422
35.77080210357387,68.15012462033883,45.57115065879517,61.473562395332806,15.210641543072217,30.648092119830412,0,50.02471640363277
32.26987988276112,74.2274597641787,15.678584723984795,2.3262459323181517,11.927635634208897,28.39370737158885,0,75.36164344265622
30.074327501809552,75.64116470879907,2.139640969895457,91.18119866790863,10.56747173112871,26.538039531448643,0,76.48250977404554
30.31644265059053,62.89169771746352,24.615352177644723,227.13332008646066,18.379879355340023,24.754202100496954,0,51.72106230000614
28.21757334321733,55.53138295638949,19.19392495002724,31.978901305664724,15.118404245813029,21.678924000991366,0,79.64729331099518
30.79069757259253,73.99176029482555,5.900458325421362,174.64974206500813,95.7270874076744,26.960467331184294,0,37.235066498120595
15.352199611528485,70.78566260797179,9.443791614778382,39.62945587419776,3.29138878321843,12.037973611540483,0,78.27498942809561
26.516962704651007,52.85164851365888,7.301243940627665,30.773763669665303,11.133286798244969,19.75828275234143,0,89.1983301918168
29.206609674583905,86.28553417050895,35.80415412039887,20.128821572304165,1.6271518716304652,27.295825739677184,0,68.59891821584421
22.244929581902465,69.40028054484475,3.9077737905047667,53.58219277639434,11.774282701288888,18.291843832658145,0,86.20089867566577
29.9316165890578,75.94729043401446,8.304590945267089,13.056578561432103,6.11494884897548,26.44948162522868,0,82.8295079503884
26.97764389506939,85.87881331519878,5.2460936616667,5.542903227080184,1.1723935554209888,25.06277355502608,0,88.83770466211251
36.77737849157745,65.32833231747252,2.348008862166731,1.380745424478943,102.01325106456653,31.071238398645153,0,48.07664640697883
35.865098626074285,69.75428010476173,42.66208574108007,17.29241059137758,4.6066961448472385,31.016394363658694,0,58.879559143218415
25.670972154409185,77.15040857759175,2.871247880148004,25.19008680328695,86.60110890639598,22.57526382461518,0,63.315435340542535
27.245811442166524,54.12708374299922,8.811902372834497,40.15666291396987,14.319210468193909,20.598271415976534,0,85.90790524215633
27.630262171958037,65.81077494269002,1.8357250294651735,17.318541081382378,1.0008023230578118,22.75871209964084,0,92.87861445331531
25.741702619201888,66.88322879976722,5.3695471137535815,206.94483897343378,10.527503748981395,21.17997562084004,0,71.34161119819264
28.975124920140633,50.659121724749085,10.356093155305388,17.24756590927968,4.193265646413763,21.52874205222901,0,89.40632853760457
24.20858965556205,99.76455183010818,3.819856346939312,29.078088948613917,4.072019961127705,24.217242440438447,0,87.4990592839687
22.346923325312368,43.89059834761396,11.81584562921561,5.450367058715247,7.2328437701239,14.820338151775442,0,83.36659978380919
31.113556119501343,45.52844144469263,5.958192280860972,15.097604551519051,7.452805278898845,22.428383087635908,0,89.38430034666413
31.147647921109055,84.71339863555369,18.69144644612541,2.476959569937081,2.270226110384794,28.952102497842557,0,76.22168503638483
23.978421201700037,75.69899376194813,21.96408744447102,40.99322164873252,3.881653639696145,20.766344392106102,0,82.4752329781667
32.476777153812996,49.61052773778833,4.620967928189544,69.52810939400558,1.1185051921711064,24.353309920911695,0,83.83390515108009
24.842111354173344,74.10933522652539,7.85685412295482,10.889757373955515,11.405716263457803,21.364916758063742,0,89.13331664287882
29.265826190189905,87.01775667495964,8.55711740063652,22.936248679331637,9.800772886096071,27.460950445685963,0,78.96946646785428
32.10172006306228,64.54605413604521,12.127546511604823,0.837791238909112,9.344397683751641,26.654271665797758,0,80.75624089369282
27.831937176481436,100.0,7.4745625587471585,91.47993823424403,1.463794323973163,27.897539021668695,0,74.78048492337459
30.27370456070567,39.139072836979466,8.603497163109898,75.69809753036179,12.026770846645677,20.50209890174133,0,83.36636969724832
25.417851780562142,75.40735180788653,6.081642576889723,3.267157217963848,12.116174012590633,22.09046229353357,0,89.45804487859485
27.017667082859514,82.49792504331505,8.102655873699968,22.69609062805579,13.474574054556951,24.622668887109253,0,82.25353498482824
26.970702845598296,78.3701585240787,20.870822998359706,155.37411778697506,18.82436855226255,23.988200632319305,0,61.77008625622283
24.267108267298806,61.934664100315274,12.389713761205732,24.88124490680133,74.27109884285082,19.121272972652864,0,65.24189514007935
27.11612918442109,60.64337776983276,12.948818022092748,37.349415023854625,7.637939279458289,21.503094784037515,0,84.99002755069246
20.256908505681267,71.66217756630886,13.17678091766371,21.944078089465947,6.748834568853572,16.729434903704508,0,84.06174256482711
25.544231264289476,77.23631729978104,6.533566578325237,45.33328360275683,11.778349364193119,22.466583830135683,0,84.57389615062714
26.575622533151645,74.03710154423545,9.535881034761525,191.19345407075187,72.9087702860386,22.99050571155577,0,47.32403207953086
26.7191012375231,80.60086836190084,3.1014230586333835,299.6233220657618,-0.8989059598212599,24.06527875646238,0,62.68867344935398
26.792512770646105,49.71695064399897,20.39003141015044,74.51944570260405,80.5277887053615,19.493154366743596,0,54.75017503965927
27.691179000699357,61.58343531314548,0.7974243196038777,25.90183623691647,11.326640274999498,22.16697551245628,0,89.98509418948883
30.39720759043032,50.89976101814369,6.891448437847264,34.1036563263076,13.336972190289176,22.797839469060467,0,84.50149354809184
32.37258537066261,59.208308358707875,18.40673778807161,22.059640041095683,7.879617033165106,25.99031439941794,0,76.97865649167268
24.751173865758666,80.22831337721458,2.4816053097769766,211.93834051863197,10.508686029199634,22.12187805837159,0,70.87965086262439
21.983995723054278,66.61975881087844,10.173882874461835,61.50904714914021,17.774201202131287,17.68106930968503,0,79.35902407833885
22.789777938784486,100.0,4.286141207533672,29.794802955878918,11.350248067225982,22.819717275242315,0,86.86445716537314
25.563985394025366,67.90109550784575,5.501151246328838,0.609462909609007,83.88595864597728,21.162708899943095,0,67.48242852063427
26.240393410917456,65.89537820869604,15.748620411453176,36.748839793660544,14.402406504570568,21.49476666761911,0,81.4078536452885
24.150019669012714,66.59274379160324,8.65766919875729,206.53446007124634,10.607957697870063,19.672138040915364,0,70.98994055557975
21.519416678750527,55.43286960710096,1.451380693359758,37.0183244007244,13.167863720408587,15.757365955548774,0,84.81923823976798
25.71939586262906,64.1324508143361,3.3833270788923144,10.070734943648944,5.063753839838932,20.759159762359772,0,94.47460537603631
28.907133100569858,81.91682040667469,16.123350903652305,1.1170734738573054,4.566440521614949,26.363458728008023,0,80.75928226823777
30.975147329177823,66.70956002191659,10.581997143627138,21.902288894885,72.1541116858232,25.976110926428507,0,59.503235587114105
25.212884734458395,53.09810405174793,29.919440648230054,125.19105366901846,12.023737526577518,18.659456650805975,0,66.50244677633292
25.93501088928283,51.12373069282047,28.392302656541172,283.52862665465744,8.353977183355418,18.980036339052482,0,53.136381453723914
23.366508455763444,58.24697162501235,5.619281989580916,145.3567513137517,4.709691413547413,17.787372931045773,0,77.76584613255389
27.842804148126117,66.10795151616321,54.73975588439734,65.35937254381219,15.434578088945003,22.999109618534888,0,56.45066101263611
23.757856829045927,82.90379803214392,7.535187652492751,40.83841820384144,88.18142314696372,21.52611256066849,0,60.46558779671217
30.865639066206,44.89267037950345,3.4207682914661905,44.66365244786344,8.994069149245414,22.100575876323916,0,87.67436374524621
19.070667540329445,60.202605831668656,4.450818924708887,38.71699511394001,16.18898251905805,14.200053090774759,0,79.80664315606101
26.20185163773769,67.16465029152619,1.2148491537205912,61.38754801563847,9.263118874010908,21.64529105222908,0,87.69817775189527
29.50553669595871,37.49441348555848,26.725420913734858,27.139317373655068,12.778656595515011,19.558724884529408,0,79.00189293405617
28.91917258161252,52.49602575550391,26.46464235242547,55.31267113927355,9.686257372154245,21.79200962468643,0,75.31964481544551
41.46516831990248,54.80167190395721,3.2791821570731865,6.483350019764934,7.640776894222476,33.20754928575704,0,75.35382435944386
29.749000122839536,53.06044439224252,6.1576337317731245,15.441561141350721,83.60129641227286,22.610767387770434,0,63.593777134231765
22.979727015789948,67.87834317532472,7.9763908545574385,90.395369032526,7.548357778286968,18.76906974247338,0,82.60975302374976
27.522678764554634,62.59160585747304,3.427110746644081,117.03975983581884,19.282077589131674,22.169689093967623,0,76.90057580576742
19.11876833266774,56.67070846098446,1.8146967520242276,38.718755251974926,18.478049300646198,13.797990187023952,0,79.75841161244426
27.597001253516197,71.41943939828953,6.244580184000364,1.6073417018977971,5.714326447827295,23.568018636747425,0,89.4601723000798
23.834719714996208,90.84612076469375,5.715240944825994,130.846692970373,18.038086934122234,22.65932190855802,0,74.05603172300526
32.57695137780081,89.58884775112628,5.415531382454872,60.543872334624005,15.829433697342083,31.094754336981236,0,69.31923767072428
25.252298627022327,36.15842341906496,8.830157488559529,26.724157100007567,13.99601359621071,15.92190620096174,0,82.13002698175852
27.416170421023768,73.65608275752709,23.18755533594821,45.612313985348536,86.7858859883365,23.727779511761725,0,49.32469300306962
24.822210792977984,62.32965064904242,5.798074178620517,28.086198443021654,7.603334780175593,19.68090685996026,0,91.27925842960276
36.69425675926666,67.32733014298034,8.468508482291401,31.3061400925358,9.49061822481474,31.355777148315322,0,72.43792661885615
26.39378616941044,59.02575449686177,13.216901391242276,108.9343134739632,79.75170878561025,20.60719741532409,0,55.00341890545966
37.16278521739601,66.76382944830803,11.511129399070008,8.782249552275635,99.23631181818513,31.686226649915508,0,42.758099764302465
32.07075881059133,67.27111094108028,4.519770329256318,5.47228328675059,102.61402549936115,27.078073231065197,0,52.37110149364527
30.41033363667693,56.315723639766155,7.9813031368852805,0.13662371615009583,101.31152515028003,23.74647197614209,0,56.605469712302536
29.8436657365876,51.55448678262229,11.450482354405475,18.84390993979725,74.89670212403466,22.433690473983358,0,63.77426474316428
29.968986491081257,58.26956476070774,2.9961224320534035,7.974046062809899,1.065162172245138,23.682071871759064,0,91.82637231263867
18.36163710327195,68.51388896685148,20.304269997588875,12.422138174731105,14.271337807891811,14.57430763460701,0,75.71000003301236
26.60558302924622,73.98494512526396,23.225971742051403,0.5651308636234231,14.541555206059204,23.011260696248268,0,78.96642492955316
32.225789855921604,77.8002346601022,4.144473647674095,12.886453136315298,84.23035463559565,28.92029297304804,0,55.18189352442748
27.75551408262947,57.587149653996306,8.627338138303525,20.226645781658593,15.027055077412156,21.59907526618894,0,86.25603509426159
20.974050765982124,69.25766850954105,12.35205696822738,1.603824513102302,5.225179821784986,17.091900175319786,0,87.5597127202941
27.73797774711265,79.43753887929948,4.775547728707469,46.81244441110387,12.818171627215596,24.87652349456746,0,81.34347257694616
36.520527581277456,82.48392342716193,10.862223943487132,42.05920342436506,10.675278523918454,33.805463431331304,0,66.09634636418349
34.2344585776736,64.11750718802716,8.41995514492284,5.103617408863825,10.115830400310495,28.52919164048225,0,79.11392975915865
27.689979953169843,61.68602412590581,2.283399766245773,45.19461770938822,13.389200488589422,22.181765002710463,0,86.60312401234279
32.75724638529043,67.86686350754589,10.66885823738874,330.52787903502167,6.79275340751067,27.811017595444557,0,47.63200544879974
26.16746489815974,47.75438790653891,3.064505035098751,144.54065029197264,9.623238793702216,18.63945797005887,0,78.76512314377426
19.480642065866405,62.09585733446738,15.66395607102339,0.13372834175025378,3.189177140393892,14.808066075738228,0,83.30368919712265
23.377670059352226,76.16879597709695,4.31903129521735,79.32962129274046,14.871996776506604,20.259726474510853,0,84.56060025251547
35.81444384254099,74.62920694165553,6.494603836233178,21.817246715156422,10.933074130367846,31.808429855563556,0,73.21397058356649
26.63003459085348,60.94598593454167,22.149681801280042,3.288370213108432,8.347234063165558,21.111092915877045,0,84.14727134984506
26.78308010312491,68.2657730163075,10.991313919932146,17.54765394776242,7.349943479793067,22.344196650443248,0,86.7833015096618
26.500809018625596,52.63024489563969,3.1155972404417316,19.410972376355986,83.91378202110491,19.709140140686483,0,68.09355367947163
37.52068294786503,75.55238222337537,3.2807325745607367,37.03754756607262,10.37950511442184,33.58241388035849,0,70.82242309743403
36.12979457681031,63.8326784579529,4.574776152435357,54.100115161212884,15.322281040703176,30.207540859023194,0,71.88386210555852
39.09390116724067,60.86072822455793,10.132167529404107,69.12619634911336,74.14063679596157,32.3355895968341,0,44.80436660648161
27.204773947999744,59.5741424585992,9.84181211311633,14.111716423818319,85.58163898972263,21.418033694167608,0,63.01365876323438
29.478122443735476,64.05659199650212,3.7641352600635343,19.413482815976014,4.307687044228478,24.17813635739084,0,88.47348387087487
20.416787252896043,58.28183532602063,2.904416215265615,18.436053752986545,14.651458546448092,15.160047493838526,0,84.56043824234362
35.38467213059137,74.87214554003845,9.255951259673342,22.528631441547052,14.087428903280959,31.443215588579807,0,71.25852820871192
22.161102243660324,59.070746779757286,6.3885795265785505,398.7883716520959,1.9415077903140254,16.82476885700154,0,51.516857093565434
29.083877818813146,88.89446144041072,41.503290363376564,75.24112685238804,8.018823449654157,27.556560817444204,0,57.71645975702189
22.51348736183578,86.97815755222072,7.6086284468106,184.42490687861059,90.11643063469575,20.852877029166528,0,46.435069333418596
25.05566586630652,51.62684765218243,31.544595101623337,59.06346771636171,7.351979755988536,18.29730442740541,0,73.31665239999744
23.8136878447515,66.0455640414392,2.8970504161455124,26.066589508669257,17.562278629236072,19.286414000182976,0,89.02034396492276
24.96062369662091,55.240150679957075,2.0989341082022372,24.6938519311472,5.182504697419742,18.762522355519497,0,92.89742972025682
25.304386484255108,60.10028655217083,3.016001338603227,33.52831736888683,15.14879082154516,19.790987524359622,0,89.77605193983408
25.258656025374613,95.03641201467195,19.13088079820057,26.967238071086136,0.5515110670104981,24.63396208434122,0,80.60305564494243
32.16666955890153,60.38642874326301,30.110720518674977,88.10796914710409,16.85158250069657,26.00878305917095,0,61.503474070296825
22.4756860346874,70.40339055616143,3.9521369666487867,31.27461473799625,85.06118664141803,18.640116395075705,0,64.50291575501686
29.102707135069334,73.11981941012418,5.111777423852335,17.521464450572783,7.763946317277241,25.23592379655183,0,85.25009704242973
34.089795761527796,49.99055941275139,2.900303166874432,74.55170207604662,16.69189951881979,25.81108254225173,0,76.81408788930727
25.43401817743302,52.17356788386193,1.7344461183821607,96.35161636838276,7.841172555033134,18.70985390767616,0,84.94867198047383
24.41040554626199,46.909664428878216,13.127763756328848,27.273351430902554,16.20567160007401,17.014529084390375,0,80.82868607197288
26.847376874098746,51.710438991533344,8.832306942372167,55.10219427920888,12.93204504984951,19.863335920536443,0,85.55794929841451
33.89862604180355,22.249548360242265,7.4513139512765685,3.030221963821374,8.64994006274399,19.22734578595971,0,91.92902615267114
28.97053815476679,73.16873601190443,2.4107906645387205,37.694230958966145,20.028841472548184,25.118973515085408,0,80.67044080835652
25.343928526962006,95.81290761884105,27.438999627323494,2.3012093822316118,88.6272956656597,24.82435424112561,0,49.27141599787343
30.419383255940197,67.2173110855479,4.93974944145574,1.4812685083220833,8.283869656476622,25.54521594290023,0,86.30288462859737
22.488539250817883,43.75596710989089,11.323736976017038,47.45682100539991,4.6678326246741175,14.917907473282508,0,80.41336641315056
31.40679755221474,55.35835425650078,2.3079296697530984,18.072558196626957,1.9741477877923366,24.46172107618428,0,89.68814846858689
30.043036538508836,58.11684732462505,6.34444640473993,67.84399447544551,0.6165483433106225,23.72275585238471,0,84.25372745707155
26.46095764430558,49.73622834179936,9.328736338311302,113.2079273672388,14.514582757069789,19.211616734212296,0,77.99406994308231
23.807071007763845,77.90273957592734,9.59901198014738,7.505760134064976,16.076629852382283,20.90180439558326,0,87.73833478568416
23.566595388582712,77.15390066563,8.362177290117913,64.46252762392662,10.823192657248692,20.57169041897463,0,84.90739207833687
30.674086681729552,47.668223092735104,10.97497843060986,36.13085916091382,4.322409774055026,22.45442810648453,0,85.77697945085855
34.14490251244531,75.87621566671262,2.990927784749531,5.945891786576678,3.6783134911882156,30.436021730979792,0,81.02980983543515
24.813461264856027,87.90218995365898,8.65293079987453,52.719140643813724,4.224621895199304,23.227020829509144,0,84.15288199301789
30.29193351775742,93.5383730784434,8.09305386937771,47.012115103230904,90.49526674429644,29.429205323606663,0,46.943364654812584
17.564864906989655,100.0,8.893655411025085,36.246535125091576,8.933557933070265,17.5578200756761,0,85.2873962511357
25.076911346714002,51.47011025835204,7.82932401714742,130.50390873942425,8.24258181919415,18.29160803169301,0,77.72483189195867
27.84470533564549,100.0,2.6682685552280265,36.811053779466924,4.184504074744729,27.910397456132426,0,81.72432946865908
23.45158291509083,59.68690417236817,2.5747699705826723,232.90279237709672,9.85672169482368,18.067145549911544,0,69.23748020359174
23.31746812605202,56.11301816929229,1.2568209175150886,35.58886378953724,10.372670001111217,17.440078341051997,0,88.51526400682965
24.661102217655568,69.90608562316768,14.211160517938975,6.1565426431700825,86.45006317361367,20.609070378497876,0,62.5484721844288
29.460963641631867,56.269079988604815,14.326715452515415,31.788391046935217,-0.4067069432135568,22.898508336408824,0,85.44560964550672
27.063354907968126,70.9856621096979,14.510031429878055,10.064746669048526,17.805114652239794,23.0049798783691,0,81.29600158318921
16.80884383337514,45.19884218394047,9.444494413385573,45.45750003656007,7.384580016526703,10.371949450102193,0,73.82840029262893
17.396499236824667,61.41871096904848,1.341119383180083,59.066908109649,19.50692332793158,12.839386370478245,0,76.17952127718523
24.965674110714122,84.28373351542518,3.249923984136959,31.596515880078453,12.074374495445525,22.88341175459765,0,86.86547728954535
30.28843293026776,64.14408062853266,8.46832162753804,5.140575450376834,6.941349817907275,24.931727361926512,0,85.54040732566777
14.262475786373827,67.12393680109824,8.235173254725076,31.61590767200164,9.592246024551105,10.624149345822246,0,75.45963128265363
25.501349119241848,72.12887907075967,6.182986637945204,4.248176385129076,4.627508051705959,21.707388051388516,0,92.38010428152973
25.368760717412894,82.5599244397649,9.925763616726268,57.30500305817357,14.630337966164227,23.037433420555047,0,79.8736884329322
34.94168889104224,40.171629317158505,7.45825420572451,78.12013695495483,10.433937131370206,24.50448501579502,0,78.22415263415967
26.074890941435683,73.76786077756152,8.138585329296657,164.01140766835763,6.377801199483621,22.479662699950804,0,73.6841387854285
29.914944923704642,60.97791291137355,4.431542571577946,8.055531793884033,15.19816164650558,24.078995578146962,0,85.79412828543366
28.706285700437316,67.49956842967758,16.209683148653166,38.009276974718524,4.971435097887395,24.007717925713838,0,80.42550880700168
17.347167600964,80.89925254643565,5.235083073477396,41.91296776343143,9.00692138560768,15.087859388615108,0,82.82064364130493
31.841036083158688,47.08720022882234,2.5484382831762553,127.85872992658054,2.487877011782241,23.336364763438198,0,80.10606838333578
29.07698252728144,49.81033337835366,3.987644835146099,49.34593991523023,11.960640627438412,21.47057368387481,0,86.87884285594558
30.54134319837295,35.96855060429291,5.59138514855059,7.862503227396066,28.056750314078347,20.073250148951626,0,86.95593177486488
47.63118853218163,56.76261587354335,16.365938113559107,28.666206820223778,8.64972550927844,39.091707379322415,0,57.4296073557883
17.579435302507058,84.95648516568224,7.143376768037899,53.17613877831159,2.2614679937940627,15.789832058334714,0,84.04162316105393
36.62348324880554,63.191192172897956,6.366700909512559,60.24606804806136,10.640538009967482,30.540019516397425,0,71.43516746251895
26.56276240299822,44.89812656517822,2.721189933486533,99.4157317388732,83.57511148273441,18.499888164220934,0,58.58929361145601
29.436644522015047,57.714818831374295,13.851396693759423,9.953478443532283,11.442449221331232,23.11594744761225,0,83.59088289690494
27.77243877349379,42.68207444764066,4.386090470014669,151.35304320553388,10.87461733720982,19.122276286927647,0,77.73019242909413
25.878818333009782,48.122208474032576,6.8208064512393,3.0480151708883327,7.475108824963506,18.453421614378342,0,91.47322473720453
25.150835358806205,70.8322836539557,24.146669495651395,206.02046959296322,5.116611523463226,21.1960142150508,0,63.825059795814035
29.647543677865045,47.39190010540957,11.100727701237343,97.51446869718082,15.327073891191759,21.532917220302355,0,77.28978881881247
20.414131516641604,81.68951457804953,2.008517247084962,53.98061428151508,-0.39259874445261467,18.13861052128138,0,90.93646197837896
31.75289583760883,63.93319563754496,1.7938996236310552,66.40042365029089,-2.4514085418816443,26.233441335176323,0,83.92998200101812
25.91902797557373,66.28392055916788,7.018514878620667,3.7734760199352237,14.840113533381302,21.25620946230233,0,89.28237625411555
22.34965330479821,60.82440548588159,2.8005267041057706,2.118235386949145,15.354411460857344,17.23391774336053,0,89.12065257067388
25.74993571002093,76.59271757815584,12.414155549821356,5.3662219530862085,92.7779475172141,22.572070198520766,0,58.47221222626152
34.28574608431286,76.74739831665516,7.643154815968927,4.5706788779849346,13.519036911257874,30.713049560680606,0,75.14543472611018
25.323324564918885,70.02581527868257,8.434309195219585,39.63525414049277,6.40700798826234,21.24277804334233,0,87.81948359390665
29.7922680910481,73.47183658861472,4.197988385357732,12.131865494138873,9.389701523154883,25.938794747074034,0,84.6497266295779
24.34521862142263,61.818654951193615,29.758265467060486,98.37913866812892,12.010822782863976,19.175404562352657,0,70.04245264889786
31.7896092496181,73.13304510363572,71.81367965922041,29.506847308659516,5.520150163816479,27.76603957714865,0,47.653366019195374
31.42753869395102,59.9318333678929,5.912875261589782,59.45592989349804,12.167318370967632,25.266697843910865,0,79.14214982366647
37.24304416648206,65.03347433243603,9.800480339715012,52.90324197930325,14.13145062311138,31.44402398713817,0,67.93291611046779
27.122180272503922,60.880343759505536,7.987947749847163,19.272319247068232,9.316906542612138,21.544902855267985,0,88.65580440326357
31.343274023789533,58.14172191021206,6.002946963593855,13.930670767059238,9.476719676104493,24.886489710105966,0,85.1168183176367
28.490337697694724,54.663323034173146,3.797502545563731,20.962201544973528,9.842984915377482,21.77740147081161,0,90.05793139471086
34.479358909315074,72.01535155788328,3.1019334481143916,79.64339134847435,18.42191664090769,30.109195316850172,0,69.18026228551756
24.40583806195635,84.65908869220195,2.978804923141975,44.12791224182528,85.85668338354176,22.390449914555543,0,61.89323698123258
31.725026564386404,82.56652957504339,10.218420474555904,14.620572753219555,16.257896913413482,29.183235205205616,0,74.23458070845385
27.026513519416593,46.15151996081847,4.875684073804093,85.1452614094166,16.313129261745242,19.100874635189893,0,82.26123402102606
27.679059114457512,84.3380457711031,0.9392869267907574,2.8157883012666143,6.845724806437903,25.52620398754871,0,88.67756345634226
28.458762422241865,60.22762247573107,10.547475861676245,60.06272095597834,7.67968734935672,22.646741991497173,0,82.18998120319938
29.261201982133386,74.01099522718387,7.166310689710564,28.910703949911245,-2.9417958177572423,25.520467857750244,0,86.22567107944731
27.41885478439021,51.406770019291834,21.70056725788091,65.70619922830156,16.94044118320151,20.309104402758823,0,76.46862611635731
29.073565915852633,67.12969870811008,9.959211658120541,131.1817397037941,12.83620853403452,24.289602988992545,0,71.18907953906
35.89059028781092,69.7058477434536,2.2638369132251523,69.32153811048559,9.502358361761233,31.031669194471203,0,72.22097115337831
32.92724842807609,42.73092812120521,1.2414234780984628,29.166711563628645,8.743595693376278,23.392455976305776,0,88.45940124233715
32.34577296248448,74.12400749516284,4.155455679828831,8.183372469944645,12.977476503609868,28.44875035402143,0,80.10498388085568
25.722302369880648,85.18902511757473,4.481303945967495,82.08539560249979,-3.8759423055405122,23.743411848030743,0,85.22767146323366
23.55379585885838,62.38028081477558,15.713612278278088,30.87467625079561,22.109777402676215,18.537890588236227,0,79.49263631724367
32.77650279118876,85.4025219624202,7.336803476952486,3.9149622732984475,14.506883582144598,30.643029227594194,0,75.13993033208776
32.38023396264897,62.15459759821389,18.300910239592053,63.47988870987229,5.369070617879934,26.50403576411955,0,72.95581215707745
35.36335337875491,77.74376796569926,2.5603233406008736,17.255105972788446,5.8899873994254595,31.904413596513496,0,77.17437820450866
24.98009687015385,31.721450510733504,15.993965702417771,2.5061846952775224,7.389349068871261,14.902811112494803,0,81.64349899171515
26.852256723198266,100.0,13.154860666299268,116.52403666447432,3.586516886948167,26.910931419930346,0,70.20826324152469
19.802579187372828,87.43187367864435,1.470220972401437,32.995397977918344,3.655637036971104,18.258218787916515,0,92.13413221889185
26.037644469695636,60.73061743619482,21.28695136475425,16.491987733973872,14.836671823390834,20.5445970991038,0,81.94487262110619
32.982852552897235,35.41866460034273,7.962689290899051,63.00715436491542,-0.11438078614544622,21.882786011455867,0,86.93188782959028
25.66752310385901,69.32042552458233,10.111117925134497,108.53504304581836,10.420108804665466,21.462440554345275,0,78.42390629977785
31.20239897600412,43.34111679389365,3.6990761898531357,0.015356109547388886,15.197206961152958,22.08490184556488,0,89.95583787205372
27.047484470010943,71.67280306336232,20.49534137537731,58.21392187368738,6.001010311398457,23.09086935302285,0,77.29429632494218
29.620285141107804,71.17348578746423,2.8614203762702215,72.8383507798103,12.228217522450496,25.423532378469535,0,79.07408365869605
22.261543050921663,50.87895246496963,14.377631268516884,11.781523676857697,8.044868411172224,15.769539773421684,0,82.60571885446424
28.426047248169507,81.81450535421567,14.246139827609074,33.63036198379997,7.498920682031214,25.88423729736098,0,78.18789771443026
13.044320145496384,77.0836205420926,3.3894445467874523,4.676313037213187,13.688033822384815,10.543453454544515,0,79.09014866390679
27.065519209190075,79.63735005932845,36.11466008849265,68.66888359728219,10.66647775257187,24.260569683154475,0,65.12943448710311
19.8476337814243,65.13286555503343,8.89262946981602,94.015116082576,10.863522082884767,15.525852717386112,0,75.8197787052853
34.02997258273408,43.767138996294406,12.467360736043483,5.724921269493707,3.8019659430973887,24.518748870580556,0,85.14838221812559
31.887036763822557,79.66808408316706,2.1777742385240324,84.76620161982983,10.145918790277063,28.88953115038738,0,73.71822306308158
30.333354909830405,60.944429012963134,40.21274569276022,73.82631038231322,1.5170872997870326,24.45089942092907,0,65.32895121739928
35.6050311357969,44.153297852109965,2.77417789102595,21.302270894423305,12.365039774837026,25.91095520254712,0,83.49457123627833
23.255417395875813,85.2805904896149,16.775326500957494,58.605869272503,11.602308107557912,21.354289486762863,0,79.85287955627402
36.73681598957779,96.49111280753763,3.3340328111424737,0.0024062526151750097,1.509619260402177,36.30479897892748,0,73.37233808064197
32.66095782130192,64.38127806531196,4.5032932287069904,134.26381613649784,8.01932639817218,27.13764457880527,0,70.94239610439809
26.81722356390527,97.38681731904938,13.887695539357097,39.96798465413258,2.2637920127339086,26.513440768462047,0,78.53459527463716
33.67810073591472,66.36972092917024,16.81114687648603,48.4238085818324,13.305690066690184,28.408223036182495,0,69.70448112706994
22.46853243794183,59.293161437504736,2.672388390156307,54.630429380970256,12.692346936272472,17.130665114638447,0,84.66597822669166
23.87742919236163,55.54312318721784,17.67900425571961,41.20484026581233,13.632574593673919,17.852427810424185,0,79.2744640299706
24.9570513838015,89.55623611989114,17.04717321438613,97.16304371305672,16.369733647374737,23.592228025564435,0,70.91518910069637
25.355111459679925,53.29784177918342,3.489077145153021,47.04221495100619,8.1294773621804,18.814173321561178,0,89.06267412727117
22.717211786198735,76.0290396496248,26.547035252304113,119.16806540284084,6.139176565676742,19.614064434744996,0,72.18438029712243
34.11541533547663,56.612542474111876,2.3036939444539892,43.653375797826314,73.22357330125487,27.08000651857301,0,59.4549479030459
26.70572799815084,58.095398561384556,4.482504515138266,9.384140451735693,7.144149917814029,20.743406443736692,0,93.32384072571425
29.762524841784398,80.4537454095435,10.839556688426125,122.41671577826057,6.165293688084686,26.969844708048083,0,69.82868511986052
25.148243167931597,59.2994473056597,3.7327565129574474,57.22665964683949,-1.6900435839577561,19.53273748368044,0,92.27340986567724
18.896983497257416,58.928069308695605,9.125340999179995,60.071966553319825,7.303676443863176,13.884704741901114,0,77.82263114330863
29.35028679195711,81.9920704576221,8.96081213586378,211.61744198181248,12.53756436041164,26.802298364595497,0,59.97521406685641
18.438725122901115,88.96095939832435,6.361985944670776,3.9087027543256943,10.702782016033748,17.10695464154035,0,88.52097470919799
27.656829769572656,74.6703470492635,14.381180338413476,27.98264255194004,5.475110040495953,24.103704942200864,0,82.03055148213264
21.15842480583595,55.17845336564076,6.155286868076508,13.662364056414999,-6.674463553129147,15.404680529864233,0,90.88796213949298
37.93637999615404,57.34087251053631,8.892719026844835,49.77027727203824,-0.008627406171433094,30.609459847393243,0,74.66529879034104
32.55681361087361,66.19872895610057,18.48902849789616,82.20449169594498,8.377624212517876,27.347898556190817,0,68.72064734299857
28.528768956357403,69.81395092888486,13.909178806847818,169.52876317060122,7.97233654118771,24.196896152565728,0,67.13974453693814
34.318533388273345,50.182011347903426,13.857323045560062,30.311433531632392,14.536368423958542,26.04494166700967,0,76.12732648222271
23.768420112671322,75.84556909369796,2.946612832280765,77.13997768183938,14.08940983353735,20.58704717601753,0,85.23565510713694
30.717396893350465,66.28269994459399,11.243993336321518,124.47682276505849,4.982617196079023,25.669921067571902,0,71.76456705528253
28.99905216859357,39.26437522042806,3.6590405462890776,57.49403167401118,8.440864735627233,19.495472918357486,0,88.85066435844816
29.32010040666835,51.06610276308904,2.6508173228905156,13.901939433321544,96.05935461957709,21.896364927429033,0,62.42006513088668
34.36176750053384,57.43806989522504,6.977110921331849,46.80607224448015,98.11992790392097,27.449944369903253,0,47.949278125390855
31.66246051389901,63.90713466738417,3.584302343100685,175.2480383658797,10.01886928277603,26.146616948852383,0,68.12349647432444
29.443618314125118,93.33918193255994,13.908416702806278,219.317112122641,9.476766878708984,28.55782766463224,0,55.118416646481414
19.72556281885852,68.57256959209442,14.17710540101039,51.41139461041232,12.651971529623765,15.845986681355534,0,77.32196401727896
23.199768523602682,52.38842165152062,1.6126826117212647,109.0129564360923,11.81945681075027,16.80003858600802,0,79.55260199262541
27.38645533202138,68.30946206460744,3.808966788872045,11.179017575413985,14.401316028003583,22.90955313909853,0,87.81284646337359
28.466861871383255,59.71868378819178,2.298302167888248,14.123358350420473,1.9693955956593765,22.573183705798446,0,92.92227232376304
22.34898137663038,69.87137359300313,5.103346896603882,152.7609658231002,11.732665734096226,18.451245267077862,0,75.93820929197275
40.058383377892106,73.70851530553422,10.634894578350314,7.264895973881577,12.236332791255345,35.651630155679925,0,66.39984028283169
35.58197027626787,83.13845970835908,6.087086265243542,10.604396903103725,5.353377058791864,33.00569806346226,0,74.60301106227718
31.010591601962417,64.63570256494961,4.6098375024741545,27.283674180092472,10.088106554884266,25.671443450207583,0,83.09684647048087
28.360184306418724,89.5844079139975,20.908195712337363,44.52923503285244,2.3341270231883273,26.944758725633374,0,73.89779821103323
26.93895515049424,78.62033993804286,1.1689597630497146,46.29398029777897,77.35039646891364,23.993703656734187,0,63.01210111395808
23.24040769988882,54.38840682781718,19.875692740771832,17.2638649898475,14.797879461925675,17.124808000843256,0,79.09035264458566
28.387402592594313,98.14783498622697,4.780615794349486,126.6715981603938,8.981606827138222,28.194157423039005,0,69.65742720984795
29.288762700713754,69.90491769905147,6.94146461521813,123.31400487094083,8.765883347617214,24.918458420917112,0,73.89821845804877
21.79119712259188,52.47313244041647,4.845785362957188,24.884616632149164,4.550984779165331,15.586888993576366,0,86.9519842192826
29.670882086224488,89.79369576845633,25.388859728072163,28.48384136923057,8.949181762219963,28.265186172806384,0,69.07634615242463
27.223704755876255,96.16666377797667,2.7599628032524395,60.6165681347609,9.674116165388739,26.750085586784433,0,79.20852801625813
18.460962210613047,64.50462104420659,7.458759367624498,54.38300859230257,19.893256437742515,14.17884504546317,0,75.46950154590475
23.69807494610249,57.445246094366055,11.26782051879702,24.087377189291416,16.879542096494866,17.9684008680581,0,83.28343929159455
25.931972332891778,62.41437563819507,2.0364290039304977,26.742619388222966,19.912565318489385,20.699702014568228,0,88.62044876453032
37.43843828670095,75.7209759127655,3.5398397708270686,21.388522400674088,14.071614257038885,33.533787165168704,0,71.10000904108637
30.78276562266879,84.16784982545771,6.563061414936972,13.419142445257865,10.767739882119576,28.514941169582205,0,79.01489666625923
21.322592154500544,73.55730996295361,3.6352139670027315,30.63722961401921,15.801053840535474,17.972246254749667,0,86.81002149037606
30.430181447088184,66.52584812707654,3.8478962986486245,57.987291770210646,9.709924528030347,25.444668794629045,0,80.8736779723676
20.26348005530817,87.47017655456642,5.585142067550657,67.73333266086202,8.843388361540889,18.714159153442154,0,85.55753830978807
33.41345526943537,60.30745290422717,12.424434592543006,75.4510506744806,8.123524151432896,27.116894670032394,0,72.85949424742088
25.64437674091061,80.46379007550361,5.61715764302047,23.478747133497578,10.774860092782363,23.01271378481247,0,86.73285575699384
27.531819056304144,60.67905802473082,17.50945385902056,72.33110013752223,10.248306778541087,21.883097222869953,0,77.77141496291887
34.62898323771095,71.4653443701634,3.326077806366584,0.3268819781417838,13.104377079533736,30.156551180463413,0,78.7013204351295
21.56418215707875,63.29656152814323,2.714104844411101,32.41346513411507,12.178124397535928,16.85532639467821,0,86.62521585722162
21.014409074435044,64.16221726020784,34.504036754762595,78.9707570408611,3.3432527931239306,16.46820083752982,0,68.43878957711935
25.082003368269977,59.339202238066854,4.3650668224458276,49.71865736235375,12.324808227530486,19.479235633754648,0,87.95618489399686
33.191894255096585,85.17281046771042,2.5889966176623735,32.12870406721274,87.34313988611554,31.011570828920927,0,49.860895079027635
20.403269622615788,54.00610942837197,1.8337386236473823,51.731478276899836,11.80626141681768,14.584027170927385,0,81.85060314460485
13.839222009447155,53.896516211769374,17.462972165562125,118.72876715068602,15.425944580671807,8.82116625357712,0,57.48540505562541
25.744205707955008,96.81490348767664,5.623512047855614,41.77954284875477,9.714600484020512,25.3607123175294,0,81.73102105356244
30.7587039995546,79.66771346981497,6.0317200085455545,80.41847203769258,13.124602320511785,27.807236866025907,0,72.85657005274851
34.00130874869414,29.22329451960445,6.505439224402037,197.49331896295692,12.874530204575183,21.194385440257552,0,70.91486026292523
25.684193189573005,56.52111891184394,16.61580428398068,61.135394435290316,10.7848431352438,19.59485585018395,0,81.37589447800862
25.942866964419988,37.82015993656918,6.400500131243766,42.58672350044721,11.98135781793043,16.76759451262894,0,83.69868341396666
33.769503671278734,50.73963959877118,48.19440922112597,1.9103306268762765,10.940497830763741,25.679261525694322,0,63.54603742795332
18.6512915015229,20.0,8.223603205936069,23.458430758719047,9.193652497010106,8.177374539127028,0,72.7438662975139
26.057396124084953,62.94515633459086,17.277892835782865,41.67137721885265,14.189168387622214,20.89220829063406,0,81.12588062839814
28.95211944962529,47.87087271258032,14.072068655883195,79.77837063261255,18.96225411569296,21.026865138539975,0,77.12507952908953
30.24609360642517,65.89857885194658,7.176717772504909,28.821995246081407,7.265813771197676,25.174990217893207,0,83.34501833856703
25.450966534045588,40.623181116762126,4.620131700012833,161.0166890644837,12.292933899742913,16.857059937342168,0,72.77621051631083
28.172205058529208,66.2436777975806,9.636626920250455,15.858548203682158,69.26565161009486,23.32270456494425,0,65.52322433539189
15.558363232935053,58.77625582819509,11.112593168988472,68.2397949439965,9.455730596336494,10.880310139623786,0,70.78827893176296
24.70875793833076,87.52929447782893,4.67360705175471,27.15292988737052,6.9924424261507045,23.073964935585366,0,88.0061419399573
30.26754356277234,86.17035292618438,8.440749371514107,33.275481483223444,13.734980191776735,28.31420123282407,0,75.40244858609225
23.088529828726603,76.78018404515424,19.86509124693081,81.1013496373424,7.77458357188368,20.066646837168236,0,79.26582129975344
28.294921107947985,60.10079329008181,38.704589752361045,17.564136948635685,16.699999427381048,22.479339841498014,0,69.60561519091522
30.23436250401349,94.7807059289044,14.636164057637501,5.091230749518369,5.513534092878901,29.554406119535134,0,76.00334101930042
26.287253995711175,41.70447083240269,32.79275966506371,36.72508924181193,6.1104713791271745,17.72708394916557,0,74.48491337399292
28.852318854982855,43.94662055654506,4.466033395161795,37.62306058293364,6.5000954989831445,20.24501860969175,0,91.47045082992706
23.186337173576938,63.74325350166403,12.955310763517426,79.76880529072733,11.378317908676152,18.393233550602716,0,79.34254177884725
26.966943601519766,98.81057163381678,21.559479565651667,172.60223282724675,8.371893584250019,26.861281097946005,0,58.87748409278048
31.051080847946114,61.96491639694869,3.6072053584911608,2.844429435566652,9.311715607636614,25.268201496692225,0,86.90574692961388
28.784864804842172,62.251321351860774,5.0104609174895565,44.78636501480361,9.516252973348225,23.26153949107522,0,84.95173947871262
25.067343652180323,43.37134465832286,29.675559942040756,57.17188466927203,5.656615422595134,16.999783285482007,0,73.05916801607705
29.121082021453965,79.18894377905568,3.386919869726296,212.7304221017373,108.81944983415625,26.165277049388173,0,31.51243233616212
31.57304895318309,79.2976438149403,2.527159573639232,142.87702536032768,10.448552845596582,28.530829171877553,0,68.1696229707991
17.75029360711261,76.83612802099864,25.08788998292896,62.31805901155764,3.591079024426948,14.994980038194225,0,72.51969282319544
33.79537032477949,55.56168990728956,19.248065842747643,36.88520406298318,8.07142315480796,26.604265921955495,0,74.09057340445864
26.31872630659464,54.39939847440492,10.440538850833203,8.808461399987674,8.820375744573965,19.828112434416827,0,90.70092783801854
30.12744966620115,45.60316624392544,7.123729512952708,24.239748606115132,5.255840641883285,21.61383866830735,0,89.84145549982335
33.98623461822614,66.258087526414,5.202713911586048,43.988578068766415,4.3290278844236525,28.672579175277132,0,78.54790717960675
21.14163151384767,48.79389006082248,9.258657863876962,64.58565809254866,9.900342191713776,14.512963025750842,0,77.38143573352832
24.452794987862266,47.33875242126067,26.149905217151332,50.44766015111086,11.39372877065032,17.1173171989712,0,73.75834758455328
26.557256520621475,58.644639246339864,8.94283721696775,62.60964686955336,8.397411381670153,20.695227734484575,0,85.42563797561054
24.081232394377857,57.66265737223676,41.82806031858065,28.03165941387486,0.7178422503189861,18.340622109181005,0,73.55445631298737
36.67468287918404,56.93032206767067,3.6025661518604406,65.02919476877551,8.858407869874153,29.409096239840945,0,74.62935046413943
23.716139530866037,71.99666895260393,7.273629398941747,7.75913387550352,77.94576285997549,20.014908106676128,0,69.58298879963942
25.222266102565666,66.18571703225419,5.482455397625936,8.871853970773447,12.117291659151949,20.601178811310643,0,91.43072146742641
29.021945158014884,60.67765954233324,3.1015027914725204,8.886534299075755,16.959978490563348,23.22543515054019,0,87.06911628502476
21.989252369619557,67.74519392467224,6.537357380771251,110.75846186557831,3.5251301295195683,17.835261928697705,0,81.23332463959657
26.02159644121868,50.12709438343052,10.317726561207094,3.9540036536310192,7.0956043091135115,18.896712531242827,0,90.42560371452642
29.587266306250875,66.57917935864516,11.238935616735539,80.85041798810023,23.533439704877505,24.677028838936778,0,71.43546723279121
26.335697978087445,67.25903739266951,41.9451051502649,13.300654038459653,15.629651653170281,21.78262254111701,0,69.81356432495598
27.53306570550026,42.45429710963779,10.714242978276486,31.5960137601272,8.745579102088154,18.88411803457108,0,86.89426115267628
25.353339437758144,79.93540631555543,18.543316783871898,123.82109464731379,8.946447597119143,22.659773967371837,0,71.3744219932352
20.427648454096165,51.77849442159507,7.79026904909539,44.086884876876795,9.69565215034471,14.3073105597834,0,79.92525877732481
29.607966056696192,66.35464698809652,28.288192186689635,11.793565726628383,7.07354734341815,24.66072897330629,0,75.32760475956019
36.774665358236206,82.46617610802906,50.337958188753284,16.710045125047422,14.987104690621754,34.04812401174877,0,47.09212881195488
28.09200815391719,78.88515136570804,11.300738807556867,126.56635425355292,93.64307058851541,25.135150286872395,0,42.77591287771921
29.126320586237746,65.51500082853254,3.3396726314159104,27.856038601016547,5.527778999064098,24.086314744974512,0,87.57249470704059
31.463613775584296,59.56251495676897,4.763372766773464,44.21362682671143,7.211123187406185,25.236405488068662,0,82.93863497270374
21.653347517266504,79.21267862863351,9.258549941116936,30.80302927506025,7.883112548821318,19.01518878332107,0,88.18550109397667
36.51257329064803,75.1204246671293,10.646151104540523,23.775987800762895,2.5495866221169097,32.552774315861754,0,72.62030198648851
29.01164398211401,55.72452469933805,12.919529838812132,12.6337114938348,16.843117113492553,22.41121850680602,0,83.04566379983724
36.15928449544555,53.076595294974645,10.67770737241644,57.94861766387789,5.108035299363233,28.205817016052944,0,74.85488059020349
24.334835022380055,33.914672274560026,7.430461226178861,63.33534128713198,94.7205201292389,14.802811331761394,0,50.581945546093166
37.09030961278913,67.31047762525381,4.4417180377458,16.07125711758705,16.581236485806368,31.718369338776792,0,73.06738243260108
31.875777470173915,63.759533824724016,10.18494458695342,77.79742678559883,13.674484712691664,26.31650601583906,0,73.09486443330759
30.765200429261792,82.04287061963814,32.58949137624046,96.39105740557719,9.493701557717445,28.17578242113191,0,58.63790775371837
29.17012227176574,70.3858264022055,16.708922937103377,126.71015773728193,6.4683514665185395,24.88186467845233,0,69.49560858453543
26.757356909627752,85.01343791259036,11.333502470552357,8.789888984022344,4.062969225731591,24.72618420055447,0,85.01066049024601
34.00265829236936,54.53953658125744,16.83825765945063,18.1147987338949,5.153604008278173,26.597916003140263,0,78.1546492894154
28.701799349240236,82.07225496451427,5.491210795753009,98.43199787728018,13.539422572061154,26.188099607589518,0,73.61590454565749
18.164651482064237,57.06625431343017,4.92039043042594,11.066023383819502,13.289563157963805,13.000950081606295,0,81.5047731828266
22.414067691464986,76.66394092688408,4.06239181239923,0.17372441466516217,2.75822041020848,19.409762782490763,0,96.14666902266718
27.070771239036265,43.1186241120396,6.684361554365244,102.3302544817039,4.299586994882782,18.618406508028368,0,82.91920787172862
29.549994915827774,68.52702949049282,5.271923479755628,19.759610901123846,5.666348833331412,24.94760312896897,0,86.07788953211254
27.71705755550052,35.22968087831135,19.426144093697,26.76424345171701,10.840128008797658,17.696046615568346,0,80.54119752839976
34.094853948968314,60.992937710873676,5.051783078678239,29.55968542933744,5.130669231533717,27.85199801340276,0,81.02991982044509
18.244490679806876,71.6053099081687,3.8877190649104945,94.2841487656321,10.330894159325515,14.837800661273718,0,77.44079519645028
28.717939682525802,57.18547173153357,34.955007798480835,20.616340637044992,2.382647453482263,22.390287641879013,0,76.08121475640914
18.910103873064227,49.24343556866049,5.14950099154253,111.41094757038397,8.87443719657442,12.664275181190295,0,72.3224217867843
31.79856147742084,77.691777039439,8.354687560197751,47.97806969676858,4.7539261549641765,28.495664380515027,0,76.696710627797
27.527706427789987,63.44805815229615,10.602165363112675,37.463312809106185,13.363634888783448,22.30539921140773,0,83.03994225749364
30.09804986012059,57.65644029453993,2.9761946007302837,19.69766918437887,5.291911172081491,23.69502264408758,0,89.23563142437177
23.68058519705117,65.62843881731415,19.853633050544097,13.966631068709567,20.114330591833962,19.106227701950605,0,80.63108505683824
34.39732465828875,100.0,12.301180487037241,48.91607902958355,5.301922093604868,34.50932647841208,0,65.42650477136995
33.20862332029426,82.30254274672316,25.705557393190166,29.610295173510835,13.297292622196775,30.575738578472578,0,63.89015304427937
30.917721515059437,82.4386050228176,4.291440468936831,120.68477758122324,9.75247676967466,28.383307407464567,0,69.96001530632086
27.352413765682797,71.53319478488547,7.9988728178249255,33.82814477133324,8.866776882168455,23.355893452752813,0,84.62831664076884
30.899286426475662,67.49727908865721,7.6253986568729415,35.850985437445665,16.316820424754596,26.033161695575192,0,78.11351944287131
24.465537160063256,29.05876567504376,9.125847715478677,26.954677940933596,16.76387087877124,14.010820490751097,0,78.16988212470353
32.27777829510356,54.81529480305302,2.307831181726894,77.85721770929447,11.56611995503282,25.132500293523094,0,79.50623887957819
36.2474044716196,57.79138380196288,8.074162131770775,27.655281090947405,9.993349609868384,29.193778501476945,0,76.07560653618165
33.353052799895934,36.87661903928701,2.360394747313609,15.69048903120312,9.629717316779631,22.499787472646496,0,90.29116674199327
24.351987650962954,47.6387631467685,9.842081831784528,99.03626728100309,9.825196519233097,17.078336128439894,0,77.51777104225624
29.807086586365514,35.28745293616049,1.3459239116436137,45.41962790700064,9.797388082365341,19.352921678916488,0,90.54866174439775
21.53429228120676,64.42514246453942,1.6798937251375243,44.764419139470185,9.184693601365126,16.977598342919716,0,87.08844420407542
30.861951555878377,77.28148956273225,14.222695639077049,47.18594943936022,5.44986776728067,27.538970113329167,0,75.04497947743815
30.253017064312694,81.60161777936493,4.770872660418381,63.441524055975776,70.05329779805771,27.614790138694755,0,56.497126790131865
18.65091830233918,71.22176693118861,3.352524154583028,18.775997858883684,7.093720250122322,15.171820614395848,0,86.83929564170646
22.19108078043818,50.549054882021466,20.423301856732138,1.7215175473895932,14.307091799381286,15.661657472362265,0,78.3396529256446
26.584305516281166,36.01902262220061,9.603244151762494,83.19289947341002,4.966037203366981,16.951518901998163,0,80.65102059531934
26.495701264295867,38.64696950897747,14.845134321304492,6.900214994898063,8.878706042802573,17.359541213391203,0,84.96715447901056
21.952615322905974,45.965261341182526,6.468901704818936,63.97429740647232,10.561689743661884,14.79717426097822,0,79.04331755052334
29.944893646760917,51.66710452946488,63.03580858266276,4.2950704772462585,5.192777780128106,22.540944815627686,0,62.51024551079309
29.25736804470256,62.6037725301262,4.5557442605246035,23.524814891628164,15.385962521338948,23.746049890119856,0,84.62191737161545
27.028654340107405,49.787536728095475,29.832441415776728,3.2549909894915587,68.87149065235832,19.707466096941218,0,61.3623157877882
24.221042499208185,70.08463840502392,7.035066673499346,36.92958374737984,14.292294213195152,20.22400761777271,0,87.68939879078823
33.24353563208282,61.515897458007906,1.9667681922120481,52.941092581565506,3.0348384914558686,27.175273705005583,0,81.94798325774376
36.27703556544148,65.15818567611538,10.872960254722235,9.402887336660168,5.046763449539704,30.581873858584647,0,76.068165867916
25.582192580767316,82.10375829006807,9.50492465629025,23.231116198886248,13.937767034025239,23.180570352370545,0,83.50764817873535
24.939165414225897,47.296523986994444,3.1865618596036356,133.13436017901202,9.579352084253818,17.52318689541164,0,78.18494603399651
30.456038327059982,71.28056867438552,3.533272793161505,29.20469511718374,12.264707965689094,26.221840546047748,0,81.89189728406622
26.209853101265068,64.7904015728589,7.244495111799662,81.11186606950986,15.022989335622412,21.30406030667675,0,81.30281226525992
27.30301399668383,59.99770578545457,9.774708184701893,130.99148999274593,10.631279363569663,21.571748167678198,0,76.1121148690006
31.698265758623357,78.2788448129894,1.0237469466817846,183.1524475847038,5.532904570803573,28.491848206773323,0,66.59080793442754
18.453219562463538,78.18521231835511,17.158559786621193,114.29722577549751,6.99173785555438,15.826086418869217,0,71.3995478722587
34.59151162426335,50.80263806017358,4.974881846831928,19.092702484381586,99.69643886658424,26.400752847243105,0,52.7700132684198
28.363402621646706,62.26759124213114,2.546199900280755,164.26799341363204,7.760924980641169,22.882055099989532,0,75.39004306496506
25.9425342771891,69.21817523876098,15.687327819173344,83.67089394523136,-6.477805899836543,21.70330681132536,0,83.393555112181
27.553829228892756,60.90489877966123,7.2507551094109575,90.75414295073976,3.7226599515379153,21.93791551998301,0,83.1514482197334
27.812146775102594,73.77531998431698,19.549165916934285,0.7644635840668415,6.656229407392425,24.118567787734644,0,81.75237586572673
19.343993482775375,69.21788026865413,10.489364199132813,154.2160046073425,15.064452870186862,15.572181185742934,0,67.67050492825146
35.47469113726618,92.48841860534019,7.380108922439157,75.27421967256839,80.46101218873139,34.40929328098571,0,40.34824625380122
28.20662816135309,42.04581296105319,6.539207913666154,73.04389079350202,12.150388241837426,19.366151838908685,0,84.42510530823394
30.215010652236877,63.16346015378904,10.871777469789873,4.25201500167917,12.595653234747147,24.706130310663188,0,82.88116322069331
32.757748852870215,51.37246232731714,5.307787028642115,13.235305391936361,8.424208468423632,24.924134350006938,0,85.82830493200035
22.894187712198498,74.06161183158567,3.735725072781117,163.8539430658045,83.7412067260591,19.52020923108823,0,53.1133214283083
30.367359495176142,40.74242164931683,12.036302581091139,34.72511239300174,75.13080616767668,20.893123114668434,0,64.12605074225938
26.661794545506034,70.1946906533733,6.582467840986026,25.363100568867686,1.3815731072049413,22.514396993505276,0,89.94033616329399
32.23385387608247,55.54927352977488,7.590170982217643,91.61058196550047,0.7382874844506198,25.22458626884998,0,78.96088108091595
17.363862898242523,53.987572008184785,17.66356191754798,4.569616008723674,7.300290426403291,11.918825310301791,0,76.1560652636719
27.504528498793654,43.30252694688969,6.745655808782846,26.97343200330838,17.24706884498434,19.010140680762763,0,86.69601696809377
24.98589672108019,58.023860806984906,7.478461884547244,23.55627486899311,13.145413096206198,19.199295597899752,0,88.32228060227463
30.161314753170778,81.26750795436388,4.573507384950623,21.52771534438363,8.303976173950582,27.476013528173855,0,81.57846242284202
30.350220936841012,64.62216974705781,10.429016269736646,18.38623438121025,10.590138569719095,25.065362951224657,0,81.8187778102673
24.46187052588987,74.41520626811712,9.775334547989862,11.790861001770491,8.121410454731416,21.048214149807087,0,89.65378858287359
24.43913067911978,89.96962732949413,15.189738564497988,9.492136682831473,0.5199905254105541,23.138162334681592,0,86.57534337230862
27.446673157213354,68.95633377233864,4.649208222615322,51.13899934366353,14.84014803598174,23.061867521305476,0,83.02197866037386
23.516788863423958,56.61800641906489,5.123031861935618,125.90963133313358,7.185978343510543,17.688822381945702,0,78.98542839413386
32.209918477260636,72.00878322774184,13.925336063084837,35.55045243289669,9.640934285744827,27.980294287283794,0,74.29820053232729
26.15396399776277,56.83555780528562,9.041005559629598,17.68928126974469,-3.0026796371451177,20.059174722202158,0,94.6227002222892
13.465058903391792,57.43365975054246,3.5787926647363464,8.667706098008809,6.292036804529717,8.866902702882655,0,78.54684151064502
26.12588971689097,42.20160800571523,21.015142602610727,88.64002607841313,6.549627030282325,17.67958774346259,0,74.9645986959531
22.80728089578014,78.89386236626588,1.8988331107746526,177.87862551523446,9.986322219544432,20.07852300598253,0,77.81616231093395
19.843620922695273,59.20996136525841,13.83812968390045,21.474218860099008,4.915527428811995,14.767915028818116,0,81.44687667232972
21.812866808887136,67.73147368723794,2.6854018221652862,17.191491662360256,6.365035036907916,17.670372557094208,0,91.32203041268667
28.547042359164852,49.46057107090041,33.40250219479516,46.00150485155196,11.21129078310143,20.955721074561964,0,73.5279198779038
34.643204141241156,71.53921444573209,2.1475340243988756,74.65590421573609,2.317701482269391,30.18236032834555,0,75.41453491295216
29.565922369324902,53.570881427973745,18.5747015187612,30.38544233309163,14.491484356030238,22.53783922677174,0,79.03685138180921
24.967483058921303,62.87436917447263,6.921915322154236,49.72249976082189,-4.41006681584015,19.89144086139268,0,92.87397592687643
30.279520975853515,78.16739046858689,5.510844863278612,63.03581251207721,14.603752340819348,27.11938209008545,0,75.39400573508502
25.70454844890504,76.86138968348794,8.57042501881674,161.68968710709402,10.281226687865894,22.566662384313755,0,72.26874964078962
24.526998154184277,64.66954891224589,12.249930595806664,9.01841311701797,3.4079527472097553,19.747074736219542,0,91.45782124565426
22.228186658835078,38.47803450939922,3.58400036923309,297.27666281211106,-4.826052649426703,13.893637833545856,0,60.9294745009667
19.240855966241405,100.0,3.8472931375452295,24.891904343095224,12.14544201805466,19.24567797098766,0,90.40719928071447
26.050381467202772,91.18788455409704,12.424668506759255,64.22302854346844,13.924126842742469,24.893224201571424,0,75.3841509756689
28.79026744960066,75.84012237332448,1.8853729203835792,42.48003626082462,11.52930135376019,25.350368821477378,0,82.94065623025628
27.51688164992555,53.70194327613544,4.630277147816699,33.34168358088299,11.774200777851487,20.767362849405295,0,89.27491520127825
25.920165360263205,63.29611757447053,84.14567839339962,59.87889290451286,10.070168669409256,20.819293321234134,0,47.35360864119461
23.271269696516093,56.84869355335225,3.406173867413584,25.188681566192173,12.061269870173422,17.504087705537092,0,88.01375317792183
31.041230958424844,83.95783908644583,18.50872483120827,6.740037400725678,6.8626125780942315,28.733964828948853,0,74.68314907486861
21.414340400267076,68.9375433627775,4.623904069913736,33.55885334715622,9.521934882940398,17.45934340847547,0,87.34719944872725
31.880139569217377,53.237542124602506,11.10323065351507,36.89842796103468,16.197688726171208,24.501619957409563,0,78.60688236563425
22.988914905366375,57.93867351312827,12.471980303254087,11.276203713093164,14.69297901587556,17.407172198657182,0,83.84948810309089
24.237823813234826,81.81782213854856,18.231764739490522,137.14711275799283,2.2932117249426076,21.843861989372737,0,73.63920946208214
20.666074046921615,89.00146770230717,6.295259806642797,12.904587266509077,8.391498440332008,19.300509951302363,0,91.7155101502039
25.492989265571815,87.92497345229368,36.27423504934054,26.316221785958426,8.687515697696227,23.896089274603657,0,70.49128781892966
32.87656229238989,76.35548097580966,4.611396540489729,8.416772212607285,6.874171058554803,29.30973730148978,0,80.59662820340813
30.578140442219784,61.21062696796045,8.911800798481659,38.371628011835774,12.176790635240737,24.71567008607351,0,80.57450145871842
32.892110560140175,20.0,8.99097724175291,18.382288636219577,12.226054394570308,17.868240879706104,0,86.39329237020397
30.61071272966968,69.45740035712332,3.011461484783979,33.595956911559846,16.323847633874827,26.0786609407544,0,80.57539961069548
22.481650857348153,64.9725686173385,5.878503343051257,12.719903520560033,13.567145130085711,17.91734338057424,0,88.14239133725115
26.346053878362213,67.0997314448203,8.408228413284066,2.7637514939472663,16.63310819749971,21.768829747897396,0,87.32189662295058
24.099004354412685,65.8084602054981,5.229434601768561,75.53093371148,13.855959526648697,19.515458047914354,0,84.48672322428969
34.6528745201952,45.10606757076265,52.077821771685834,51.2336632336472,6.475742446379716,25.314491817324864,0,58.70740424934516
22.01605676786844,73.36112835276778,3.77764598791825,20.831815391035352,20.8504749593813,18.599906134914814,0,86.9776963495158
32.46848844694556,74.48324471047775,18.98291899409168,2.4329554337008474,4.809465067694829,28.622324840063104,0,75.72860267692448
32.46476935054385,75.23508173089489,14.660661973472562,100.33746613480909,21.224492070743633,28.73941741147703,0,62.45196559231938
37.14810100858044,79.1986550536008,7.307566311430046,9.304131334066112,4.73034576072389,33.8557042754248,0,73.05546537749987
25.951567036852513,74.06077467382434,3.698150230430646,133.49598844202796,14.150588322476132,22.405054449449622,0,76.47688159224873
31.561610797900812,58.849558826916336,3.9964071448097007,32.56144570348461,3.278297639275541,25.20260103285455,0,85.84898442820635
39.40825918269421,63.93744728125865,4.882347555389563,20.805076989301842,16.33401804221667,33.21696457722888,0,70.20819897679283
24.911791615331516,66.36687300880065,1.7707567090150713,67.69319341162728,8.339111030346308,20.34148443850914,0,89.05337196978392
20.3247987623382,66.61549173659928,3.3109251748792596,104.71330667767292,85.2340451074413,16.1524424971221,0,53.690522121329124
18.59994983046118,79.97326483957595,2.2569600285988622,23.158437111313972,5.944279926247683,16.18192490992086,0,88.8471369973679
31.563560144306656,74.65503129533737,21.686718067707567,26.1570365660331,-0.5965068384410372,27.794490330027006,0,75.04803742731607
18.584248959707082,96.1601515935493,12.118944797162406,28.383753033140753,3.8214698798893814,18.11925106889461,0,87.00720560815017
26.138404735310385,98.09703469827008,13.856844234003015,127.7598433595049,14.244183979897608,25.93105869385491,0,66.6509441796331
30.186565935194803,66.19474373920887,11.835051106807521,58.974415793876304,83.28554256543225,25.16759563139859,0,52.67179189829997
28.92587768414957,20.0,8.444996186302767,14.227423834477948,9.92443204957026,15.169629518870025,0,83.80105978518245
30.12722432092086,83.55248699190899,23.77285219865895,10.22833972890639,1.6254180104088949,27.786434234113944,0,74.86928257313934
29.11144927900427,56.894354915194185,4.533026760444575,13.092118156697435,3.840657229216948,22.692094557086026,0,91.10591389207327
34.39432906656697,52.9777411725349,8.047292699897387,15.296639693468608,5.304683750301504,26.647338887141856,0,82.70745343322449
23.238418096306013,59.0233208751595,13.432095938188494,13.080154648311785,19.07462955043256,17.782557418006768,0,82.29156284294054
24.615024307707344,58.300354297780906,2.567756638801209,53.72132395950976,7.074070737003577,18.909160272856123,0,89.34970611493141
24.13670277364588,74.18404715158088,87.99421880426061,6.161150249229881,10.27319720822519,20.709419260820507,0,50.89824761230755
32.15095905931305,41.60846331310662,7.559859536736447,24.49876630183744,11.763751126294359,22.525628754078003,0,86.06050009489958
32.50199294197532,48.83418881312598,8.277918603934879,49.04860622358389,17.025277928014468,24.228855539590665,0,78.93780412361669
30.25612659659254,70.14737831296125,20.196360710713844,17.185113699266427,3.20466751555609,25.85739464618847,0,78.32899380024836
33.91746833444964,74.34416045619962,15.363034493962822,3.3751126167551297,11.229111633376498,29.968394318319955,0,73.28534280273765
22.109795663118096,74.62312467404018,7.617608044639668,4.268305078761216,79.21836376938137,18.85361527403358,0,67.63866712439396
36.336120557755685,53.19445581600051,8.199749052747444,6.7318445333863055,4.760668470055141,28.383344009264672,0,81.06503551637226
35.61619310856129,50.3260152610064,2.2181669913292152,90.34660717553005,14.591214107175007,27.19029106083411,0,74.20708115980622
31.678109986228733,57.400477493181214,4.734269214272607,53.627275756154845,14.591815574669354,25.05705348104113,0,79.82061907079674
36.9089945438553,68.59809128427088,11.175994981669872,3.3349044916247736,14.632600921732223,31.78201450456525,0,71.52795666257731
19.71688396161113,87.28216053908824,10.539333135493427,24.80250598618182,85.99428458229033,18.155879085154414,0,60.81913993393661
25.377759318686742,34.28844221343874,19.627518762191293,16.327047871035326,11.366598222559634,15.68408966990118,0,78.29080426246605
24.32348269659024,61.6890686456245,6.71000135835744,43.142251035843145,11.68061451472786,19.13720667805675,0,87.14304606274614
31.607396618786716,45.009823384621946,2.435545580786728,36.99160283580267,7.712845812458026,22.743929983899896,0,88.39622334602385
22.749296301989272,40.21635983969765,17.20817126614147,32.804519520172946,6.426935939378517,14.588155939601016,0,77.85538434452066
31.787475746687427,79.50434968017225,23.309744148465267,18.88124129543121,85.2362060241465,28.76851882054846,0,44.89215689068605
34.85268071998357,73.16936861749008,15.15901884730408,7.413387614017705,10.277693704458331,30.654192355640216,0,72.27196537999976
31.476014500419996,71.74150273920893,6.482414592868777,67.81278037796909,19.900981708447947,27.249567952277904,0,72.4695021678692
29.418755118307505,78.81538759596489,17.039068279979006,105.95353274939967,9.828458217137705,26.394459974189825,0,68.01726988473989
23.060633295496253,57.80421654850796,114.79275617877315,144.2551016753325,13.799564215882418,17.452145240917904,0,19.75647486582956
23.765745169373176,58.51043725499708,8.102088367147687,3.020365085454465,4.028304176903625,18.18129073882696,0,91.57608735715327
34.248094526483335,97.78595925083862,2.5872890952929084,67.33613001587595,11.96273907618703,34.017484377616256,0,66.95893619227922
31.896745019526662,61.301434186106384,4.622667689217339,64.8233152927219,7.307500565028295,25.921557225079578,0,79.88816526682368
27.80490240311228,76.02698169581137,12.187133940763687,146.97668492587675,19.937004412635815,24.442994027879628,0,65.89860535766577
25.91045227117055,65.09572311444973,2.0465522566760272,14.578788452817767,7.099361786505302,21.074821650811803,0,93.54015862132741
17.870960634443115,37.27612204882377,8.461466129221884,67.77449409167791,86.96511926001214,10.224355822925085,0,45.33997817393818
22.645737906577807,34.33056494298098,10.01685646365978,2.808748401998245,11.979490534716842,13.55560132013499,0,81.0509353966005
37.55709543569861,56.31523670090143,25.231605415719343,49.88123833405942,19.272154502583206,30.07134688749326,0,60.86500162663343
21.597722144987667,80.84151877504983,21.076441177911615,21.604405609304138,5.933200317755544,19.171298446020995,0,84.08055307989342
28.947399106105404,76.82437484954005,14.756266402314834,73.24728043477964,13.98755153439062,25.646756734725727,0,72.16448647514582
33.03721986597599,78.71115746336051,1.3097768662371339,99.49989461286722,11.455048136237211,29.840174789034283,0,70.81651054329755
21.725386659988537,50.19430731595527,15.438162098472054,22.69242482573321,9.880981459521335,15.21020220079501,0,79.53331928287605
28.923552373905416,89.23808735183471,12.99299945361315,37.28375580851736,-3.36501821942033,27.448908832590813,0,79.72343418326224
32.689577687553275,50.526600497204235,9.068034177514143,6.244389244030007,15.863019793715033,24.707715163656488,0,82.49229797678352
28.06249660953625,68.19236598004953,1.8511781960030822,26.9704262993269,5.683936202694592,23.518056947695808,0,89.20563744962386
42.34201527833384,64.84471565138395,3.9692647365620752,22.376924988337947,12.422885963971142,36.07567735308926,0,67.5231971152609
19.65700370560902,62.39189269528121,2.9053149018365114,10.11336545541404,-1.7112343520364899,15.005331759357755,0,90.6144150932558
33.2936426494194,85.0788820744341,1.4740198322538844,112.44208688713448,13.354360972509658,31.095851364309073,0,66.92355069119279
27.135991313017676,54.42334219751059,7.371844003205176,8.013592687943856,-1.296854419158489,20.54919935293096,0,95.12120450659275
31.859600774183377,44.75592116432108,3.902987567588206,50.494280842308505,2.414483164084454,22.906079070903285,0,87.83513180425864
30.20653575849623,65.29993229309629,60.35504044160792,110.42862568086005,80.04000744664687,25.042816775830815,0,24.535389565148193
24.334219014450017,59.0025989857021,6.455822575302002,121.5030740610623,-2.6579156425062287,18.760378438191495,0,83.64832084436543
29.1449819622967,100.0,20.801030415620463,78.80975634633126,72.66163413745805,29.219866679243534,0,43.66816442620532
18.710492743008565,75.14761214659963,2.105853357025527,9.687802135804958,87.31059121082954,15.704070979116647,0,62.43086917297186
31.016237502856967,58.859891371720636,4.835228228462653,85.0314668322861,8.467740999944056,24.716556520017736,0,79.18182408919877
29.49079232995263,49.1583264621937,7.984628859121938,16.187215935011864,4.765710207708311,21.71199900963771,0,90.23239539324517
31.19330084321551,36.79567384146823,3.573254628457935,127.80812162159381,14.72607156125191,20.763031010069188,0,79.37932348809056
33.29059162543575,49.621713713938504,5.271102017413637,61.7364965246385,10.028925574133268,25.053746876654053,0,80.2672038324705
29.838099201048554,66.72412657638698,6.206761578648868,76.91812478294202,9.959999758618594,24.930916707056117,0,78.48843175225765
28.740447098991382,86.40992977392153,6.128031738255297,4.443334132187958,14.226355147229334,26.85889803040492,0,81.4611852896364
23.59465831669354,81.82533713581878,32.59291255435243,43.70529693252698,13.88754333632949,21.22432719778633,0,72.86734212078176
24.438896181754746,68.43642247469569,9.99995935359423,86.05818967754414,7.23176757724604,20.196930839524928,0,83.68821590374574
33.93367310088666,60.15248501446273,10.843962249028776,98.87687664134299,14.44419409769996,27.557316684530992,0,68.53962481865483
35.18167702852989,69.03218534618232,11.37847962862226,1.4524793894441932,3.6999605117387224,30.255611278462975,0,77.54877515847042
26.80944781843973,57.22043003773136,12.062495599656119,139.97475987603445,3.5139423041686335,20.700398499333755,0,77.74936436217831
28.230013736266372,90.77545993645813,6.914982351444637,2.2152951739781277,3.3082908733903027,26.98717861106357,0,84.73744776582109
23.47692812503117,62.1621472808738,5.716763953002264,47.663127142962665,13.01267682793433,18.437691837246202,0,85.69428412242712
33.86378422633722,63.7049321262991,8.443972283700948,59.10853168543893,16.230294624601157,28.119190569200068,0,72.27827662760515
31.32708411845889,31.762663624689978,18.642485807376296,5.67777185606559,-2.293709616357752,19.77460909739847,0,90.53746342892225
37.70608718231875,62.06847730215854,18.192156701849832,2.460135407182444,10.408276123863873,31.313500654911063,0,70.21823175136896
23.608384614101304,77.54726206947412,6.0962950600323405,76.8354375176035,-1.2687820768035873,20.664397945554633,0,88.69463915882606
26.109960504908916,48.98416134442182,13.657310632519383,24.279879255333814,96.05298252874866,18.789502305119928,0,56.9099493729706
29.157229612627862,53.739194982607806,6.323875736018742,5.664735151867277,3.3328392727521567,22.208758608870422,0,91.84750427924754
31.232447688628852,76.89066526600497,7.592010463609608,71.91472502899786,6.8140264137022175,27.831099187069338,0,74.99453134679067
26.92166181226184,42.8501416472292,5.059063032734255,94.57779802214256,22.825770292998456,18.44831941065335,0,78.0765776997325
23.635194547731498,80.86701511312877,6.38967808301187,44.26216050351828,8.375107029156661,21.135309799558375,0,87.88427786575245
32.40703764461786,57.01784164740347,21.608009489142955,8.791343158560752,7.657400353699741,25.63773937391891,0,77.3077850941275
31.605676812727907,59.171476692631956,7.95608399097794,0.7669761351171904,9.065142435913591,25.297088601584456,0,84.9779133433181
23.418629497181374,48.14182392311609,8.233621932170603,60.33256630188366,15.950193766035216,16.361131582523683,0,79.07489852216679
34.777214005527476,70.67069390641825,2.3215284341749474,39.940906644947816,8.434192385599433,30.16023005310129,0,76.79340257689933
33.850993545983016,100.0,5.769612230797349,52.60511349135244,-0.5049060524979936,33.95913567577833,0,71.08428103929792
28.671482486238965,76.72245859190949,6.0918272453386715,83.88173456209557,8.858912327827346,25.369090634043232,0,77.55930619411382
28.39798931188018,52.03572107089197,3.806405142749513,28.478185731327947,17.623383714237836,21.2618609174453,0,87.48172624124521
30.770288855579537,82.03430878237214,7.5182419648661645,6.64888979914951,5.447911629151381,28.17939303954554,0,81.49092993528319
23.69148464871871,60.24980681098626,5.24174347808591,140.6566089367897,11.314930620523578,18.362281846555536,0,77.08524659693686
28.15015739582041,85.6172747214134,7.877390421157399,39.401706494100665,9.314497388048888,26.168383320810477,0,79.76372669611256
17.2380822769541,77.10014603246545,8.143356226340728,47.76380911670394,6.095123535778564,14.538509351060497,0,80.92799715649046
32.382278227514675,20.852876517924003,3.4397421553704595,135.46111655272364,11.325535472561215,17.770366384365825,0,77.61438835273741
20.192533887790702,49.93880550567459,5.371131392864198,134.1071770031756,6.2344420990134415,13.85663156141597,0,72.61051657903649
35.51709914214499,79.16577834253084,7.860886813397057,42.44265757957636,13.226923358784408,32.28793482344332,0,68.98441414725072
26.349399530167748,67.27485908217527,19.057096367283755,17.663425102875017,8.891983049086752,21.797587737497395,0,83.04473335012895
26.941665090344117,49.64366078438224,9.073656619068325,292.3878505979045,15.954429664332597,19.609209175094993,0,60.32005717187367
24.86133046957747,55.49615726759281,4.351200813410984,57.09954773972422,7.864447256336841,18.713311102400617,0,87.56292905414406
26.55980563038962,36.40645069865929,10.16757573388025,26.24932730830704,12.706896863176192,17.003710650603768,0,83.56121309040942
35.092656725740184,63.67440068710406,28.96357805351816,41.03048591158601,11.137106339688577,29.23371035195571,0,63.85222807425256
15.560956717324602,98.16034589023647,15.384571830595725,26.878508800995444,11.321507070379775,15.328407958638909,0,78.83863945243436
34.38482693044094,77.07400086098488,11.450360615966087,109.59923500858947,4.308689325209506,30.861014459776275,0,65.58714472642376
29.69011740550854,97.85625501782636,13.203370532723005,32.93722729272231,11.248535806112693,29.458777147967457,0,72.16691434704418
21.964891760713922,78.2359563468497,23.38192371771207,86.7297592982866,0.5073679488871381,19.18691188037623,0,78.2473073822506
22.62343803475381,80.41219015029037,17.47028495668477,91.6841966318821,7.891154561170468,20.101998026277272,0,79.31305596533001
36.38196513604102,94.61118031617536,11.627910722855221,86.95806757918322,14.372938229049037,35.64937357389444,0,57.2251981101294
23.272465600286345,70.6589488901334,17.37293917306927,64.04064288469039,7.9319964283736635,19.41798015996379,0,81.39243755548412
22.233247447020204,62.1915901773968,3.110175398986487,96.5089279802496,10.298309468484891,17.314716616416792,0,81.33332460427869
33.68657271182364,80.48986274933019,2.2215114512709815,24.488246567024945,18.129889800031993,30.74756747737548,0,74.27577180158814
29.692764381429573,86.80760355682827,8.378583950111908,6.089357416818297,13.345223712352661,27.84743484054143,0,78.98221211833251
23.310372117318007,57.800530359316866,7.80640513381035,92.40195485459304,91.59573957406657,17.674043806945736,0,52.8357544666986
29.083124877023096,54.17646376489956,4.782062587958473,34.474535249829735,10.292193474417937,22.217074551815124,0,87.4051721951758
22.871236581798613,67.0828404864632,14.306044437022523,6.812527596788111,83.28617325726326,18.56100854454844,0,62.2451800862115
33.50410699211302,77.47248300397493,1.664806883532252,6.1260414374593966,6.576851014112246,30.086966313647157,0,81.23225927264644
33.306854824365665,76.97136572992342,4.8171486910696775,8.672594086496881,9.691393946592884,29.818114960682312,0,78.76652915592771
30.660030994109714,43.63748599718601,5.013005142420961,69.50974986941307,11.70915160923053,21.69136245709943,0,84.10242821978889
29.808305306235084,93.67409100594983,1.995627569236178,62.04163871220221,5.919679057541188,28.96872931671317,0,77.37170201657821
36.80594062433687,55.382526059047244,24.429338457890896,11.396416518260272,105.55192742590714,29.22500294748038,0,37.62420888937224
27.998431636941127,61.02402504667131,2.4908872817844787,93.84084737927891,106.27004538892996,22.357468406736967,0,50.410920548097764
22.090629372895993,51.4601846001827,4.615074238405656,16.51520065130108,11.47227298650986,15.7043857451931,0,85.77343043795342
30.247369564161534,100.0,15.277540461858052,78.7483421160208,6.258138517897588,30.330046625310526,0,66.90527944687057
38.43023524768557,68.6310600543195,12.389338132751893,33.55029662937945,10.3370404253041,33.19856121810885,0,67.2067793017548
22.92620253407074,52.235373789776524,3.0448761978421053,65.75428472326014,11.443048256492466,16.540043655841444,0,82.89784949368428
26.19268616653007,77.95885324943669,12.755867571220886,24.013823781416438,93.45843844684688,23.186542997377934,0,55.28805652456538
30.082230190507264,76.53703668965049,9.316877896468,21.31967411873806,11.921159582595449,26.68257768636229,0,79.2120072494836
27.730475754971305,62.184094646301745,47.77146284906226,92.0557633390843,8.832051338610004,22.29541342224146,0,60.52155499532826
23.088482098113428,77.60910069175074,10.207802030542247,1.797022190945087,14.165651641991722,20.176940149126015,0,89.72910266128144
33.60928928115236,52.62062058753703,6.599583514285934,183.92061582658184,7.286695505129668,25.896029507434758,0,67.03520389733683
39.6002036100863,57.60622587576122,3.7240002788890343,52.231717112109834,18.073646515034426,32.14209660813397,0,68.67713439879874
28.980657295119535,34.84675018150905,4.073918474498125,28.324262907986835,6.117283552349106,18.613434169014297,0,91.011671208024
23.47965855132,45.14073373670656,3.816694460854096,49.45040122841355,10.77959293025556,15.956487307386649,0,83.48814596439306
20.255197374732624,92.11446208506028,22.128780605679808,6.547647210306567,96.75440644955864,19.284410531534608,0,54.9559919569118
29.289879906105906,89.62142941583471,7.496047877682508,36.08272968047847,3.2738377395008484,27.864981544329314,0,79.75495153011664
33.51938671658129,65.98682972973444,11.613842424987336,210.3046832081219,10.349298984908808,28.19695864453411,0,57.41740617159004
30.375838732476907,89.94397170784757,24.81375359731083,13.41158567651923,17.822906205287072,28.981493563182585,0,66.83875555382309
27.98798079540573,62.59888270087543,1.1198880066379773,64.05675111138054,13.211459968016507,22.593130849545513,0,84.74086462188585
25.053641741053468,61.34884546148138,20.554892937720794,28.543944343710333,3.436958664236549,19.748090543861085,0,85.34464202448135
22.53918183640955,65.84765972698335,7.723885414231675,52.843509261161735,-0.12518157254872087,18.088287545235545,0,88.02786487547088
32.173756631624414,63.12617607014652,10.4650245029303,11.463566184274772,5.052097981354277,26.48141398420842,0,82.21497749334333
32.56885810692793,61.772055146597296,3.8086600051897124,31.787799160249307,13.73805122636025,26.609410402201764,0,80.42342406929082
20.271351066546334,82.15097160724329,4.03860962794745,195.83347382694404,12.54096469585952,18.058522844344782,0,71.30481050456254
35.94919489090342,67.25203480934304,10.925250959623314,10.863488726807022,5.319247769625604,30.654602006065648,0,75.69604004853397
30.870356104470005,75.68722646650707,49.78323298373404,50.59123816577351,5.473719201117784,27.29991207005405,0,57.2748185194353
34.99797322572897,80.47070787915996,16.488293598886127,42.85367838741778,22.518183211441663,32.00511143022247,0,61.956757146000896
21.289361257574424,70.822786934821,20.336521069653333,41.626392204952296,6.251120624840946,17.587837541726145,0,79.96714968232034
21.170879222922807,50.44593011137642,6.336958894862697,47.741611442059394,19.16912364499987,14.767881528614161,0,77.81947381961733
27.255153451163515,44.70701166553942,4.571478247525146,34.88165874900475,69.41300194606092,19.046597398088466,0,69.658323783116
30.51392213447597,67.23170952210958,3.9564851341505736,0.8537856984511584,10.791959778762342,25.634763722697773,0,85.88691335277882
36.98180411463482,62.43115542762598,4.999715547134396,115.17768382754335,12.972332407766137,30.72497883944482,0,65.57079478192253
31.530394569075657,66.31087143380182,1.4301424482386813,87.71706537436788,12.605143446657019,26.42238533731313,0,76.67792975025517
26.786593615939832,64.75918941127121,4.137387399401606,9.568176480281624,16.829161443949374,21.827115660517514,0,88.6240946801783
22.86815396167054,100.0,4.719568968300167,26.659797315801097,8.764073173227928,22.898647842809726,0,87.70490629564591
34.15000286359575,45.04660616537993,6.421896380689483,73.60328478804796,7.2465957667161875,24.880983240389433,0,79.69171654802759
23.176472871246425,35.15080595268313,8.210387228309617,195.75718194540002,15.89362043292811,14.108936971161675,0,62.184620170405
36.14234277386161,69.98565250279414,9.874549553392706,150.9367882784348,14.319871392059305,31.314974878238917,0,58.223293614082024
26.578076751967455,59.35366168117707,7.301353208813777,114.80987668591824,5.965389570951087,20.822231419536408,0,81.64652540737964
35.95291036308925,69.74101804594926,4.640608644066037,8.620971095652637,3.81808935796772,31.09581103408092,0,78.90118556462443
31.39465645029639,73.75824533426001,1.5362019214880562,122.94738938141046,96.05807303412797,27.49335192674778,0,43.67777453295059
27.31502255278771,84.26157042768347,4.663438787738096,105.36938638015974,12.776470950068079,25.161741523425906,0,75.12990603295341
25.403018140869367,42.39161269424092,3.394102917952583,23.65641820073243,9.701950773057328,17.11558285796203,0,88.3766974168744
26.2954606132696,56.64923153214256,10.727959798434856,25.08690160934511,12.933124413084109,20.156037475272008,0,87.58223225591202
30.141583461876188,71.43141888321146,15.29353082907378,30.80087452999154,10.425979649853938,25.951201198902254,0,76.87101878415926
28.385782481088583,76.5569539353084,15.656041074418061,53.38121535606616,3.389135216799958,25.07286260942172,0,78.09485227411845
25.030942959656475,97.9017432543258,13.538834546162466,15.111747080532394,9.087956496320405,24.79386392734066,0,81.49929329574773
27.17184294841184,79.33555956670801,6.640447870817647,1.1607921863209723,4.16643363634479,24.319219724995413,0,88.69605604635103
28.39288514859575,64.14817106170584,4.866794698539858,7.612679623302979,13.919865714963075,23.20200931497833,0,87.36236547761125
17.35632952792594,51.64346370586007,4.0646099984904485,29.001274724573676,5.909328891811627,11.627424887895856,0,80.53892856287065
30.290840573943495,56.53565220921471,2.21222958003848,16.564464426417043,6.196330766114947,23.677911931500592,0,89.65512728138319
23.101393876415965,56.1094576556434,16.337824816515415,72.3057345434741,22.555662738450042,17.2485024645815,0,72.95471358811712
22.233337983971275,74.8285044277064,6.4252219161025295,5.641084643228894,11.883282960536395,18.997352743634956,0,90.75821537289949
19.56327826444645,68.85496168378745,2.726251980811089,124.72677830123015,87.57256047029337,15.73072120721216,0,50.56942450019189
19.03053751066055,45.145256437367316,3.814489719492594,112.84578965626397,21.953240671679243,12.22773825084819,0,67.83203666033984
21.222762484438555,58.4614779636435,3.692933892137885,119.71134977142017,-2.7300253231073484,15.903320918490856,0,80.9473878955611
24.45489521184755,78.16321330177131,7.64781195529924,67.27873832395493,17.11070905774044,21.555675595669744,0,81.4111371105368
37.76629568763284,70.27493532461088,17.35662505150213,5.658433308618953,11.061630703339494,32.8796996034888,0,67.74908450370734
25.37060162052398,73.52966924019155,5.593517625250785,28.824912398398116,18.70909207479857,21.782192196025495,0,85.4110976285637
28.888750531340158,70.74382565085895,1.2189297116510547,7.043937167077606,6.043864116765077,24.674032861116626,0,89.66047076353675
30.002406932531642,89.39646101913289,6.35127596362683,219.90451947884964,14.449297443254673,28.532992870285458,0,57.21798828378854
28.655325931079243,68.54064595736556,6.521111780752436,20.25114205103411,8.078886925841308,24.12033234882235,0,85.84086907267307
27.612782696370033,59.20965803193953,6.172252321150628,44.01367812987013,9.626973054406228,21.72707024986918,0,86.7129096334985
22.023531182003776,51.26367438299659,4.472873605401133,75.56863434557229,8.677598256156887,15.618506062482485,0,80.74192610441364
35.25463774139606,68.74414187314568,8.792958797714766,126.67297516804761,17.908770787887413,30.27343195992962,0,61.556484881814285
37.03598321818943,28.38943977837374,7.7905611513329305,70.43675934179689,12.5490895422348,23.240368994937025,0,80.01746015033672
19.58670652938657,62.23566497250932,7.2437262448327395,56.12022132568823,17.7239867319213,14.921830298995165,0,77.24086461620045
22.8798570455681,61.91240210117984,10.279103922485692,31.366266228522814,11.748152708348137,17.86223173685465,0,84.60111811840413
26.60094828811497,44.532937195740786,5.23901624645566,46.49415121729219,0.004560935510960817,18.470126709052657,0,90.43474650678495
23.177311025449043,51.07601242016006,5.006471944021876,4.944839687978953,17.055525045560675,16.589127025807585,0,86.20079558271566
30.529827767279325,77.14486295222362,22.289119211793,107.6748784501411,9.545395984381022,27.201573112768013,0,64.10379421847702
24.358638987966934,68.46067623612444,11.559230875532354,39.238711543417345,14.809194162136986,20.125942446710788,0,85.17120168378025
38.825280339033014,66.52682500560991,14.31856359306151,2.0481340976333255,15.474847848480398,33.173741963745385,0,67.7170092319277
33.95274297171798,69.59521300898034,19.705221832656424,126.22529814183494,7.231883429371788,29.209585729157975,0,61.29985286596074
29.062870153161075,66.38941381923385,11.254357021805381,33.598840514976295,3.414509016225108,24.16460140110308,0,83.62786566387003
33.13493131659866,83.64293844287472,15.529026395003582,101.47132699118897,8.739384206139619,30.715919291625493,0,63.10134709722787
33.52950212178654,66.85143772555473,2.0886624193295167,97.20637092508187,12.371955325780284,28.35337398281548,0,72.5809856150104
25.180262559708783,43.12680329271875,8.700000625845691,84.57351818639533,83.97765790116988,17.053264491274085,0,54.77999197162545
23.918913777290175,89.45194947311616,6.384193887584385,3.1684546217159797,3.635033338843642,22.556871287308436,0,91.444072883459
28.390715314848237,70.55510400993269,28.27978596904485,14.188928081931618,16.148907634863576,24.180470498864487,0,72.7875392473665
32.30818062248972,56.16119403807399,15.51979685520056,104.19170774089615,16.261377387653077,25.398753709757592,0,68.30234110445602
28.695301993267087,46.19897422557472,4.4622086094228735,114.62731060609406,6.260331890610313,20.515755137451574,0,83.4457546316317
20.115017589045014,70.93871331437069,9.956596803604917,30.63081689776469,3.6427315028609115,16.50552092937765,0,85.50265746820058
23.985877780245787,63.24241992538437,8.449819386478394,28.994627368861853,12.247625440801055,19.051493047874107,0,87.37032532808543
27.63013568202811,88.61220179048613,10.627714308578073,9.627118624743233,13.922681187649168,26.088339537588364,0,79.95002794763771
27.62167197837085,59.81139078999758,3.270444879722893,172.74698154806663,6.478527152578978,21.82903682635551,0,76.18701511493896
37.86271088394904,52.439288154763,9.85533735805313,11.98514997442986,4.1859149866950105,29.561747207333386,0,78.13589051696536
21.07006028800501,78.43694327353893,6.156318301701912,10.59391122476617,12.117766980177354,18.357676354918475,0,89.35970859899102
30.527946209179373,78.87922839075247,9.262368664444955,54.04779964725029,16.191416054278235,27.465557130905037,0,73.36856132193553
35.44556554164145,67.52977051415293,4.139155857540932,13.909318516986598,10.203991091119061,30.238473509499922,0,77.78044959157464
39.35724872711398,75.14535571512363,4.6271885677783295,139.6572162352733,6.3190145780866285,35.250065819814125,0,58.73924717016678
25.978012884080194,64.43469318886643,18.89833109459284,0.5483456334191522,6.222583032315417,21.03968197418636,0,86.86228258397698
30.457147263600998,68.50797651513871,3.1859864335311694,0.2884938044932402,12.996314127003991,25.78550470744685,0,85.36779563261348
30.848801785993235,82.47486323845885,3.3797322120980478,35.14743306958693,7.430018608358306,28.322215954746394,0,79.83539378541992
28.977408657766453,74.37977501032255,7.090352053356326,33.477632670138036,9.78441727443124,25.308337523462846,0,81.88308199630335
27.50577399380347,62.46088342501063,3.9848022995263332,8.9183107879985,1.0096082002855997,22.134291224021858,0,93.57779486864233
30.17987694750023,85.28543818889226,3.6399760217286246,34.11229707542179,85.27154909222497,28.096698490797603,0,54.19988484798878
15.338769573901573,29.527169408127314,8.037039363201066,26.522607267933353,82.81419795912075,7.234954504493274,0,46.57691869530579
31.410347450313157,95.78109967132903,2.2165397627576215,110.5137547082925,12.813549187862806,30.87470839195753,0,67.25710899723471
28.630889518309836,39.41061357663897,3.299035694788012,0.46485018684732343,8.103952350367209,19.225196505432407,0,94.44047444194747
26.887625516108674,55.59360762841556,38.21684803205091,187.05034962552892,3.6790620200414743,20.515629777404055,0,60.18674234863507
38.23431097859779,64.38623697207396,10.671536397066687,48.96056337227596,11.189289670140036,32.230545242048436,0,67.69259437778639
24.625329906047238,62.80278993907758,4.066364342031029,8.234502212266145,19.02059545982202,19.57030284457583,0,90.15862338801428
25.984620054674846,80.09616560039832,10.325040512961998,2.3944292607814823,10.117160635737026,23.288261426539542,0,86.29325779905253
37.95776651102367,49.132450720846485,11.633215151470706,38.62095561179852,10.649594522056399,28.955263996857372,0,73.33853602711326
23.839693475750718,68.91150226224595,16.371328392456604,13.38679407841503,8.506673047101508,19.707182528905545,0,87.20087250692134
25.249423585317306,56.32681852670369,6.674372393596623,17.91706922694206,14.489026407226628,19.18057424621118,0,88.8122927807487
27.26487288284575,69.42711469006125,16.138345724720423,14.06062989087902,9.628252425960389,22.96293770559917,0,82.870940114833
32.20367241064775,64.02841610303186,1.446638776142607,52.515728511153036,9.373165070012456,26.660617571169798,0,80.90979304738788
29.039012536766567,66.39403479024467,3.1738758149666593,40.31903727655851,4.744341321119161,24.143366773482068,0,86.584661097598
21.536873264238686,56.75112751303482,8.424104008042367,4.059115779767044,13.421349778303874,15.952323614213558,0,84.83673857988782
25.33915718436405,57.349040748558764,9.618677933143584,37.38297020994522,9.695658112898993,19.413389809262814,0,87.34056268869492
24.963227833938944,69.3090877104114,3.562897683658168,78.31647043367182,-1.22090771084061,20.806220431140222,0,89.58454270504026
27.613894773884773,79.15573258634066,9.093282853682808,4.23404604812062,9.574119538644991,24.716779299547117,0,84.76341183947753
30.129218293149144,56.02580998703228,4.485849115712972,110.24523904070023,4.170399985215196,23.448741989892728,0,80.16930522482933
30.09102877943986,51.96848683140635,5.920569979713495,43.17384432743497,14.104910462084554,22.72006236600438,0,83.94060020769834
19.11994122975799,74.20190248507755,16.77381501684124,150.4150153431504,9.58145071430489,15.975955157118623,0,67.34170678817398
33.31970493780428,64.51244160413466,15.289250465416062,8.016725719553149,-2.2374757117482993,27.76197272469236,0,80.65656834554756
29.262844229983116,77.45747200978929,3.3279341566719762,252.3001668719568,10.419907887473773,26.04195344944924,0,60.56978343113654
34.92266023796953,51.41304179943279,3.1714815047923324,51.67956597335196,5.356083150082918,26.805665831390698,0,81.25244285315495
30.22099163645336,38.30841611864854,5.317808506184603,41.90797705478294,16.54169183527164,20.29436253944305,0,87.19485695384095
33.50661478867881,57.00493877260499,7.232631641330048,36.209154943568976,10.292302284170129,26.611460361030357,0,79.41481071537584
30.332726557250634,53.50471086102476,4.365275090307305,1.1969314666485256,6.300381357422458,23.196880728675886,0,90.80222109602684
34.73112878101374,63.8181739987955,16.988114529892666,140.37076256806756,10.06936036087988,28.929680120778908,0,60.71789284345192
30.611253180088895,55.447321785944155,9.756286762450875,51.640451128008735,10.977149580132593,23.775819185847446,0,80.63503286715832
27.51042376778548,76.11525427004673,10.225331151912489,4.804981214142689,5.153600101306014,24.17634601616074,0,86.42445057795304
39.36217360223441,60.677746063662255,2.682552956617119,1.0587390985191838,11.211221162448249,32.541503361802896,0,76.0035208483191
32.44518561139946,67.25711748160852,18.799543242085765,2.605925909909161,8.199010457575325,27.42135906503267,0,76.47459370455876
30.868722105022066,67.36451837661416,0.7740374219469127,47.003020714537584,8.681504670634606,25.983580575150853,0,83.04347346463497
21.61847791730832,67.92432638618281,14.400232632403654,47.597892263739666,8.596812603432715,17.515981368535748,0,81.4484623090836
21.55846191268231,64.6380633431754,15.602784472218731,34.62409927070915,7.405999788143138,17.027846624745006,0,81.80930117788952
29.463577410709267,72.65901035615471,5.22826273668683,18.319370786950476,6.3024471435297365,25.50498754199273,0,85.19563452546254
28.727605988841205,53.06517299261289,20.45706242649875,37.936870766618505,7.667462363249414,21.72055338650585,0,80.8411308425802
24.929387174958418,85.99126889980825,7.025328373151829,36.31470818173329,1.2815274647138146,23.08085585411804,0,87.80740539250242
28.7049134980603,61.45193924947197,7.76747670046243,0.9803258800520003,14.376407133175881,23.062707514593576,0,86.63203207881459
35.94313464021798,45.326762931519774,9.69512352699975,16.59697238534495,4.024647182424719,26.44241672300433,0,82.4875668526509
31.477012372751492,67.82110035487659,94.56239956524757,2.732595963852913,13.284330316547509,26.61947295429364,0,38.08822108403462
22.294957451236307,52.232292763287724,21.66173037590902,115.20669030539466,83.02963139723173,15.991031603740154,0,43.95846938803901
27.442455864285282,74.98001801763313,12.947529018674183,64.58980058988152,12.506683135904314,23.946293903498823,0,76.97892019779175
23.975167595737197,98.14408364063567,3.559985282474596,277.5338051910772,16.565848935456735,23.767432119484514,0,59.293529015275965
26.061500417957195,53.20141862663225,8.28852360983259,17.98907846138623,14.037095911912141,19.41601480193758,0,88.50182058121408
25.931921671851786,69.98558499835977,3.8555000949687255,105.38622718088678,8.323214647270035,21.803979602218238,0,82.05325294867626
25.611772086979975,38.66741616943059,14.263283926168409,46.197785134130015,12.7959821703917,16.65070932013368,0,78.95931611357275
21.724323140133023,71.80857844162021,8.26784240323883,30.176788296142053,11.853069859739279,18.122895735322636,0,86.08172028517058
27.36172659240905,51.714293003004656,3.0053158070002706,12.588283658097662,11.715242653470217,20.309839462525733,0,92.86867365241143
25.19696181576345,55.62748072348276,7.884506779658164,67.0454355317785,7.280992022693168,19.029082834776606,0,85.46982996826026
13.35275654998866,48.480702652402584,3.7451663088729927,117.24371488804135,6.107542174408257,7.823158111389951,0,66.10193513237488
38.26486012250832,75.98226839082103,8.339247438188682,13.414133058765115,17.384561481551344,34.363508702390575,0,67.14884609425951
33.44384827108336,80.10956536209893,3.7163356664127156,9.6422568955841,7.527536990589257,30.453426519265985,0,78.98828770147317
26.11849637537502,65.35077821987761,7.55334194230202,59.572891385614824,5.81521980150585,21.302877667720107,0,86.3733167882054
28.094095248702992,52.033599419964204,13.468799864691915,188.55474526292366,87.76079005548155,20.997668978663516,0,43.66002538820589
22.14172826341219,88.84284554155794,7.0820145377335,69.30573908307794,0.5068932715609016,20.730080804877414,0,88.26433319165571
36.47861438905433,53.743848083680156,5.4048104779216075,16.744326459337692,16.88466865794331,28.61613234296274,0,77.07074071468021
37.486443473865556,32.56951550108842,8.693894318807155,27.232516173862447,13.479806276518023,24.706387556935823,0,81.37695112896711
28.783468641232623,71.87583514935602,12.906694066181183,24.251204520776827,85.4494895702071,24.74755201823509,0,55.51704129741006
33.11765322092673,48.42837989537725,3.0472921728324756,95.55926126142707,12.697737666805091,24.677209150457603,0,77.67203483948629
28.87643389466962,79.82913190248762,9.102279928757184,73.78268546674092,10.462803085857173,26.02575090261951,0,75.544364106399
21.316372805620347,59.28293454989872,21.2006672494625,44.455114841766665,1.6018225114668496,16.096901484753378,0,78.56556628106654
25.940883155181712,74.05569860816294,11.69224230018041,16.076361313265217,10.998881109175473,22.394251688437503,0,85.28857148286853
28.659639833859785,86.02250519828237,7.7384647664041974,139.02179371566015,9.524250917005848,26.72373691114837,0,68.96823257284072
25.72726140628278,46.86711703068917,12.326975676261041,52.96696703181235,7.682835430096017,18.12206068635004,0,83.16196134484797
26.90673361282482,56.51094303661392,10.612124464703696,176.12868413907697,11.448835721782677,20.676207652611723,0,72.25047930089531
27.54300221245443,63.864933910144046,13.50258147221012,43.38896283174745,7.813820289208127,22.382991960167193,0,82.73071827740003
27.595607510672693,88.06326978551516,1.4635349547448602,86.07234578704053,80.6104922950118,25.97644782161619,0,54.82616211316196
28.261292452487417,55.124259230893315,2.1323722514788086,83.86051735710207,6.700229934267011,21.6512962406546,0,85.83740779947948
22.696974668016995,56.08244456076489,16.50830057538615,20.573815222586063,8.828169891402812,16.887089718311834,0,82.0763794703818
24.41491925436032,72.17210863333713,2.2161615305386793,166.24060719848995,5.549027133888286,20.69434453370175,0,79.37666600303295
21.577078671500153,56.34156911434144,10.188207342765526,1.109288082797959,4.674912253926796,15.932232678746548,0,87.135012453815
32.889077748431,67.28788824346425,5.575378877764721,73.20434368539252,-2.428974561430916,27.83621481748113,0,78.94721215350033
17.471765290798377,41.7269386854781,3.3302540871309714,168.42259926168637,8.607676431408075,10.48629543973103,0,64.3528307127264
33.767951716584626,98.21494913834894,9.773941423323064,20.693128662822915,8.02700266630443,33.60204300884419,0,69.96498435335508
34.93174698631422,44.78436154535895,8.678309945486523,52.22191613032226,9.81391070668113,25.481419790433822,0,78.94522015968008
26.48909706508689,60.17370944014687,39.9757940295953,41.30231006945019,9.79196252314803,20.867095052527528,0,71.31724189175003
14.984314560863506,64.51278446236859,4.482366019513179,71.67083088311503,2.8557169305328243,11.00178218288393,0,76.14250153274686
26.193447190163546,93.69032201535194,23.384843435084196,100.56220673870094,10.973037992305121,25.379968992325843,0,66.52372478933067
27.679079193555904,45.1273132860089,9.795649235202182,46.196563491765815,8.217917329886285,19.4740941506834,0,86.95435448261867
22.947008900355435,94.75556203218127,4.354381130805746,84.61505517501153,98.28331806384352,22.293902642540246,0,53.15934393200443
25.423908030958785,76.35765231653033,14.004758518092556,18.71908042266187,70.11455360968048,22.22923189102331,0,64.41034699225908
35.65097599431676,71.2564298663487,11.618408774819711,12.976572848718455,16.912093150035766,31.077096047773008,0,70.64012987271353
31.324635811508706,50.230494694730666,7.604001606423163,28.164549495334732,15.561341465175536,23.477536399036666,0,82.97812582697478
23.3771794281095,73.5671186305711,9.143436368958605,56.619302705216725,10.935100538469687,19.909304226231022,0,85.98527437152234
20.01200415202284,54.147700663703,4.583259265977703,10.366398290395225,23.92955956997028,14.259838668240718,0,80.08496868367594
26.364913411951143,83.99991879797619,3.81663940990257,57.02677448842445,6.331960269566801,24.202477921734463,0,83.97463254041564
26.93271610324781,50.434069563384,13.565824681395533,25.05149202260746,8.129132075982813,19.730546628897834,0,87.59804770839396
30.480995936816583,63.30262258315874,6.177097250438162,79.37777293773219,15.129097666509484,24.970736574632856,0,76.47453666355526
25.323416437161704,56.67090367980243,6.930511371084819,1.87656953249088,8.218937749361865,19.297771169197514,0,92.55409819855082
30.557497876809308,50.187155563595084,9.242914673387766,55.12840078692128,13.2161770927628,22.80953449601471,0,81.24600847633766
37.675770200301145,76.11979725361871,9.136073297630782,52.46573218586569,12.391501961273446,33.828404145150074,0,65.31228326111511
32.07750511222131,73.03188121114451,2.3549955155010944,141.456240382696,7.467987908628331,28.02068852588577,0,70.15651611227509
27.759557463346137,83.13515298351496,20.67658021453993,62.47772792130625,11.252723141616817,25.431515946951755,0,71.51575546629951
27.084247644733527,38.30187337687749,8.14126620633087,79.55581328381372,16.184243536770705,17.770838565702427,0,79.2352955714166
26.216634329100643,80.96256053511566,6.283187338740661,117.47912657575321,12.443932368911996,23.63294665266058,0,75.51309623775948
33.903204562260726,100.0,10.42990128180128,56.20449290021483,10.487181434893293,34.01171556031301,0,64.65129958364393
24.863432770243485,58.2253836623458,8.928369173762684,17.135335981472423,11.844122061243308,19.119813155647467,0,88.55396086136152
28.22611354499991,93.42722918163454,13.648780153474501,101.92411686873616,18.052423676616016,27.361820125172923,0,65.92299348975774
28.255989509405428,61.0525809191026,11.363278110383934,68.83267310995565,102.23884876422765,22.594321818041642,0,49.46399465200744
25.49107903594234,44.413853936580395,13.121826426931717,27.620381809746025,17.57588196721778,17.523445574192387,0,81.1035896444422
21.137672260579496,60.415513363898064,21.77570991671328,61.985037806556505,15.512634782280072,16.08716287627885,0,71.87350731464596
29.61487251808834,80.72305951512914,14.982751495757427,101.12995693451208,17.160048356843127,26.868211858619045,0,66.3732946517938
27.694980140723082,52.42735276502703,6.498757623177044,185.7655482376848,14.346985875393955,20.715647806928697,0,72.31826602911863
30.50120234718285,55.9949201149027,3.0092144816130575,152.1952106002246,1.2444569706383994,23.77228309987276,0,77.20262805914908
25.331998467804166,73.90309148439786,28.057005364533055,19.67641876826707,90.11525672117887,21.79828994302269,0,51.268001619313104
34.10410649406524,65.04590175107859,6.109355600911687,27.382582179947878,11.576548133852956,28.57158746033382,0,77.49083341309765
23.616131093940776,73.76934428730111,5.06074684033201,5.800664159602267,9.416077371118009,20.16184927450466,0,93.50809379507744
36.56020142008946,68.56744311137504,1.841570142018392,14.22065686355751,17.596890914759765,31.453166448584543,0,74.61176926483832
19.261817450858693,72.1943797932736,9.686939008955317,107.03233020291916,6.738684081281226,15.862995046396957,0,76.00156201773211
30.173850322784457,58.51548221285688,8.323720107139449,22.38079975132116,2.1256619376267345,23.90582660507482,0,87.03276608447702
30.377153412633117,68.47596413045589,2.198791851253608,48.45197247999919,-3.0773448000192474,25.70628283493703,0,86.52176417397415
24.02221466029559,51.089404914560994,10.618727990204512,54.82556760514067,3.500627963157738,17.321357360999766,0,84.02323929816409
30.12196968930506,84.32650433755083,4.960201988714718,76.1238690571969,6.559955925775812,27.897148858224906,0,75.87513683732699
34.3975933488008,55.48587924774029,63.577015011217455,10.09357265249833,6.94770867136112,27.121412430402856,0,54.20411369308345
16.915905803229677,81.93271231324084,4.685679986376204,18.178729924916198,4.322779028314384,14.792841723503393,0,86.58762325680391
30.51372403745407,61.49589558525702,5.216597316363011,29.740836632411753,11.306828710567869,24.70452437937144,0,83.59188820599755
15.533645898349612,68.02998516135982,3.669953606098443,22.694000707300894,17.073726689841102,11.898543408873408,0,78.05219600958377
23.17167598238396,57.57553173663949,20.53850088803222,203.44914387461307,8.729370884049482,17.51871472576808,0,62.754116962491544
36.145831824504725,49.760068532479565,5.483696209775715,90.0725550510904,81.02087426381965,27.531906829532193,0,49.94607805776493
25.09108983303973,38.82859418592048,4.137404574977225,32.66621269065359,10.20794533779217,16.25865432489369,0,85.65000948485584
22.130600177955138,49.170137621113106,13.007992912345708,105.70936258259009,8.252643810413117,15.412250263449259,0,73.29256141060432
27.010311355076592,60.14136720176117,2.4490927544463483,21.35892848441698,85.28076181116171,21.330800028421024,0,66.21644012798302
38.339531690817765,68.17818768243326,12.183571391553292,77.04886803793856,10.655763526887357,33.03137971207039,0,63.10433675669479
18.84158876396987,80.15568969924895,30.726324823844916,12.659240123879052,3.40135671925498,16.436009269159197,0,76.89114190634345
22.743450441803276,58.31363810304727,11.626491755192902,73.99115637897985,14.457892283475584,17.240746525095908,0,77.82946084432423
35.48715841589813,51.77058853599239,12.308851688272743,30.481992070270465,1.934349905426556,27.36459880907348,0,79.10569343341751
37.288511717688664,43.359278209959314,14.82104564209875,5.686400226781328,18.800218825674285,27.138227437279863,0,75.0467563917946
27.48284387854858,72.20095426856156,29.013650407305114,15.959493851069004,77.65089849367071,23.576569604591793,0,52.64873817312929
21.80473648736679,85.74791772994016,19.451324550242678,25.731193400547,11.292300871595344,20.001924240992686,0,83.93423173280314
38.479217509045796,83.99495401934433,10.503786149328395,69.17350000215168,11.763748043127565,35.95724480317125,0,59.97364037265457
35.97221195874599,75.64899122220856,15.227654054051262,3.789153356472315,5.991054460244748,32.131122027859874,0,71.8135564421224
31.394734938811165,74.57814975901398,3.6373378697998,53.87390904055652,6.135481681288994,27.622790807316807,0,79.31459338963957
23.9379882553129,90.4643566956401,13.749945666779915,62.94145367140764,7.3702363010285294,22.710439499778513,0,80.30847711612533
27.754853295809816,69.98122192125216,3.3053924912252657,53.054463759648264,10.589750854462707,23.501399583221115,0,84.2598410521033
27.198199594775847,74.69194514036258,5.508994196845149,71.49552072104872,13.992840633742164,23.67328182192615,0,79.92174788533595
29.65425652307789,60.188242072220014,0.6274760725393647,9.811001697466967,86.39013181058975,23.715523622766685,0,64.33516575630367
35.255007190656684,44.56934943717864,10.18731916254873,44.227898586494014,11.097856780705385,25.70674331756147,0,78.22414999016556
32.39708520568701,54.74226649250636,4.414534493950991,141.63387950319887,10.980546460659177,25.224311199111828,0,72.13269585048383
22.613119615076208,64.86261442198017,17.973818516133107,47.18107563731841,88.13935072310166,18.02280886403044,0,53.949412899880045
34.88248225009769,65.91178058751954,10.096149247095585,47.252047725408524,6.967089904404681,29.43637803325831,0,73.74979025255567
29.565660700065777,93.8942878228309,18.161005049211617,66.67364375213624,8.550890455658015,28.759701686284178,0,68.26228375220163
31.43532897929458,66.21915751386604,3.1053386152240883,20.263573752252228,6.8096849534193495,26.319930563734008,0,84.6711824870886
35.33270429639302,82.68265166038465,16.957476528964282,60.278020081517795,-4.380161410232084,32.689903337467655,0,67.91865852457529
22.442098752432244,58.47384137635526,39.8325762198857,123.98630459198718,16.222744953815294,16.99394007742489,0,57.768409895724005
27.820872106467686,60.324861713521486,13.617103868190643,0.5477631692178999,0.4520861640154923,22.088236358902677,0,89.85362182262371
25.342727243203925,45.06488544164827,13.905427157981146,102.05453768965565,7.042558714645415,17.505782737853487,0,76.75298718727562
20.16070287317272,53.865079806851426,8.462783522850692,12.334577807172984,11.266212111820712,14.352871924080436,0,82.30905430670444
29.733549888024598,72.9047208704563,4.856242426265849,30.433250053979133,89.34610715548924,25.796413525526173,0,56.05189777468349
40.55778275792212,65.113402705912,13.584832298053257,95.64478886267621,9.524203242571923,34.495140976679025,0,58.725659085496574
18.799611277471236,79.14407929845851,2.2147370246335414,86.83860663630382,12.433552651627494,16.273149350296972,0,80.47397729895582
27.83859694475265,67.71880922517576,5.289881792002436,111.24763891897824,7.75066849644916,23.239297081500222,0,78.78779342436758
31.20271467537387,59.71319402543387,1.791681488800452,141.01907500953453,4.335109526543663,25.02783839547061,0,76.01545765259252
28.615391008280906,97.22445295680438,4.2083678908550795,29.63405727717832,16.675259333970683,28.291225547194475,0,76.93715222807269
27.434359737421296,63.591446469304294,12.34975313141206,53.40858853944904,102.41660663972287,22.242264939605132,0,50.98199829103375
21.503918182770878,82.44501454557957,11.070840845544478,24.75404791464044,1.8649903860922628,19.286440996648423,0,90.2971728187056
29.163933714700818,58.98186190182984,7.696232754147613,21.594308337267574,15.344446377720992,23.07954501012884,0,84.25831981476585
24.21618011492037,75.6439921907535,8.468223913621495,28.246090427209868,14.230059692103833,20.984288573433712,0,86.72149290961642
17.050391475107233,78.9202348872753,1.6344531861819827,67.94877411332466,5.3230137000885325,14.571735644976457,0,82.47116156301172
33.972961102568654,68.1273795586337,5.484632966041928,34.80164171700011,84.04395853434495,28.97977520378053,0,52.29320369482658
32.791929099210215,29.68275615955097,4.28413521488279,84.11647435567195,1.5788760123492196,20.39967623694447,0,88.3204785974583
28.2583048842554,65.2737869128417,4.361221800551864,68.36744371910022,77.59418459795097,23.252899835573892,0,60.23856677513622
29.145373441028514,83.45690071639963,11.937239722889581,1.034552608780203,11.192787657709022,26.82068316212823,0,79.9659709152485
33.371590063577806,72.91221249541596,3.71208657922179,49.74480742207233,6.352194609262044,29.218243575439633,0,77.22471240193508
29.121698283890414,71.6875831284387,4.555135691763975,28.685708525998706,14.401070698120884,25.03582558972968,0,82.49976601755
32.52008777380657,39.16614599063721,1.391447543454471,30.498146556655108,7.734210531570325,22.324006359656877,0,90.19038185593183
26.51258899563075,54.193173939874114,5.839828650249954,85.29002210243615,7.677656836112172,19.9659138705648,0,85.94073532510788
34.55991869286973,71.17036446727158,3.094820667564123,39.660309380152434,6.098116976345748,30.042027483738632,0,77.39081184381283
29.603928629663418,71.15574915180338,7.87239505207668,108.41224913677938,17.84340959420679,25.405499955371884,0,71.16652442915696
28.97025971802937,83.22000170199354,3.4525516370281872,62.37979570567829,103.46603072081052,26.616190474935404,0,47.62278199157814
21.64969455643984,62.826998672808585,8.03360843641772,40.24194130896895,18.98919366545236,16.870621361399305,0,80.93520247117576
29.434779271508543,71.08736130010722,6.581425685562369,70.23065163598363,18.00950392384936,25.2368155751789,0,75.82783065623565
23.840225412527744,65.24561362896941,28.15242280158195,1.9551866479077362,16.395878886740956,19.199376490327925,0,79.06204170766316
24.808586367357528,50.19585895247665,10.998670307579868,1.372858833875221,12.86716895843991,17.863776389014635,0,86.86998722686452
23.923121858419393,31.16313003357879,1.6960291113782784,4.351441234593024,4.702407076529117,13.992151934898232,0,88.1376001976892
22.668825340503876,71.46514538195115,2.6860962320165145,28.774014262125508,5.9096050634701145,18.962104648175146,0,92.25283907555188
38.62385701508481,67.60920812619217,7.722718251616311,13.423402200102775,79.69461681707318,33.18943554457795,0,48.44727506495692
34.656695309942016,55.727374368497465,3.511775118081864,207.5816138358961,10.08457108588302,27.39501402611027,0,63.03190632290971
37.60183751072131,40.712404152262025,0.6874991098618275,39.07598934497685,5.364285072322284,26.795186107004003,0,83.76777732595797
21.88552490222218,74.44609271613108,21.750506640228263,54.29700792918651,5.611113467820949,18.61855671900569,0,79.75250980953544
28.356268749554463,61.01119888706672,13.146810918705919,16.34333542589671,8.193041797160426,22.67828278750246,0,85.04382288441687
21.53246187397952,73.35312083552219,11.209722687191938,19.41542455201553,5.084835066401231,18.143523480710897,0,87.97393640013507
24.52152561401468,92.96072795617638,4.545517414041551,20.433154370453206,16.020005650428256,23.621145673424888,0,84.91220546232049
23.409365082917127,32.878536795204425,10.403490936635421,59.9883671759919,76.8139409559211,13.902321079203755,0,54.0482524475817
34.197920032207804,54.50598786946454,4.205998584019999,32.09478408277499,4.0018952417966,26.763128984662693,0,83.2088637421196
26.0188516094912,61.8593658003213,8.704897864433754,36.45775288326386,11.462992228704152,20.696034495772164,0,87.13672662623044
33.341896668470085,86.82239261219976,3.537900313277241,44.82477069093848,14.875220273614335,31.416240648628087,0,71.66580504345396
31.02060444794259,40.453954711902725,24.854299618292263,73.22612798550603,9.973867012685899,21.36944412728763,0,74.87144886380986
39.51819376052394,94.03791538520906,2.1039376843543054,4.735853954352938,19.46326854168557,38.67545120746979,0,63.973512770621014
20.60277888430138,67.03783852349436,19.8028737015011,75.00091256251771,10.29827282503542,16.46267774512808,0,73.85973090234467
34.296166198933996,63.559990073992125,7.622715434206644,41.418007183046335,10.516081298829588,28.48782026942654,0,75.80975072750904
33.732204352003635,62.0291035517164,4.99494501347398,55.296264911191784,5.766975788058713,27.70706936966828,0,78.48997168495518
23.133105809864826,58.45605451729957,8.445234665293023,19.841507210484167,18.879234473955975,17.608559436789626,0,83.91299294350418
33.0356666823658,80.72175138903732,13.285568962644515,26.32970110528322,5.651944825484064,30.158620511900548,0,73.60233303180391
29.680724815131143,48.97218868876342,22.051869642811734,13.143998148360186,11.511352564772585,21.841793185932055,0,81.05985806326917
26.86261870023296,70.1812127246578,9.492617758828597,193.88107269738953,17.707341978891026,22.69961831554212,0,65.91370905123657
23.880322565140002,59.237275014395365,3.62350986398839,34.35855092315566,16.181590898532026,18.38770939297063,0,86.94009043230217
24.40445274275407,53.567998272288534,7.725326590771112,277.0438573975947,7.711053235704904,18.024292898680525,0,62.89903923430746
38.24906047892963,100.0,31.60876922862734,33.646249521614955,4.0092079376249465,38.388267022012016,0,51.912187254631824
28.003414094787413,71.2857610213019,21.718022991021222,12.407125915919464,17.549971622159653,23.92838024506029,0,76.15771500458712
31.910650007657296,74.19898316991716,15.287122120390555,35.40820833345275,10.299714446985842,28.050034687520427,0,73.30732792618352
24.045503091662233,82.06665171002993,13.964935994372919,2.0200401928768157,10.340835501932931,21.691812266654342,0,86.83086441623337
24.100735268891807,43.67975082022179,12.930127745171017,117.57290877657995,8.214977552744926,16.246660748452054,0,73.4093105215196
33.409924046249714,91.28437863683047,18.67160400961241,85.33882648483986,10.009564680104969,32.17750016531335,0,60.527543538704805
21.25211894224234,27.365642322573862,5.127903860152687,64.69861765363547,-2.1274144927634335,11.313532574981249,0,78.64562333128646
25.923931160473643,53.46850384942219,2.4991012003714896,47.05821595803815,6.999217524955863,19.33744779876187,0,90.71772699383462
28.17013705536116,58.1145249023165,7.808421264510741,43.355298191692086,7.435905952718283,22.052231893689136,0,86.20327639046896
28.556863009200264,73.72585047455759,3.841775888198062,286.12096450454135,22.11277787297972,24.813254276328376,0,54.87620823329436
27.10453357491922,68.28077399212232,3.1771462737525704,16.28632930533103,10.357665910204723,22.64414734915209,0,89.3640176054609
29.979098905479617,62.4977788895241,4.15277646697454,75.63470289744475,13.453911632403166,24.38397207434457,0,79.29954615445035
31.464278779089057,64.82003983058414,53.96043752496156,43.54254323360953,9.123458399179857,26.11673664068476,0,56.44926915340451
31.67318772729665,50.329654647161476,8.239170795640671,186.23682256389918,13.817613339524115,23.795671078369597,0,66.95735461506064
23.07098095666087,42.5415140827374,9.870260725843968,87.95585866059726,6.068512973125708,15.214757867926252,0,77.0685829151991
26.579224510356013,75.8976743350409,2.7790516999859856,325.9586947619101,5.58277947119075,23.261075826626907,0,59.26206444347872
33.973814309384686,75.40559168804278,1.6904548470100818,44.37605312133998,9.414054829677307,30.19643317492456,0,76.28449922541502
32.47323593786936,88.76741562735589,3.837257372490852,11.441984524355405,10.806935248172545,30.866663521638646,0,77.03486582947022
21.13570274259468,53.14974354777188,23.349053971781096,35.027428740861346,11.447274744295683,15.10909893245341,0,73.67062029060487
29.757399501761007,75.39222815451384,9.65446374704173,62.08566058573106,3.1160558752142142,26.19963358837904,0,78.6260663935994
18.10887375312595,60.74439907452902,11.92785084955953,74.44080908030946,11.812555056720862,13.401075440706318,0,72.75608847600847
28.234674510301847,82.85712477790223,13.341144499354547,0.025505955228641068,16.026847778922452,25.8511687354644,0,79.2078414586291
37.48883508372988,80.32944165017213,4.603977004466646,35.162612107896585,11.687868667195067,34.37541962698654,0,68.72266462409885
23.260536413655068,68.16814098836684,22.429397059346687,13.409306633195653,15.510976593856,19.06834525954344,0,80.87656316503691
23.82838477254209,59.9070476500102,4.453783326130089,103.93682281746183,13.577392158915167,18.43666324401617,0,80.50862353490797
31.820148907864297,79.41398267912392,22.759573894726277,8.297147712830826,16.15456045441068,28.78574505513365,0,69.22702721384974
20.285992423951768,74.70356784884848,10.525929875776175,54.89906182739447,9.108308062526406,17.139823130211173,0,81.92076088718042
24.836224850574805,54.73339396870726,1.7660826055596917,15.466549096017548,82.58941066168012,18.577090469333257,0,67.90613593772491
30.982205687908763,45.08301989780854,4.061662655003178,22.044937235551483,11.483862535421174,22.234124827170557,0,88.5855335297137
24.828570761552985,60.672006489773054,1.7718942528878698,141.1387720926977,15.399915848171009,19.446503988037726,0,79.03662636361922
26.820150063945142,87.73120723022313,18.739352158624396,13.751332915093057,69.67817583918544,25.16959723060492,0,58.2747361702093
31.720928551575174,82.19730738099557,7.244276170716833,4.991169351245621,5.3696891782549345,29.122287692117812,0,80.40541704858866
30.107730417682806,48.31508795494129,1.2427492320398061,3.5901032563278945,9.577816068222344,22.08954803239791,0,92.69268765367633
29.33409198147701,47.48363876150118,9.980143863259391,35.12101315991898,76.59187198440218,21.283244747585798,0,64.04233563619898
26.304388603649805,84.12025774519229,4.8079393852358425,51.32083508749332,10.93023856075606,24.16058575725674,0,82.57965530916229
29.850305576344777,47.965461428632565,2.2545610912268823,19.82231824330842,7.310224124879513,21.807710731116185,0,91.7421801584216
27.381336599501218,72.63942985463012,28.286160862278923,58.60106047348707,88.77094727442345,23.54581260732436,0,45.08777885238414
30.289028049628925,55.75893176995514,8.051260740360972,3.1487854721150503,20.70991320073968,23.54470501027388,0,83.43912916695064
25.51533987441011,89.25567386782524,5.8430614369966944,97.362678274768,11.459829312289536,24.100394889785605,0,77.37166601524993
27.087155128102296,53.44362801293182,5.368025635169624,84.79534720940342,13.281926504206613,20.350103652527334,0,83.88398814794832
23.05021103723993,82.15042295308743,2.2020228709127663,211.6674758619204,19.871865775446476,20.74195492819072,0,69.99535332758335
27.82496194996882,67.77287981090547,2.602209470061804,137.8396907779581,9.08482757503155,23.234853588317108,0,77.03436994635378
23.944995681855776,68.7829228135143,20.654504431590496,22.018137745322754,84.5039548884122,19.787151138566163,0,58.98367575471765
22.429767749190034,35.44537127972899,5.057608303029329,25.48093295667817,11.353782617749216,13.569624532882997,0,81.49294514622561
29.293305739276942,31.95629970191422,7.5206619604972,68.51413128922628,13.777524532327947,18.25726524323263,0,82.18164557823508
29.063698879288303,61.69151089599029,1.4398452161691306,7.19829773062086,4.099880429507467,23.425158078518926,0,92.05588369123913
31.914368674742864,68.70359095124918,2.5741679903578354,18.84495474958786,3.7423860284773447,27.168170665029347,0,84.82870252282584
25.844372152124507,48.12203258393415,12.035372424802722,6.308835917689164,80.6084466605319,18.424057193197136,0,64.11803376544813
30.04026423418378,48.66959884285487,9.995844014820204,30.338057784786375,5.69675434042635,22.09539360958793,0,86.92626368625392
30.753987861368316,73.422089447392,30.04511721158918,40.148579996411314,9.300606596971438,26.836848931091637,0,67.60710779893634
30.223869039157975,73.44281720685696,21.636140013408976,11.859618140239975,9.361463964256824,26.340822277246886,0,75.36424677531558
23.871731585989288,62.933884094181096,6.143724915726973,1.3496367465865255,11.780162335635701,18.904234611640955,0,91.22280500639405
28.746817411355945,76.70302581779113,10.787228108384028,63.53338586261362,14.912194153644538,25.43784939120965,0,75.12554188818396
29.820701480273307,47.3869655641978,5.735742702463872,1.010398857701297,2.889623362870867,21.678939725502975,0,93.54947138711985
28.03589233453971,59.66097624369544,38.23869094207475,181.34710740090162,15.826627996116407,22.177270347145676,0,54.20449560278182
17.567611708144575,89.7181640867551,18.526678175355386,12.5262035396526,16.67672678368521,16.340534329536773,0,78.43593312476713
28.8024481198674,66.02483194909726,8.463375359284944,54.51734091625866,12.70187065465519,23.868420012696806,0,80.27999132480139
39.06265519698621,66.89468771880499,8.67387667817677,28.524511088471804,7.44153064044144,33.46130472521365,0,70.13814325076348
26.199803656215085,99.5891987895161,23.47369024218937,3.076425340279782,17.15312198499197,26.197501044796518,0,72.9415534493519
24.359614510723393,44.00986751226844,11.747756400164675,31.950339779469992,77.48143256030066,16.514589056596467,0,59.87582722009848
29.86674279855699,76.94645549963165,25.710575714491128,36.36215834616537,12.801809753333675,26.539982731864544,0,69.43125229256319
29.561891052332857,89.9597941971215,1.2777256467344593,96.44195739658204,8.476605187031348,28.18219360112766,0,74.6181159729393
33.96367582708207,60.12713110252181,10.686514390079878,65.90358230730826,9.39034793209001,27.579772753791477,0,73.56660946617868
21.71065922045556,77.89446180282269,4.89224896231824,4.13118582980689,7.2591856052992565,18.899935881212244,0,93.0709322225788
31.65690126287496,50.269707541836425,30.11737928760098,11.733150021150951,11.065401979857773,23.770687491639222,0,74.42349679000633
30.952110306257318,54.699014066489724,25.460263680976894,18.69016023424988,6.022817081338506,23.946700028005107,0,77.4731964002994
27.28926731529727,70.77449624071451,7.58572845651288,6.187975325308751,81.0812347288744,23.18495016011845,0,63.78383475607687
29.69343658960845,76.97850009665885,25.241886643793592,30.523005161740528,7.039168350083104,26.37989220915767,0,72.41052839816494
33.14728740799178,81.81404768609369,30.768505434628178,207.73400716507376,11.592504264990865,30.439215012871305,0,44.31935595854129
32.36157690014225,88.54442880409239,7.8422465067205245,36.14041689946961,75.44982296460522,30.722809897904096,0,51.2306792216349
22.284903439631357,63.98830162167227,53.385918780584284,67.71695431979836,7.136519244708436,17.604621980729917,0,60.56343840058675
32.100790933777425,82.90417632758883,7.206094150884202,57.43286512926028,15.966972181989359,29.59888974567208,0,70.93300773246062
27.676556974837407,59.86542734826276,6.22381610128751,94.82648632018095,21.751695600771512,21.886755064177848,0,77.3247455208142
28.364370490077576,78.53136967382402,14.771476694582772,12.149681503992236,10.3091583600906,25.343791760325082,0,79.94721974179157
28.36598495500847,68.11233196778272,5.5676185608227975,70.08588695244433,82.87592576181794,23.786875556744636,0,56.90198010195457
27.2487850560087,71.68516860622886,7.911139429412833,106.58107315793639,7.49385496278273,23.28122495800224,0,77.96653387823568
33.958537485535324,71.35261811033057,22.817950737509722,9.407514926444382,10.9080760739721,29.510186350015186,0,69.74896825558722
27.58141020075394,40.92942485303281,7.503541295024919,21.293765810991864,8.685587634823118,18.651276988740296,0,89.20057237622443
22.402269358084155,48.1381721170884,1.904054891684344,175.49779040355264,20.99418519130642,15.494912014791556,0,67.74249980555442
26.032350720151356,66.53812159726283,9.913084094601777,75.88576391364673,7.405814785891559,21.397567665399595,0,82.88992513460452
28.893473584052376,39.690813805382476,4.233229329915229,16.60544676167099,11.798828520830098,19.491080086862326,0,91.52651794889208
34.146073921485254,77.46816654799633,14.764371181486505,41.49897443448122,87.16701991109541,30.698179601743842,0,43.364974259494396
31.01547342474417,78.07333949432213,12.896446040333688,25.903097383336643,21.55804687650317,27.807758592390936,0,72.06381372741203
23.74732360626478,69.90755829316686,23.977605211420748,33.663813694167274,11.925540160631897,19.758298641444203,0,80.30708393349524
40.425949583394456,48.18298980863116,15.272072606478575,21.938132822877364,7.917029771739202,30.855725022613566,0,71.24755295663957
29.3238765548899,85.70208408302773,17.675781519944323,16.37876787130985,13.7734687515429,27.324566663145173,0,73.9462262076648
34.37695368999508,95.55815959577536,4.32634291120701,56.16006294540738,3.7478572747970293,33.800884090231776,0,70.27021035624242
27.241427832113853,67.20615241168962,14.057965810404816,75.37607443727852,7.477197338819447,22.610715128535187,0,79.02493784532714
30.666796223527246,72.65803067676855,35.686091944347865,103.55665671310501,8.24196285859066,26.63527337588718,0,59.10105733982124
32.197342522592024,68.02607982194066,4.259194564718795,8.440461087761287,13.051221288947598,27.319357529379513,0,81.69691321847934
34.09097355877128,72.95553783498198,31.180429343824834,86.53948143838961,2.844066170765565,29.90185482922819,0,59.955032883484485
33.28684152689112,63.20661865060406,4.7612961283002475,14.70518733194611,8.101344374830804,27.507554176319378,0,82.1870538132326
32.36098500036489,64.48153640234295,3.7375226689152647,27.87284012825409,9.27633800540732,26.880441041603223,0,81.93118042184301
26.424566344029458,78.58576400746048,9.364822242634952,115.85635884528071,24.66802853085636,23.49687022350056,0,70.2639714819515
25.14126979021969,100.0,13.101521033613178,30.30295374910663,-0.03651949837651536,25.18784413042209,0,82.64935107877511
29.663037551620988,43.99893148397392,15.323691566833137,10.973984450889732,14.126537586201568,20.9296554332724,0,85.13742675951866
32.66564036170534,63.4428127339555,3.423248874268642,8.70985182776066,7.095114929626772,26.982669495769215,0,84.5783478265602
26.886396496116966,47.29309272151877,10.460770084829369,32.026196379927654,14.619871670837977,19.173868303547916,0,85.45450721796843
33.325859828571936,88.88037347864125,4.2697545485501545,71.91569574303432,9.984120716164343,31.721573027837618,0,69.76315337094363
35.263083727430896,56.18393046020152,2.2453517605713653,293.9987342539872,96.63871045544312,28.016428531483154,0,25.239904411943158
23.418395404632903,43.351988093213095,3.5148995508589795,77.41916995898265,12.732622080267566,15.628406947004098,0,79.69903628908921
23.815396481018603,74.5728049827286,4.052280087359604,104.78340777571296,78.58887572455548,20.458951607290206,0,60.610799859628436
27.298124705473317,91.16466672114666,11.21526871809406,68.88305891278306,64.44300226043784,26.1224087544636,0,56.83944586449999
29.538063340945982,74.95396802841144,18.574151882097148,112.89736774750203,8.503030783338785,25.92525913306285,0,67.70095499016068
25.377164931164746,68.07196815922876,2.2737596526567483,3.9680472691504503,12.775424622869368,21.014342824993275,0,92.68632633497688
34.76101339433572,71.1371138416399,9.792030684224754,132.91416783176146,9.87976087450087,30.224419891421608,0,63.18268441274544
30.120334307592255,86.22260994238331,2.8824523763689,25.242687358980238,15.108254175288387,28.178331383486185,0,78.73092327559212
28.197235241203696,51.88701094978775,12.222375474633058,127.3056393738845,15.60409324415398,21.06285919689223,0,74.36259511523869
20.82045238065736,63.32229343870531,4.4898331252594454,3.9377056091932676,7.329391791935522,16.181862907644714,0,89.19097664060618
21.420920917862464,58.209647772357,3.1865434954137566,62.80594717044765,4.0147249758679475,16.046402478484918,0,84.85749559435308
29.405046251409033,47.48202039062434,14.009443140594424,66.53139439899269,11.411888755997575,21.343184612019712,0,80.5233991531081
17.33702186922582,60.07437110874796,4.620310523177378,288.99360140632024,6.1533442282479776,12.625671665972817,0,55.67787735398919
33.06318704822036,81.61581643973673,5.7386778203877835,73.23556154201894,10.419011798056703,30.326728163944143,0,70.84400875700243
27.209230778138398,73.49903222589089,1.2510819412696106,24.109778962443997,16.08583567448322,23.509824861903013,0,86.33679861543854
44.215464847973664,74.66465750162301,15.756312665640827,40.737336549716275,15.376206534806595,39.756047255548694,0,53.28863695061605
39.539581253080556,67.19713417479977,14.249571227094794,22.82878449890083,1.2605770266907221,33.95803653405051,0,69.23508879325652
27.092754653762416,72.84985674092883,7.421389289429663,10.908960037488143,10.04673588182865,23.30543150277068,0,86.89135013677078
27.468314987343426,52.99114486477842,2.1769727107423527,14.284358346799229,5.579818128975597,20.610004616239944,0,94.70813150926378
32.977907570010146,60.35735171109156,19.44316010509499,12.552114754688537,15.854982466021333,26.73376458364919,0,73.63756744116942
36.51586304959019,67.88006355453015,4.336160551064484,39.79392779005301,9.539129599733482,31.289768304704463,0,73.73816462182793
19.809854712819917,69.16273788322836,5.141357964077929,118.30854182542996,8.437525609293694,15.998133521258897,0,76.78315858087515
19.06812267322657,69.8028178238281,46.975925406660934,121.9354928971149,12.007490752731044,15.387776150669179,0,53.397655315384796
24.889825972228092,62.92497076975433,4.20843500040094,2.816020592688245,11.33695650398703,19.828181680070404,0,93.5774674593073
30.91368791586932,59.338648983045054,13.380092526246079,4.163613406277779,5.159066246394531,24.705491839426692,0,84.11566588831097
30.484367952537987,100.0,11.58456732897142,14.059761689337048,11.846974305099709,30.56872011743408,0,72.99966855539623
33.348857274919254,78.60180909398598,10.095984336120758,14.722543287968696,11.070169189055159,30.120721713118723,0,74.60861453711294
22.001512358173457,71.19721213928933,9.25904057837583,4.984894224022317,13.565366161432676,18.302284850747114,0,87.80362884405297
16.419280685155616,61.50187252690409,9.98526842680415,24.589018831521216,77.54236255889334,11.965986827088088,0,54.64998995778016
32.29007097651073,58.23171759584185,9.184823227974954,44.303281453308976,88.2394278071827,25.746578856654953,0,52.94424935330496
23.859018635173825,63.037991094095666,7.0884401761733775,43.15672002210428,4.565431525416438,18.907327900193053,0,88.97928925152031
17.90756067805681,69.39243265380026,24.754975504325888,39.20062759729503,12.854457931841527,14.258337695273848,0,70.80513672040448
28.725318729796907,36.79346683905378,2.585377549758132,20.67526153878967,1.3872258605985905,18.798379304642868,0,94.37494540800674
31.965878441093388,41.459156069379745,16.72938046968423,61.28633320575286,82.3109232378499,22.343629132434415,0,54.55425833331434
27.389714339393613,55.44676416591564,14.265925176370008,87.57425623458259,-0.3376166009920425,20.935260518457024,0,82.81925987766854
25.710758069087554,68.10709155167852,12.919260980457759,21.253369159331253,85.78434507197599,21.328170609986568,0,60.82799498819948
27.203188839270467,61.410902792722226,18.05790505538143,4.470823853518532,5.066131909132365,21.69934219651091,0,86.28624115581361
26.147086187996084,87.17181839149227,6.861461624133965,17.57230697768089,9.28265134847801,24.432624317507468,0,85.0688848977444
21.259764440299165,42.76404819506347,1.6566885147618688,7.388392855995001,6.264418694836899,13.751552617391884,0,86.97200581816176
24.426596615047842,53.72981795594944,6.973839069658139,31.49535578014096,7.609066513831502,18.06779984226299,0,87.92888914594081
30.606399525069072,87.80137611486651,3.343588481510072,8.476297620213785,78.01097117975695,28.889071548191442,0,58.14331161501744
29.6083927068825,66.9667898701272,4.1144807114746005,31.073406718384668,15.214327047798044,24.757440079042617,0,82.62781650459429
28.8402990298341,78.27263874201738,2.734816282710113,12.487397299344611,16.08564960578056,25.760411442356325,0,83.38135176324914
23.024257590733104,95.76870414904195,5.043620176599009,67.11025773647263,10.896990195902228,22.503227642967214,0,83.37999260830168
27.092484189321663,54.59293373147266,4.584591673978776,1.3977688238446662,8.394239064349218,20.537958051912153,0,93.96291051464151
17.114674767785726,63.51028493311952,1.102901170980823,40.455552775740934,14.884914038309784,12.831278117416367,0,79.68827330029012
28.892383319426948,60.91359648603692,12.938114002447701,9.285661596549177,13.4412047541267,23.146366595600384,0,83.40242536101175
35.14428853906784,35.68110493275087,43.65236607388845,0.049617834634804424,7.3059482055144125,23.64796590784108,0,70.26159024932588
20.62933933978947,60.34404794366046,12.00099730154817,101.70432566188035,5.061708352007791,15.62028704254244,0,75.57226322951561
25.070361633411224,78.21593281070999,6.28182683061485,55.66515173162846,13.594317097703499,22.15079757671643,0,83.53493601388726
29.64553389355065,73.10884312718362,7.072421207593744,5.209328142203748,7.725496659474333,25.74496721271677,0,84.75024020974949
34.26421317213742,74.28624754082016,5.276227246088439,54.54297611140066,4.923728633268593,30.286251226104962,0,74.83696904890206
25.758876918499254,59.367365290407506,7.940952792328614,47.2920707973984,7.83511867378892,20.090068883322388,0,88.55350697451597
24.538748353670517,55.15854145991538,7.173498882261941,32.061589254974315,14.581894136816652,18.378773988003108,0,85.91462123643737
18.155384287919585,84.03883507847931,3.7703251924392562,27.172442609979967,11.486435473799865,16.240548711205722,0,85.92960438499101
28.51719064654053,57.54024280463496,28.397772561501995,109.04925109287062,1.2541859907095905,22.269246580188934,0,71.07425674277533
38.21038020071872,69.41123058189821,2.248529869730098,14.061680089914491,12.30119471613959,33.13697082724842,0,73.66371257655769
29.38679230982338,67.45002021016307,13.126921982980717,25.4006505613608,14.977592885814797,24.62861300779696,0,78.96102347873986
27.888605104081435,86.92575524385677,6.814426426016157,19.957907906897685,9.431865327403852,26.101041526785096,0,82.3014785969899
29.61041155383493,79.5711853650854,33.80691786309514,73.74557585121711,14.954014280614249,26.691373063068138,0,60.7002524618571
27.94453998025699,45.57112068999319,9.705489753613701,124.1246619599032,12.96585495499015,19.77393259980483,0,78.0737361752467
23.93492813869935,47.1867024983744,5.540449143203578,94.7832850568751,7.129676432159809,16.65472794447678,0,80.35698002870593
32.116399578388524,73.68364727103702,6.060754160420675,79.90114815365668,12.597514070967131,28.161804725288594,0,72.53762965950206
29.12880761555877,64.0349352893125,7.628760304458947,216.33885200496542,3.4663851539402133,23.85594968740006,0,67.61234839819383
28.088066259668288,58.17242324069354,2.9617118948143286,59.72498256823543,6.1099554381672325,21.98825942443719,0,87.5276048463911
23.12316986360875,80.23441825991706,4.000840163365076,69.52592174125319,4.323043380633843,20.558745704220534,0,88.76785472765006
34.517539659673794,67.81189073133366,1.7718865468376446,203.14967816668408,3.3894102927812995,29.42968596051711,0,63.524756538210006
31.32351372666555,65.78686080334165,3.53113193600049,0.350766771114463,12.589866881450828,26.14646473852128,0,84.78303795328944
25.23539581316349,76.69742961132575,7.9655435658087494,50.26270651862188,1.7006607487110497,22.097436348222192,0,87.27791612666313
33.009124268409685,59.373365075846536,9.394646816290496,67.15629023157831,13.168579503625974,26.589493385401372,0,74.31328098938621
25.512145808073964,88.5277847820883,1.516698971568037,124.94645761130043,0.4451081072737093,23.997524656923137,0,80.60234839860999
24.089982537444815,53.179285651504884,6.6208955321829706,107.64118912603679,3.85340989593748,17.69175390296114,0,81.17859421043406
24.201484412598564,74.85393599513132,11.596785650955319,92.24557119816305,13.828902697401373,20.86232212251957,0,79.07393263845955
19.144657234559546,86.50749257989767,6.486157205771584,145.74566746076286,10.356156987295073,17.50152904833799,0,74.98259589444655
30.35771190209103,44.3405676609185,4.450289202435395,38.542377040936294,8.415464756971492,21.57229549878547,0,88.75701952751997
18.84427560830825,59.849972362213265,5.313608035875387,0.34720752426595314,19.13110239230567,13.95254211300081,0,81.86025426836837
21.857780843671186,82.13311089328337,4.794115920350379,0.5557976305157479,10.106165328879106,19.588213383385728,0,93.5609605755588
17.622059954607334,82.35866821596538,4.439827625982351,39.33324450792801,1.689863109947325,15.524638113371221,0,86.57043120295708
27.569651536045534,62.42756599417641,8.491441893146156,28.570575132725256,-8.27543257552053,22.187117971108254,0,92.37502210866552
27.24839769864064,53.97993359484711,46.812515022644995,30.0051650132591,-2.2076428545923505,20.57699835526513,0,73.46360940598468
26.36651893406818,79.33903733496143,4.075690036532606,25.575020670102212,6.411822040141688,23.547998020277166,0,87.94538187092716
22.787111526647116,82.75323653872407,5.72868433188505,124.88489090937718,10.3681944647012,20.56703972903259,0,80.3405443280038
22.1388312328168,47.53004977231408,7.089690230173757,22.24958079183568,8.600804620785304,15.182402662453772,0,84.13686592581512
30.32184931773287,46.941295265504294,4.2636109944764415,96.97596035209132,12.124512658931923,22.0229411495242,0,81.09468252362237
25.247240341457562,68.378850229754,17.789148611271752,116.58256962944161,18.599922651647017,20.9378390849805,0,71.84043588673354
29.581791607680724,74.44040950143338,1.1088148046870494,34.60756083472816,86.779062595062,25.888427448386157,0,58.22584114325042
23.573756569378887,60.513963721549175,4.8314791532812285,29.614261778616584,16.051913045308815,18.29367739307232,0,86.7127126533366
28.905313713855413,75.18940729973524,14.220022249779449,71.56889704367016,9.623477896295826,25.361934989158293,0,74.48237072157387
34.51639018658032,54.34795089743927,5.839963537775738,61.54519524491972,84.35734871570389,27.013044516066874,0,52.28681569395188
30.930829001963918,33.279596013893965,3.8317776462636814,19.914678006821788,10.157087367332752,19.805922844086087,0,92.4158318532042
25.937930908917597,58.64148391501106,10.512924484943493,5.4097891128794,3.9485544288481,20.14126790406865,0,92.6744721805213
29.285994851779638,65.94848219769652,15.257551919548384,15.384199192594597,18.368453486606697,24.300845915505658,0,78.25871741883896
26.796674127348936,60.862400601553155,8.745229539161878,7.022247863043658,15.632589468428517,21.248668218658498,0,87.84129495998411
28.03940092347364,47.620951045107724,3.892391351812995,17.45888987927727,11.730829105273905,20.207814069834658,0,92.08591786298915
26.371944739257483,37.76526536181774,10.643641326723436,15.178485127508285,8.84040797570491,17.101610271282574,0,85.86594357224301
27.178323970573043,57.28866793448153,5.356766669597001,50.765710657260335,95.0753140248854,21.03880569775835,0,58.99506571120948
29.060466765370876,78.46483657474616,13.411995666732107,154.4977835063178,1.5961018754467418,25.99940972611436,0,68.31307526834837
23.033206502090245,83.84296159120524,24.206159071918517,57.87732434296954,19.482914612431536,20.94870906677723,0,74.19181955876743
22.920605865050106,82.81570076207683,0.9190071241851118,130.62523522065123,6.1484323105455205,20.70438032056699,0,83.37192499814333
21.057287230843944,52.76135697277171,8.075654985353264,76.6544683603862,12.573201199905796,14.98772931138538,0,76.58725257172755
19.99864447748145,47.694405145544536,1.8430334908473052,65.07516975066495,10.877068209132057,13.387538698902343,0,79.02658492481935
21.913586538897604,72.44951922469843,52.113856248425904,26.727059750726625,1.6790852271448635,18.384192180775237,0,68.28695909616229
28.797312534020644,74.52650017396888,5.080960776617128,19.636909711985272,17.212890861262213,25.160266702419708,0,82.01779829977593
23.53606242254058,71.00254407800746,13.424730872600183,93.63027102446695,0.8094621747058,19.710871769147502,0,83.22109439007254
30.56807232115548,34.78905088643355,7.183211105951387,117.90131359813381,10.881063528193115,19.847134408811332,0,80.76194352436355
28.17356874376281,51.996731226748,3.8865906565326656,30.063279368807915,16.060533563589026,21.06054768195788,0,88.10604402405305
18.15747893280973,64.55466814571032,3.533742693033782,0.45522089534706917,15.644532979386113,13.907491262347278,0,83.83399913100729
31.274877921108448,72.30827291945641,26.273040528697653,78.63868159958702,15.95860151200848,27.1511390170984,0,62.95336921270871
32.05399322795855,76.5096104390373,15.875077841092647,16.77845106521051,10.151169013586678,28.55261277452374,0,74.17197380661813
23.030686625825734,67.1638028342306,34.98317633910369,0.4968537304061217,15.772951238045955,18.71910838911387,0,75.27973862839636
30.10095771447496,69.96175709807353,7.724234068243133,81.73485251110986,9.404570787863408,25.683720271026186,0,76.30396037894036
23.717508812954005,66.27298187541656,9.302988540668208,36.42982635021957,5.63108556445838,19.229547702171967,0,88.67281612641577
28.48835188374168,75.28429061327725,5.967014672488105,57.792595002804894,90.79976576957259,24.981273688997806,0,53.49873404012122
21.67750796522517,69.69298477236366,5.872815948746784,123.07307507636527,16.88939820909237,17.802637481319948,0,75.83044133693922
19.034467737327116,65.98606490070931,3.210704726519393,38.95419277750114,17.214700339189655,14.886365932088001,0,81.09054381072565
26.085914051935156,60.97446801293929,7.902729078080856,34.977790861614224,11.288648706055262,20.62460366187572,0,87.85106797996615
27.381355268625818,66.21937137563722,3.9298557646116636,17.171165466777673,-0.698137817767801,22.591664741442532,0,92.6631710647752
26.01160153192698,72.26887068258912,10.522619074007391,18.206118539575467,11.788775417134383,22.206014648430404,0,85.6794648306817
22.0798472088872,69.01213083347092,8.465576990669625,79.61480040719448,10.358156383880848,18.087002774684162,0,81.48351683134504
26.000504689344314,70.7123962751788,9.30122056355516,29.803677426316185,12.592564168013276,21.97244632168575,0,85.21283110372441
29.34647376290367,85.14082792026778,28.222060285547418,8.928004515850395,69.94290337620693,27.263996066081983,0,50.78587418111597
27.775534849387316,68.97745884119881,7.169426319531569,4.964988401948474,11.228925086905951,23.370331603962843,0,87.12031556512645
28.91250515299607,55.265022192902634,13.536389834547373,32.020158051028005,13.534644925680846,22.247926972426832,0,82.14635051042299
24.649423997728835,78.25410178991254,38.13786311747292,31.27022338077025,12.531817355310313,21.753934031985857,0,70.99587260343762
33.8585895735808,44.50702493496624,21.016201818726664,52.98760291905755,2.2595580515375344,24.527383287571094,0,76.64887785019509
22.119133317226098,48.77879928891069,18.5883633532461,31.844720621706244,3.5356313389773515,15.346164449112909,0,79.36204915521657
30.437801485433592,70.03770897080103,5.781420580061037,7.7436297584347225,14.790176343144147,26.009436131977715,0,82.39071375511139
33.909455464799805,72.74595001679869,8.8792264742498,35.44380010357191,16.23748361784137,29.696372811472312,0,72.05895299602898
30.40454046374448,46.32423164744007,2.573788573121952,118.6446935771515,12.066127248430178,21.979764649440163,0,79.85694696542024
26.98737886467585,59.25773778519875,11.013607136869469,8.684431099184659,79.71919359896654,21.17428738918083,0,65.29025770488671
25.358514766685104,55.90874251670512,9.203355465693507,58.51959069208475,14.686125868333072,19.214115233406563,0,83.47216075861026
33.18043825523128,57.69985515677605,7.528592460665953,45.05277707147684,7.536985644488399,26.446222148769287,0,79.54876429120262
20.885125373691636,79.15396664409418,16.80633385598935,69.03266046130186,17.82551702787122,18.271831904005083,0,76.15947587259235
23.14937869810178,75.59758195320879,2.811674299594735,8.161269150488362,7.89822336711737,19.96663019283031,0,95.0952401020268
26.01221117254139,64.71316730219439,27.32741145200455,142.02653893502367,13.620471012530466,21.111871193455254,0,65.92567658613567
34.18826878755999,56.81057109327608,15.201768204838958,48.50652483667462,7.226665627059658,27.18089531585978,0,74.36823189777017
29.89883818020448,44.75525494669789,6.9830991063338885,93.88912089715792,10.643818681742165,21.266026797742924,0,81.67255859992216
23.159771207448774,86.30277408172924,6.560168769913918,14.158398065330896,9.135367084992966,21.39587027036715,0,90.1651480412949
26.448461473075483,73.88170850427377,10.85351479968201,67.24090379913022,9.317214453984322,22.848206246830525,0,80.47110469867208
24.92838427951853,54.399963438902894,24.94518919202943,75.94118807164514,2.5691886269669197,18.60795220734987,0,76.9888186988566
24.451055038832326,75.79399246437337,8.014770685237789,25.32800938325026,6.489682188223441,21.22757332898949,0,89.45522632949736
32.89444779278389,63.94664569138062,8.29144882428501,24.22163774012283,9.34792586591444,27.276988096940862,0,79.40065437979577
21.141284353682472,60.69335742706485,7.49693883657305,53.61745014945352,19.22900660185966,16.127219789052354,0,78.6709463830601
36.04390427867187,71.52817292434403,30.7416769757802,4.903120683198071,11.986331678107488,31.4917596518026,0,62.905766073383695
32.14114845092311,53.87752625130913,5.50079989792709,66.51917574397328,3.4530302728336135,24.844650672364743,0,82.17969637714748
33.45430835301849,59.84365220734835,7.216672117592812,2.191678312647174,11.089790878187019,27.071783440849394,0,81.86822398926911
25.68530243987371,66.82191596299319,23.825311486953897,10.572503190555496,5.65435378751035,21.119116536003375,0,83.46663453762565
27.250296404604452,57.5082321067218,8.31123876449218,54.55360297525215,1.7013231930921453,21.13717680062662,0,88.11614738825806
20.83424092737644,75.03627815401286,18.350321376196845,5.174982800578059,9.179141905231779,17.700509422413884,0,83.798391197054
25.376687964665983,93.0359975551739,3.5643294887429033,178.49635108216822,4.613055180505316,24.47953832974642,0,72.11120759262366
30.468274238215756,53.68552801089286,6.269934968225548,101.39797285123673,2.5896336225878693,23.346689854679674,0,80.84198924121475
34.48031530890698,40.023120555439334,24.228926536012022,49.21540919491429,15.662115549944478,24.09669471731378,0,71.59824855321706
22.464215915987744,34.97389748785608,4.301346991096435,85.47878663733212,21.0259365007955,13.519627756686521,0,72.57224397548319
26.17247031507367,62.742977877575264,6.546697789109681,109.27569268114618,13.478598504225381,20.966738127225252,0,79.85610847841753
27.24350389883739,55.052531148107256,9.073410240665943,15.019838102483696,1.557038996862964,20.74376601142653,0,92.32664905332454
21.021053989037576,68.11790751600621,3.3490488682731128,94.66024558956919,10.211248022134175,16.98833382637391,0,80.938202405756
30.956746208792,66.98896508039152,5.306603057915006,10.832843248753353,17.549898052077445,26.004290314347628,0,81.40701265728657
24.380048341286955,40.951747300788554,8.085799261412024,26.665685135742766,4.1981327446600005,16.0369344355723,0,85.94655592752483
27.02304824411488,37.77674255777891,7.67022068403434,40.851648525346725,11.498980857864648,17.625392253911343,0,84.68481956702695
25.74025314044061,69.43899860519143,20.579215634256755,62.56911464129704,10.218263671514805,21.54706188152405,0,77.7268000059509
24.053307471401627,67.03143252079936,25.359813003575713,1.5302453236015388,7.65669745260101,19.644250248494433,0,84.0812118543933
27.964775072597227,58.61273002450173,3.7252430662948828,17.16040246234569,3.141192923560654,21.948056434892077,0,92.45218926042632
26.92195210715989,40.142846223015425,8.076953952135206,46.89092734438788,16.441052355330417,17.972218021713665,0,82.75040653695396
26.140710588606673,72.07086894147486,12.672048301545688,22.109204633412656,4.430778112994915,22.29875567618542,0,86.52799583394278
24.357691891598286,84.07849318135915,24.855473072021596,74.58831206659113,17.762401868925366,22.26527928477558,0,70.7947127071916
29.597623353914777,69.16973660328384,13.12858925124121,52.727688074442135,7.056475832216151,25.091882981586423,0,78.17295348381683
36.26808634246142,52.28789164152403,9.32529612701451,13.354866882420147,6.876429165733625,28.14468429791491,0,79.49269574613382
28.699436164195635,65.66828248356727,12.594170215603532,7.887046329073642,14.951931183056764,23.71848553834415,0,82.35250489075572
32.98059107455565,44.50828878599472,12.667188498617996,49.583994587411425,11.663103923905194,23.794336353436258,0,79.12880045382707
21.048890374232688,80.86941070758189,3.51777457328018,29.934352433996537,14.909109722193019,18.64671467031352,0,88.24804623469953
28.78880719646885,66.22766501794308,8.621327145373494,9.253689501862098,14.08843156527277,23.887340034821865,0,84.23681356980332
22.513158405144665,38.47764632370152,23.743974555135548,19.754026150997657,7.922258642786781,14.12300049679271,0,74.69635797159259
20.615375362340494,60.48988459334476,6.259589357048509,18.051847061466546,8.798715800827889,15.62677847234313,0,85.57228305690116
24.30314296270482,71.94952265351347,8.195271274086334,5.721855420053775,14.756663030552724,20.558752152238505,0,89.57316291574278
33.959496672067864,60.004285685367165,6.08597437132616,39.58311665953704,10.641695136014691,27.55411017789461,0,78.12030416953641
32.75007914334823,60.861564178397394,1.1605713227872916,72.12178709127025,10.556104577417138,26.61619247465813,0,78.76454539168643
29.215023610272,46.63396689429092,7.511777647202792,42.83826379631418,7.421829829598364,21.031495638861415,0,87.93909806194227
20.336497200550347,73.49811480622485,9.406806702552064,87.51879472313286,6.473358345286663,17.03572858314843,0,79.94052393603778
27.018596743060314,55.27296199971294,4.903774855963721,6.8235596067819815,10.166050899426864,20.580621271529175,0,92.60614107090389
29.50850004450868,32.65331934492451,2.9337763238034826,28.60065344156208,7.6458481174810915,18.570778753495212,0,90.98059858502451
28.87768114789299,59.43113943994409,3.652876108273633,47.005496456332715,12.382920734916965,22.895717463464877,0,85.00179586006027
18.78103208259627,79.7172457335553,13.617423233367976,56.35082904616746,3.862378786808044,16.324762707431507,0,80.75588994424385
23.54841075990064,59.19605830100079,35.80257500870781,59.50124425627364,9.092880694409503,18.084524402244238,0,70.24441444191525
27.679611179256415,91.0697747768528,22.330348504177532,65.27544454774494,97.6351304283315,26.485755783909294,0,40.0336041411623
30.68145454758595,71.43451922822776,2.520666110443634,52.69578346676372,13.486937393559675,26.456938711756425,0,79.28903473261394
17.019360894500267,70.08137243420549,14.639185158921565,4.948387921616599,11.588633506047984,13.512928263105067,0,78.59208318768583
27.189380122600706,63.074026011235865,4.346931089058895,59.42231132907631,4.7244918486665775,21.940564845580955,0,87.3986254379693
28.71524384939476,63.97570688353564,4.63755065132719,64.50970772333737,16.853479944524878,23.46931487220837,0,80.40845494551516
32.248059942581065,61.04864547320744,5.106016353541782,251.6435415782356,10.139832719893134,26.19561063181581,0,59.609277477717455
31.464287921187182,60.4659591187621,12.998754691146239,59.1044402198474,14.15275145165067,25.390134904557744,0,74.78739245838864
30.912856594044026,72.96300743100723,15.91723844977123,58.0505184295106,10.546684517986728,26.914396051834128,0,72.34917334841656
24.00029746649033,50.96253155314152,6.831710920215036,36.16107467145628,7.936030778238541,17.283400893138236,0,86.24779481970803
18.459989314383463,48.86159256913611,6.9250370843065285,101.21847505010768,0.8086513280130543,12.229871551042638,0,74.49089083672891
26.034736214692995,48.15207423686934,10.712496900496436,287.77635082347444,17.848428404888786,18.59103889580958,0,57.80319867615578
33.0081591260428,95.68481821515732,11.639396939262054,75.48978153229261,16.422471887675663,32.45473610554795,0,62.475061922925896
34.96727263762216,72.9551435250587,18.9344036336364,47.40202026530679,8.882464698517449,30.72583792264435,0,66.74301770651212
31.552745511488926,69.56738302520218,2.644553969688499,4.112309804058822,9.341414586146268,26.972383698872022,0,84.69411162439307
30.14670411400867,49.13727994559853,7.5083960808643235,64.86641893127164,85.67187675493999,22.269797742880346,0,57.79717120047349
29.898198241929826,74.35013451012243,3.144266071377936,61.64632542371462,71.40710948579836,26.17348874360294,0,59.2006314779357
25.219406266196096,63.25142980320007,7.093977443938189,74.70915857992142,7.8988046256751145,20.175107480020884,0,86.0864993247824
27.3496985322319,68.21253411697624,6.166058209728334,6.651169706708347,3.154336688091517,22.861048651562953,0,90.9088353844234
36.34534762913165,50.350695262046656,7.117812441675174,53.02718408029088,5.738331607734451,27.823151203071117,0,77.4908713639485
23.287209971040618,67.40403286126364,3.896994790318527,17.529240962019095,93.19421207205271,18.988668156858967,0,63.71684338657638
36.07389395354926,58.64249692690275,2.248286038885537,71.41235878106312,13.636396879685798,29.199589123193444,0,73.38977179109882
26.38985922753971,53.51583264454718,1.3832696088585936,13.74645057868806,11.427430813440266,19.752098366798208,0,93.75272408341912
34.62716054547539,76.01159503710873,6.65292013672554,57.59727946276845,2.4317291276884117,30.916013794037656,0,73.72921491840776
20.96592495251231,41.934382872049966,5.2341220123774095,17.477373597093397,4.665700791688475,13.388141158991434,0,84.16217977535962
30.929521005823247,73.47164396471226,4.302730702162131,0.4517492827520013,7.3842812677923675,27.009929747907734,0,84.82713800951801
24.31614932026189,75.26729200329494,21.28576991334444,50.16845718822351,7.5065748803181025,21.02746213644352,0,80.29688449306744
20.923664040379062,51.80534486673139,3.715262928747755,6.010685294853521,9.286125234146533,14.74111173364668,0,86.55759252856194
29.092670212054728,52.695073083012986,22.953427361139184,53.83639630615177,19.35857312157919,21.976603767028717,0,73.72188333107908
33.04735894297984,61.654614781003964,27.087571201021024,129.9213169626188,-0.2657725492375267,27.022002452077164,0,63.019669874857705
23.775292807032518,69.23054315693331,1.5515890922667874,174.08665363462273,-0.6272679897207141,19.691309866473777,0,81.5615942200219
20.504920197707996,62.707175122786616,7.955831383973285,13.454341192272453,20.007878725648744,15.815165688863242,0,81.7301058135314
27.540776178325224,71.50343690287819,5.366858925624818,82.84042649014786,13.420419893880581,23.527831728709856,0,79.26730699714783
27.562823356114095,91.44469478806099,0.7193241734429637,21.81322461606618,93.9266441893555,26.423436307126853,0,56.514979594529784
30.741598137772492,57.38424846275429,2.3263185522732246,115.35831490940458,-0.4684872506505027,24.22165364975982,0,81.1246911751667
32.74797285682244,39.27230043944869,13.735021510943458,77.43821015097673,15.031203736558183,22.530666610384753,0,76.58226706833408
27.70292409363753,77.3888537454598,37.164700599659554,3.839825432488248,96.01917830641382,24.54509710390247,0,42.209628732263084
37.27751657397131,90.24971863891295,15.212881166828732,26.13959625080271,7.272231097942364,35.82881940637151,0,63.612293649300646
29.12117372267646,70.89152544576686,9.572610789320255,20.57298896568419,9.094452187977453,24.913682913309344,0,82.7543872761483
26.267867469965502,48.683769869694984,7.26402508551286,76.89797811758369,68.26102071651212,18.875953590847804,0,64.2384464595862
19.94216320448586,63.14161455147199,28.392650649154245,26.40585573580978,4.081911684018021,15.359514962395991,0,74.84172431742988
26.68670239841916,48.22214773682552,41.206308417591515,57.693840949749564,10.237573173806442,19.15789798748184,0,68.95178428618323
26.31806527294432,74.64283240944421,4.620605958681219,46.11987395666688,8.192433864465663,22.834171519714467,0,86.09564105726578
32.80152398140735,44.73064395952348,1.4918407374563272,185.73801276619471,7.775148985064363,23.688867004907642,0,72.5552615189361
30.31241812033427,60.498068197577,1.3791260885226992,138.85792282072148,8.236722565679624,24.358502938393823,0,76.1413160775159
22.103154391836913,49.9349326055914,21.274406845704114,27.90455508266334,93.02501153693369,15.498273609821517,0,48.81141430463599
28.86127193205519,66.90237027702443,7.116052641351945,64.29136805556757,2.9716159614799906,24.058574316081454,0,82.93443674581843
31.357655858645266,59.50487484293363,8.555664073622912,88.43929783743057,9.136983761915888,25.131585292730115,0,76.13519898637836
35.640156796939166,67.65143154875396,1.7638152272380752,114.57521257645628,12.006412080886026,30.439631568098495,0,67.99898641629224
32.4375198370703,65.33525832449548,4.0448678085618015,3.5283267260087348,12.435044839040776,27.093811791010666,0,82.8390007902553
31.80423327155739,50.20011458413835,5.833489415693199,17.982453776731244,9.374125398525688,23.8847469030619,0,86.3331810937122
28.30042997307582,74.40315595293532,8.725682658513907,19.300041679438696,17.503304247300154,24.672400180510447,0,80.86411948293346
29.941560027117248,64.26851522235327,5.371602971269721,28.497470550840404,86.16414227890674,24.63503523424667,0,58.79051784827552
34.24752450353079,50.17206488201149,3.2224406599094393,9.272206390343483,8.90128125989093,25.981910775824694,0,85.52159911397692
21.33611301260175,98.61389834308689,3.9445954673839054,34.27937931653204,10.557571121269406,21.179688809665127,0,89.31104074640069
26.25280336391522,72.14645250075687,19.426898546665004,54.4154268501761,10.584384849592832,22.414746983683564,0,77.69475928292692
24.137156256218795,62.70109169901042,8.987436841784685,34.39444350856187,11.481259659449826,19.112456963810807,0,86.90843612081774
29.89576559363062,86.22806790052735,12.05796509813608,54.79975011724563,13.812552903819984,27.959978274600115,0,71.9468907260339
34.15111087825394,92.6272341407991,3.5998815829574844,3.43758958912317,8.291673581901208,33.11966875325862,0,75.41290592575393
25.01512856639463,62.81975866529172,0.6955455423428802,104.36857774727666,10.325841705416009,19.9268287276166,0,85.66366531038712
16.04847816265281,70.21096229652143,4.862324202154319,139.9008177674543,10.7317046187459,12.62296322703789,0,68.93596608981895
25.93889627487765,50.17995772995589,3.694124396371849,48.104617724864305,-4.470925287857918,18.833966580411484,0,93.08373432923085
32.567368660087034,62.792108738479826,9.768958073805036,106.59614492382067,16.72592327673149,26.782480695370673,0,68.70687766874892
30.688149514749398,62.01406169360195,102.36849210241786,7.046276911788331,11.741431238334092,24.94768428903964,0,36.775789411274744
30.140931239052883,67.77240550432481,12.885888708971486,79.83815888538061,12.29813018607934,25.3761909606777,0,73.40957658726654
26.600033490627602,69.99140717955515,65.94150937485439,6.3432938860006445,3.4442808910651195,22.42718009302882,0,61.60605215407447
21.604846318901068,73.3974267324209,11.64661705469484,26.21329635912556,9.62585728340401,18.2174277617148,0,85.67288438484422
30.576471608122336,68.56463984449938,4.46420438830653,19.564689948009605,9.858167477852023,25.90512311563637,0,83.66768831164055
23.828590949826875,46.83886060056253,9.76039491780939,44.04519307234081,13.42246512348448,16.51128684967934,0,81.00805846721875
38.920483666902285,50.922993413883724,30.707621453041188,17.942045486036207,11.354941073436,30.162542729432058,0,63.823190272915696
30.85253604177258,56.8038857080449,31.933323138563566,50.71084058741137,12.996138153321946,24.22134820283509,0,68.29818601661714
25.096758487230247,60.76639112115157,4.6633314939110395,22.894843764338773,88.28678242348083,19.701940597195104,0,65.50283329790966
24.94307376305686,80.7616143570817,9.048029114209209,98.58872158382982,8.609328308550914,22.379461709186007,0,79.1781446178831
27.535278966932058,47.5559151972063,2.355107787978169,50.24023097424367,17.388464365160765,19.76860141244171,0,87.65517033886219
26.80249038989125,59.6387742774395,14.292499651222336,12.122581500227842,77.76211210886119,21.06706842074293,0,64.12018535696458
33.58416887764977,79.29514247321075,25.60234014558759,20.483403059827648,7.8767833554204465,30.457389574438242,0,66.83881080775926
28.932080848720233,60.50183788255082,7.6281058434651134,94.00360238939294,10.070398992322922,23.11634792897878,0,78.75426528175234
24.341841305457358,71.90623474764236,4.33227477609457,24.42710040102479,11.033298492472456,20.589044463814073,0,90.82981971197164
37.45220342577891,62.906869356081444,9.856240038222573,38.37188860721773,101.63031378211848,31.24073932494584,0,40.496810872042026
28.246541657601114,68.85174885987084,10.318797429255168,52.34018222800946,2.057484317959137,23.788562661293646,0,83.23791096464461
31.844198379844485,61.57291184285689,7.884628192101472,21.370940558814667,14.929258895007528,25.92007486735799,0,80.06405991536164
24.958867462776205,75.00598209092531,8.524736379526608,17.40548869494506,10.147163502099964,21.59984742081771,0,88.21492397548231
29.815578138722618,41.82415388890347,6.42983013048496,32.24213315374869,21.230940067791327,20.64887161726682,0,85.51058417088531
29.555549955715975,59.55031987417183,16.391516961834274,12.095997239340143,8.38368870306255,23.522893341140055,0,82.51573888241792
18.551753539519236,69.44859015041462,13.316208216187578,16.718463554538815,17.801834087524405,14.86406576828411,0,78.03220349303703
38.076375552303205,73.0054287200929,3.365301245551012,3.204450257626349,7.61950765278577,33.65850196718928,0,74.96931551641602
34.45322230461274,87.39428934130741,3.2921061182054587,18.11814563107111,9.852609424890314,32.59338074791698,0,74.36785811428459
26.01402341927006,59.134629997016354,6.028513520756194,19.33492243292153,11.241127537051709,20.283698065864716,0,90.8796613851821
22.488651297720722,87.19222642791308,13.322704689732639,163.28941840094416,11.144246040479537,20.85642011328881,0,72.0103269649462
29.73780806901776,55.11464260010494,8.318200381302852,44.54684683052489,10.43812577584982,22.949698135991955,0,83.48229266369154
28.433488497071984,84.92969617316966,4.417083655625014,77.41300757332108,6.5009252817101295,26.344812384162694,0,78.36596374470797
29.778344742816145,77.26200690047558,9.108562246717227,2.321952281764716,17.129551661606804,26.50369460653441,0,79.74813118479437
28.957886980970446,51.29812130551666,5.670921260698138,5.632500624943895,11.533463498067068,21.62284274952614,0,90.32253735017831
30.53120494652963,69.60558855877733,14.945184907310546,84.24498333603321,10.001524821311449,26.02817401517472,0,71.72680658287551
35.23652849695903,64.23146246701712,9.645068496100613,48.84844228809301,-3.4513781567676745,29.4641170398893,0,77.24690534889567
30.840516025643232,74.38376890512501,5.741826986611511,10.59670751149551,4.226907162311367,27.068686960574784,0,84.05741626057873
22.751722505450296,61.65092617350036,8.89256040514978,25.94250384233852,10.285269184126818,17.710275056530914,0,86.09645893661202
34.81281426356226,60.39130661507403,21.158430845899662,38.68235380107047,87.81210529955878,28.390996142151,0,43.695353217197024
36.20307281744144,85.53641874144277,4.684672169565139,92.77006494965771,80.8498619820343,34.00213196869035,0,40.427505473204704
43.760283672560426,63.5191865831649,10.197326573695108,3.1156894415748595,12.956706605863527,37.099962942154235,0,64.62092115380909
22.38252983380201,77.3963348628765,6.984069205426757,45.40649230459814,7.154151111596054,19.475858779811027,0,88.79638729934466
29.214410065751373,61.619727724337004,10.397724114858594,63.12176603985408,13.346262820630809,23.549992194253033,0,78.71521877366214
17.589506484055065,89.99994888841285,4.376932106755219,190.5904658983668,7.718829976957528,16.39541336035504,0,70.77266407166576
30.765745781896044,54.8249805599676,8.070927007701343,82.29474277201805,7.15597291417346,23.804704308716,0,79.64268145114903
25.258998509166137,55.78784703129223,17.926115676820235,16.163895245390943,5.211083215485164,19.107990267483174,0,86.3455102997805
37.617228974124764,87.86775771673854,3.4917198726104246,61.821217608663574,8.11469591408978,35.76901560133459,0,65.71359626279663
24.12692514990709,58.32580413657121,2.550975709953487,72.04341680076676,1.2810817662730294,18.477239354775175,0,88.809002241685
19.554084810163694,89.0161145924659,2.6296100057589413,65.41770847880744,14.156821272379947,18.209623999195742,0,84.73891972390675
25.6436812964874,78.37760869392218,2.8964040239925177,85.7799563037703,14.275008173551111,22.72106128567936,0,81.13387437125729
18.12256114391431,62.6802544015875,11.896671205009977,117.02991440562978,-1.5100609006759935,13.648639662300774,0,73.32498608394187
31.75549727253655,37.80059791974262,2.3996244628728727,5.180872283775404,12.788694144661855,21.422289544788427,0,91.88576817478277
17.674584768718397,64.71022543592247,5.822232179479012,5.5333874671106225,92.69206347497548,13.484573838218612,0,55.86505142921886
28.142287905915794,66.52445080300137,12.11726678776285,79.57989695758863,9.23278816342243,23.338096565957564,0,77.89863600694923
17.610940900719015,82.5082659995656,10.312195752512068,14.542519414826968,16.04639769444497,15.53154490683034,0,81.33816831102513
26.39851097731679,88.82670764360168,5.427902698855619,3.016246377560278,19.9897410225645,24.909094765699262,0,82.95753485674577
36.21689077902267,54.72519231284379,8.608404430424319,25.643818002833434,1.9381594095475805,28.578482587004583,0,79.61763896748177
29.803239457178975,77.01772645982274,8.050355595348327,85.70574193020073,10.037159012198336,26.490358921440667,0,74.32298995641199
23.68253197517533,76.48103234020024,6.175607359935118,6.76607963607413,16.213482396366842,20.591365946126515,0,89.94404530511298
27.84398255530458,81.10119053615668,6.2421971331364405,55.71299966720237,9.271513001392227,25.219474968004487,0,80.3878846809074
28.09008436022223,72.48034868203317,44.18308165423589,0.18112074005391096,15.396388463732631,24.187939759588293,0,66.47630797158334
30.36315172921703,35.862534635573454,14.117973799441222,5.8119428314370465,10.128524410139535,19.91031752020939,0,88.84912029406992
21.165708183595868,62.668663512083604,53.75951819400855,21.604599841203722,21.804410859064834,16.410109269999225,0,58.30680787085258
30.962836369236655,47.66438637624627,4.965080414617692,4.365240876013514,13.901112373007178,22.699051633380474,0,88.39865413068337
14.478041841986125,61.96091340622889,6.9034875261835165,93.50821786010192,9.902617673493273,10.261285202776358,0,69.2884896972315
24.850577238180946,79.70006354200841,2.5454294738736327,99.78094665730264,15.015685016527827,22.144886585272882,0,80.52663238058099
25.558630787742278,69.57726253812459,3.8664878331543036,70.44145930586618,5.104097818612003,21.39794574071865,0,87.22432560222092
31.166634130356194,82.2213629959615,33.83617576116033,13.885242635670627,13.60363619148034,28.59063597089312,0,64.27288850235297
28.113154263384345,70.1263088107031,4.8664881999303935,37.03784498663797,5.950415716054092,23.85698580521305,0,86.09402078820007
20.972184730718567,45.52511090496646,34.309594569538575,10.178599344580103,11.55814411862365,13.909284346132786,0,68.838554593764
23.075034370914924,27.187294901408983,2.732754818564709,16.514063518220404,7.307367732157607,12.62465925909995,0,83.483415883493
28.993400047737033,67.23213142519386,3.1810927592308973,36.28406532843273,15.38936538282401,24.231521311494898,0,83.3039766593576
27.60466329067722,61.79110300473252,5.623841791641702,66.40387808763947,15.69319474843567,22.120815873294305,0,82.13540256932852
25.104379451821266,50.34581390927177,7.021662846135251,4.971925403498696,80.6181888080265,18.141608035335576,0,66.33165848691036
25.595831052440104,39.49059125522933,15.463305559117275,17.598352007056693,8.859476577742416,16.7807423534687,0,82.72646669069127
31.480839985796443,53.978851797909364,10.597481025239416,130.60611190729787,11.699394906574543,24.284411052438827,0,71.31423341580074
25.411537135653926,62.08262772702836,5.295978686238303,28.029103037248454,6.339456126558147,20.179085043857796,0,92.16732074518326
27.559543779854632,74.98816735559585,6.64156318218575,139.73736002875694,3.627448953475364,24.05827900635615,0,75.40891424533876
38.849682940402715,67.8294662235197,5.724468256536286,237.80280244420027,82.85671933855086,33.439042699996165,0,25.580015131133962
20.881586815580384,89.12100870759093,3.5547225376896905,37.39704826410387,5.038651434360026,19.52734533585724,0,92.09440143041061
18.740786342126707,49.465939159319085,3.6314414049659676,16.986959048807357,88.47410477695102,12.547941324706592,0,55.816127120712494
31.917948323993034,78.2158833808615,16.815601448911067,78.21768476259857,13.040463119835344,28.69185442195405,0,66.38582812640843
24.606784693529484,65.70948114693091,1.7116675275425743,8.67665853339439,6.600166525339874,19.967747378843757,0,96.02806594270828
26.4088123612869,75.42003686177877,26.947403778259197,14.520747479522822,10.253536269318372,23.031157683673385,0,77.10964141430192
24.09421810934443,58.45227705101685,5.61591549553084,76.8279423161427,7.910882405953094,18.466296434751232,0,84.57173187076279
26.700999296162436,81.07520560835884,3.9828319635100806,28.42679108454171,7.853280747526429,24.11516141936216,0,86.37540253157208
35.992690560481705,69.42837137517864,13.353886052435188,11.253391138607375,15.40177900636822,31.07813332275384,0,70.44659154033484
32.0106422930906,54.80832522623376,24.244099478879615,52.65218612133017,13.698612432437137,24.896380172947268,0,70.70195724486057
32.311117559434884,64.81963956630217,18.06734117125993,65.98075565776176,13.733424280473397,26.89160226899511,0,69.45304235161007
20.918864721036773,61.406662115943504,11.03952085937191,6.680640622698155,13.106280471017646,16.020590017296474,0,83.47430037698305
22.244231317235652,72.33767525956691,17.628039571338768,16.215937712842862,80.1366612275698,18.679887223488226,0,60.87199686908873
13.804606702572865,47.303348759382374,1.8716154562512788,12.504978314448008,17.102004615649278,8.081369609936996,0,74.23508065011862
23.95309589458623,64.55972446826458,4.867281495748594,23.89006793443762,6.438994875746863,19.206784265290768,0,91.84119723136914
32.78351593192829,70.92960878973996,3.564643154636674,72.07870492559921,20.368320877168777,28.341466794055062,0,71.70816744664955
30.584732578741853,65.49534960789549,19.68212739206568,62.537168361188286,16.15847150217003,25.42105524614501,0,70.3874794312408
26.892433685239382,85.20411866583493,5.436946427856102,54.31303083802822,4.275458711805117,24.88452167832229,0,83.09828828085065
27.888498581409735,76.61034161106579,14.531595014304411,0.3152691540424892,6.077790406293768,24.60793761512616,0,83.76483901932305
24.55557228712297,64.8877880488888,11.343961251243895,7.665911267871698,10.63994181838632,19.804214662161883,0,89.72110296803827
29.02379441200892,68.2503364624651,3.706746178910063,12.634897401718472,8.64919946693913,24.41712231261629,0,87.37438721246897
31.829391397403075,69.43498327223,4.620178921859526,15.869679078955755,11.100549118968319,27.208244278927747,0,81.59039317312693
19.920566062947636,71.04949406250236,20.802104358088666,7.916183662800702,93.43150372596492,16.33770202127509,0,52.17004791126659
29.49823843918674,37.61513006503088,3.973367138928421,26.408385908157655,12.983476904552422,19.576763727307753,0,90.40979779583084
32.662174354773335,60.477105563459794,8.165305064256568,3.9078393785590833,7.388200370729425,26.470414712612435,0,83.35820800418735
25.924498555183153,42.73341397709861,3.950993123328375,69.31915633052765,8.349159687465846,17.603660039257537,0,84.71502463501407
31.503503060602917,84.17421421189229,5.747921150916881,77.49264148959136,17.913095218670257,29.215618451061946,0,69.58231585943275
42.07327222236276,64.08725719995608,7.121158656394362,42.69710803397833,5.4793057844926,35.6779414241452,0,66.82636247068965
27.47828603506554,62.099885754805655,3.949965290905954,4.699321055288768,17.820070091059065,22.053940089303147,0,88.53415175137707
29.966535250026617,78.45195998049853,3.426853306704994,110.40156429781022,14.696815320357862,26.863580051198443,0,72.05210839994953
24.309714581693044,71.33487196174812,9.290744312994274,168.53703947934991,11.737627470133555,20.479930972240155,0,73.86848494716313
28.90625581301025,48.07048228431189,3.75921467654914,11.305118736018777,15.88318774308372,21.02270002332246,0,90.16143483877862
30.30135812491152,63.93641956208947,3.863115396320509,60.97798581742483,15.7711740244988,24.90995388856266,0,79.34865487908701
28.97421170135069,59.97249540160423,3.4860088472721387,92.23859538565368,16.354061148284565,23.069365827903447,0,78.97773357984855
22.901523401455716,38.83200667090919,6.942580691314493,38.80943394788572,13.355856795258042,14.492384815370375,0,79.93439121752374
29.031808856627254,54.645856501441926,15.720432628508783,19.52806859383414,5.115340894547183,22.250275395261276,0,85.10645010195455
35.31097969358818,62.24689516975302,24.66099656312982,32.55792998602352,81.79154105664902,29.176238691815183,0,43.385503663226956
30.243178822572638,63.27573602762236,4.134082969986885,35.89953718254485,81.46540229713716,24.74995895773182,0,60.06293226110862
32.80993594535921,42.76652864484037,41.27465514298671,25.59439640624495,7.609266386468608,23.30268149142749,0,69.31278842191804
26.814940149936863,82.27498374571213,3.3076438609478043,132.850623682471,20.96962575902222,24.395128733632625,0,71.47854734782265
31.74950119711855,63.468454116628415,17.581352418222224,68.10606704154078,4.927891883582075,26.15281586646226,0,73.52686265918072
29.396339191082628,65.56329614990844,4.148068635119506,13.807550060239477,5.20339617390515,24.34162956266938,0,88.29830094111051
23.24544635156384,71.00962457509755,3.6812831891445525,44.04101404605864,7.836527696958635,19.44022041975198,0,90.30341173146363
29.592605023994373,53.178856191444936,4.072247566085771,58.34816756471663,11.188182015053723,22.494510213878474,0,84.65790013464984
23.04151668279845,71.84533959699044,7.085439050776381,7.550239598897254,5.877883556683266,19.362064911765625,0,92.7860593634761
24.83559862557604,59.49388030972725,11.751462921843705,22.19151726991607,8.511787320017518,19.281031843899644,0,87.98940213793017
28.946641536461872,51.551216890292125,12.62772041447888,117.98332457441371,4.212775238170221,21.656113767192405,0,77.99937827180717
29.48622136690062,73.60171240033098,3.4722819063306516,41.87087001948019,0.9225904334034389,25.670355039227218,0,85.26370934157802
22.053837674614353,87.37510788202712,3.3476967430689695,12.230985220036745,109.75064639169304,20.454618930350158,0,59.83757591370559
33.26992885591438,75.87244060228747,3.549082237120186,6.550146629151933,77.39318260114098,29.60527395782982,0,57.364805748066324
30.860031391502364,78.84466347710647,6.759280693400308,36.51410045558156,79.93112650132777,27.778059452825477,0,54.65815159472755
24.47635782194558,57.19054090156551,6.245589387631369,39.66890188641018,12.802646424352563,18.623209535902927,0,86.57758061328016
20.312076017754123,41.03570406247316,3.4551284355324143,20.354405074079693,16.801474964749552,12.721709907122271,0,79.71906848059271
27.275477104592845,87.35206283149762,9.167668081119194,49.768865354491254,10.800674484914362,25.56198374001902,0,78.49607898565796
25.770281430694197,95.8177233410714,45.152924315955765,3.557868807220663,18.775418028807685,25.250570590241065,0,62.933422399669226
28.565702285265115,88.14210160654522,4.934382954564363,7.8408603665496415,25.683430241611365,26.938909961112582,0,77.77921413052353
26.18441669422217,59.963210915303755,5.223619451014801,39.51306964387944,16.215517889241468,20.561420831220794,0,87.1895794335263
17.96271569627495,47.68048491906734,11.562062407210501,3.1904430419244463,6.236212515714469,11.655629969558369,0,79.3046319413017
26.058265308494207,49.0147595327065,4.725375206663023,106.3932699436553,14.227302664871836,18.75020103012109,0,80.38085272586065
26.471904444658435,39.74401148578927,12.618595828783596,7.666089449240578,9.961125277735125,17.535589159526793,0,85.90710178739596
31.168305123870294,63.389320723849316,4.158547416527628,56.030607139942944,18.5105396705082,25.6105243492302,0,77.7316991637272
24.50900162694475,89.08516937123682,31.9987130902655,24.813556286331746,7.253083080250249,23.087979132654517,0,74.46962476716888
36.39337336686283,62.87506052191635,9.735898964099759,25.523596611298288,4.658980842728415,30.272783220662024,0,75.61752241158445
18.441797246741217,69.53484350522412,4.499569118460689,72.38498921398676,9.42000636919707,14.772259472789106,0,79.53010360548895
34.55583748901312,85.63395446456313,4.613776137256188,34.60360135452293,73.22979611977306,32.41295471741422,0,51.20338767987393
26.878405145609477,58.938570322514,4.898652649587336,64.66852652714194,6.038729536126217,21.02754088523406,0,87.52959984926564
32.29792436171778,95.53297185079393,22.158024992035983,35.17919558835913,6.603548401861973,31.723102407212114,0,65.61723153370727
28.399007420293664,94.8814161124618,2.6778097258885665,44.9354772090698,13.367294378636112,27.741005130198285,0,78.1002749279726
33.697777680127345,63.03332991979276,4.330342610159686,71.504920684119,2.984307959555002,27.851231212935755,0,77.91272048725295
26.063190177235946,56.33698603971181,4.714635254043386,46.73657906300788,17.834894236849962,19.902380678760736,0,86.87763073920198
22.50689787411094,75.45857069585469,7.296900190937229,47.80554545404821,7.3905829314747775,19.339233004425495,0,88.11631722193988
35.10252143635532,59.78712586221713,5.948340338145652,77.84692025475253,7.010272676879332,28.54153745411298,0,74.09207406532268
27.432596770589296,47.65167174398995,2.241214115522413,148.88166838677398,72.8728492420115,19.69755244080784,0,59.24660501743599
29.107792368121054,84.2185798028447,5.366317145982707,23.637662614669306,5.404206707629989,26.896303475094783,0,82.80721771702288
34.17375957022398,83.2467108091562,6.823410727068515,43.033005286783016,0.15658930958306527,31.65961151758032,0,74.74338039488927
22.840223789527826,67.33267405645341,4.470595994927936,4.511180593007356,5.91629566938544,18.566229316144575,0,93.19082936099035
30.977454488196287,46.05702869407733,12.799682823930555,22.2209955153165,6.692729450246146,22.413171914213958,0,85.52739134843343
25.050526217685544,46.55710623173921,15.41786254861613,26.555602604348564,5.269861270051934,17.500154855073436,0,84.12912032451659
27.33915322177814,66.6084393262873,6.939922728372726,90.16245620933236,10.341969303183312,22.611296266760238,0,80.14952551367894
28.361394826921444,57.50193448242452,8.885611378993817,36.014861727257774,5.413966518324872,22.124490072450705,0,86.96431752299297
20.498890692765322,59.88360601787588,1.3114785988497957,65.66453353561495,80.57774473991847,15.442873730236244,0,59.08286969572848
24.105814785897827,80.32944732590005,5.27573381887882,0.9595181397266694,11.915951926886638,21.51558398701537,0,91.020821320436
34.7553644620657,75.99768976133836,16.508202084182948,31.227035017600645,11.767569922242128,31.035386428030296,0,68.14759250668897
32.43095594292398,85.6721402074642,5.265892955854016,115.79246634578442,12.532051706895686,30.34822666485071,0,66.08811632125325
27.686802113363825,50.14065164934114,4.096736408817771,12.700368147070284,12.84482192418167,20.33150631015374,0,91.90272820759293
29.215617292564467,59.85212646969932,45.70241498546045,1.6014851635542633,94.6268491705257,23.266812160683962,0,40.546142693046505
26.52878747181771,76.38472543190169,31.666576392228755,28.40585529767547,13.12560228169962,23.282865932894506,0,72.02662661420977
34.78291692913991,71.72117511519338,10.740911229974017,60.94278716800725,18.62209180304953,30.344002259454403,0,66.81189834468083
26.99823711102918,87.98570573881433,18.37752570863228,30.29927886987631,80.85044120867187,25.37987448973024,0,52.761350454543575
29.15921046067424,71.30805058856104,1.2451445973637958,30.807299003294613,5.735559780566245,25.012964659091587,0,86.8653975521625
33.73015072071033,92.72163656158328,3.935188749271577,55.4036007419773,2.548250962696013,32.71712487013126,0,72.56694125840426
24.113142575770468,73.10026702584712,5.07351413846634,14.677550268671094,5.740970009086651,20.53871139818254,0,93.27376413693037
35.79394592248447,80.93251171382991,6.117881771879731,69.69411214940429,12.529671529103759,32.84685157209738,0,66.52481336460572
20.347692951283115,60.147275798233146,4.99303920370378,8.309431608191819,16.386870192566114,15.34131838361667,0,84.22222474856522
36.14821065556399,65.21430817825984,0.9607692308758502,25.18841305567741,15.035572144908175,30.47394300947698,0,76.2780021831428
26.136622080240127,78.66416605759213,10.062540775568161,53.35685965114658,76.25158722766781,23.2325837044983,0,59.366972347797876
26.78650626087359,89.19467255889582,11.414943183608122,88.12042488448813,14.79353922480914,25.34171000268496,0,72.53674117411664
18.549949144085286,75.9385542396613,26.616172859658757,78.3982635611292,81.98154105847244,15.647544412066704,0,44.99622347933361
25.726026413111537,63.752423420980705,3.9328037274720504,63.950193328886925,13.92085086862238,20.70956190472601,0,85.93395232341214
22.80096734486558,85.66002544292513,3.683522420189532,22.243809884932986,11.332230378093211,20.961512673069247,0,90.714178665777
24.961768273132638,32.120320155801785,0.8658984948565268,6.5227673564276545,7.0431288830403105,14.962914602549109,0,89.01143629307253
27.3134451710556,43.6664824773969,5.842428390648154,12.22054391590233,8.469503033344576,18.91510390515878,0,91.40621959304234
32.78895807236453,75.22451335502583,15.193830006964703,100.06251272348435,16.871558103271195,29.044704348438234,0,63.20592450042146
29.038016757003128,65.21162534379687,4.5293829235343805,97.36153057053707,13.92923206578075,23.957845008167062,0,77.41931061366826
29.53838326700557,74.08270476686248,41.0485640524582,151.37234801746155,13.789615170056193,25.792910696417586,0,51.05257873737963
22.522403055772187,65.96611283647913,6.017814366583171,3.951546295876914,3.1826749190726904,18.088855129587603,0,92.66832924181124
23.596229551986347,73.56418541905809,8.31111543111669,38.48079835362842,19.543881366888677,20.115291081582345,0,85.30879870440907
36.993625091756556,52.78395768510214,2.483124225135995,52.30332285050208,77.04244922938591,28.875054919793808,0,54.534706812895784
24.323994826183768,73.55729129119536,9.297785710271674,62.00718732967633,9.43428731684512,20.80002020782588,0,84.80559566120934
36.28104126028648,79.91621792311376,1.5167109840458297,51.62202252929986,17.079553202463384,33.14563219858793,0,68.66780955634407
26.784694005595668,83.30825905896849,12.870763759381362,73.4862746299716,14.615766752525222,24.51212414692005,0,74.57588218609034
28.01143968071752,95.2033144197305,13.191102390542708,22.273089062595883,19.77331271731245,27.400564278628547,0,73.48518924142209
33.35182580114965,68.6614766525358,21.920738220806115,9.887971828419031,3.165304207089453,28.494411076630296,0,74.25411568944645
34.35946210969328,69.10866630270769,3.2674995375494804,11.444462070563048,4.031406088656365,29.50517000976374,0,81.62024697997123
27.44593719860456,42.15241303739228,8.40183130541958,0.602550605235137,10.504044271296864,18.758751102836555,0,90.37560785058923
26.058784732392304,57.02882898292363,11.600558546450587,21.56391132970887,12.419900809830953,20.004259577357296,0,87.89697329115756
27.720397757388934,62.10376888990081,10.525757102012586,4.811452890570922,17.76141454688357,22.27387499505553,0,84.92469215172547
29.689787641160592,80.75479328414532,3.697883318577571,19.392706741765025,6.589890925679743,26.94502872214936,0,83.59761427475075
32.45651843434878,55.83498313865556,1.090258133965136,49.47131538952916,8.367316983118357,25.471928073694603,0,83.51074162248315
28.02114929497076,76.94510029623248,9.752934728438609,112.44181718897161,19.819996179942173,24.783241097675397,0,70.09782387705638
31.094431490115767,64.9756742455493,6.540412633931329,91.5059283929291,9.848936366078583,25.803750659699304,0,75.59059606549961
36.1917986613547,62.34247827327857,4.695776678131616,14.562703017744733,12.353766207738932,29.992155143101197,0,77.08968657526161
29.906548061323925,68.73340953699885,13.614784406094127,7.1983191092891055,14.879073268012652,25.31050717840588,0,79.54732402907766
29.55826428002389,59.13265441620736,7.128240070149709,10.72605866654466,12.860388105024716,23.457105522806653,0,85.89081977905246
20.405445874549663,58.56444127861002,2.5718975114695417,176.99996378528326,9.130932435541398,15.186886563554253,0,70.75074056588781
14.846349315854683,39.42821141314828,1.5759183295210517,39.86702773356979,18.383176703184816,8.061687136709267,0,71.19014319921813
29.94187864615084,61.280686890081654,2.99465606294641,10.0753547740592,10.704554391934735,24.152645333659336,0,87.6979836933203
27.52587884359564,57.8004778077691,50.11948405662797,91.86279192138791,4.084846673410748,21.428340176787977,0,62.24985295656168
25.42608662542629,57.26028515976381,13.17368684361579,25.142148861258377,12.071334498956956,19.477348985385692,0,86.09118700382582
29.217651020931722,71.2530959388506,8.592501235929458,114.74183545750203,6.1431138683019535,25.059221838637857,0,74.59302845556095
27.697981354015457,74.87947929185765,6.389597377902393,15.101027397399086,12.131839094867786,24.173321481107806,0,84.99116998469125
33.63890125316949,68.4829175696349,6.062278066719169,24.97959452152858,7.926360593268366,28.73054447994998,0,78.73296459680647
28.43055434129489,79.93122785674211,18.798118530959048,35.15459961321574,9.023527101019006,25.61287764130847,0,75.65832194422987
24.265383574649164,73.63342888745548,4.990436627703465,111.56689413019262,12.641303803322188,20.75526459130968,0,81.00142745172376
32.95083119479644,60.57415715291537,11.722807796633766,101.5354000433141,94.36899194304105,26.747184253005088,0,42.407949070163724
26.91434462526899,58.057155714284306,5.591556207609587,42.70748893157884,6.600320276207924,20.923501890981157,0,89.34811340782962
30.632683418361538,69.6923335515027,34.887385101892406,12.537012429309735,96.9540649892294,26.1363272752606,0,39.780093630155456
25.612946469035997,73.60650664852851,13.380933305780356,25.82181435190085,11.716851748977374,22.02135924275246,0,83.78969579813193
24.75086557251282,85.96766460547248,20.01426865129888,185.72641018216524,-1.5105902553452566,22.903529938672182,0,67.56845983324085
28.42084115092848,82.86759567410144,4.629607911863148,46.79575479737713,10.460606410364857,26.032808667190512,0,80.46953876008999
28.064143217718424,56.877904902392466,17.227533521383275,75.95650096243472,3.1747277846479154,21.76027867105003,0,80.0919225416072
30.399135176834164,63.46990579809108,5.754246245137781,29.87955112884755,5.269232094351597,24.92343444248465,0,84.99335940270218
26.656771233451288,75.06526707376655,8.068986284970247,37.96512645272865,11.64104484214382,23.21511213957535,0,83.46597772216438
18.81820108114801,81.01996667088457,27.331452260647996,28.0142854344591,12.997556205821247,16.51825034249317,0,73.9777021046961
25.836130582058058,79.08454203057188,3.2084243328681215,60.68785878798779,68.45853969426703,23.004096148023383,0,65.00134450130975
31.96909233571908,64.0418325075298,8.693696171550354,95.34875735530176,12.203312784060238,26.448816863572343,0,72.37727995531606
26.513119603784467,46.18966021357225,10.489808920167397,35.399189357594516,15.567606767291695,18.674516249311342,0,84.03774872235996
26.76808298742726,50.01595435631613,11.201004980089428,32.77980250347546,13.930481600521876,19.520840433259785,0,85.75928404265679
32.93188252952969,69.08950271479121,5.151935171365678,20.797478962146425,12.49896337739499,28.176060405155585,0,78.91387278457081
24.440133863705388,70.13338369136518,39.2131159206593,9.74582876184124,77.414767390208,20.434947542966587,0,52.96151538563368
20.285983908785504,48.51980939848423,2.6223070709244682,140.0475356963333,6.322346670462091,13.744416175069912,0,73.19326826735528
27.196844402372527,65.66854416333908,23.738739955179323,18.995695796443034,84.93040117087642,22.33932496814683,0,54.411939266920314
25.579130243756314,74.46836535457675,19.531967543192724,80.64506103199692,8.377837091257566,22.111094798805983,0,76.21025556324244
23.16876840123373,47.73160013739284,33.8084588050322,62.824222958289624,14.38954898876501,16.087043602197387,0,66.14739737536269
27.123107720506546,81.57495802706622,2.073873927915493,78.25134238368838,11.191887024205823,24.592972570710838,0,80.51784093353855
30.45752823623392,59.33703277160262,3.687448699939051,138.047344305453,4.421076443072575,24.296417291606915,0,76.43322313438395
27.953557192160922,83.86419668864977,24.374912992261965,48.82470121495216,16.948876476603928,25.72453137042368,0,68.69365083453698
29.53490536343119,56.99821331336149,1.646033865219651,114.11478772865729,2.5337353448420084,23.08499688760529,0,82.29343051483585
37.06703849257711,49.600617756737314,2.043845084623613,9.177955487078036,9.385569790115435,28.289949867774677,0,82.49683384394656
26.28560569221218,58.12794515237421,4.999579308682642,49.27032911177612,6.97215172348284,20.37375760257065,0,89.68849045613081
29.391743173223347,63.5727781538402,8.615776771324574,73.98096049115796,13.579331685820382,24.022476259443383,0,77.73385728078338
25.453933187004328,59.17280139842779,26.410985972633906,15.848069998601133,93.43383452990732,19.787831259578823,0,53.746835393222064
23.768201400565136,61.7599786764033,6.371196388600816,67.49885473149074,3.3301668450605426,18.644949241705525,0,86.92188458008863
25.07546173291115,70.00947724514286,4.542187306244866,75.36140430060203,9.64064607094613,21.00955365922984,0,85.46488673765722
25.606207142391558,62.43230945305401,9.47931399410129,88.94846743760678,8.817267101795327,20.406865350495664,0,82.8161091995134
29.797378987735627,64.00831409071989,10.758296094189978,18.762528418962628,6.976901397413964,24.46175256094869,0,83.72633647044773
39.74537893350379,39.36160401196106,10.516988033746598,57.22337614954505,10.78519585098384,28.214951689695173,0,73.10167554996815
24.4197828186208,70.87547024015709,6.408408996429054,18.138479891258136,11.981387699434359,20.519149365350327,0,90.20942756482272
25.91687347192269,63.66195053462498,1.5464022576737346,67.16948125032587,6.835014838518538,20.87020883271024,0,88.926199217559
27.68438493444376,89.15439470724306,3.5463085191896613,31.08540724893652,18.478062666390432,26.218680073827034,0,79.63093068264082
29.978994243548737,50.90652249119063,23.016627009600523,45.50852177368962,14.244369151425238,22.43789201147432,0,75.53587325014422
29.317754059773925,37.87557007250729,8.581898422435277,26.879016464327442,8.934431229536054,19.483439891851425,0,89.26816523694808
34.420478969740586,74.27102740895063,5.708648494744914,8.835840255774885,9.085164797167495,30.431270167598907,0,77.5867982099292
15.86803964732396,70.197905274695,18.075091652309766,9.802540433267962,9.754129349864547,12.453277690941562,0,75.41074021697581
16.06535064902164,49.87350469203281,2.991894186776997,4.037130103823615,20.35627727077431,10.301546716321354,0,76.7672342137864
25.520609139949254,42.05376567493863,6.170139783626277,48.12624747644813,10.090367367118318,17.155936676359133,0,84.4727545860413
33.486500937718546,88.06095096026435,8.249946571462289,94.40417946932007,15.901589195888125,31.751455464956575,0,63.50689583793928
20.17175984197202,86.21165585910173,5.190852788022628,1.052848822528776,90.28777158908763,18.467837453219015,0,64.90512104053512
12.961838301531214,27.68814861940806,8.009355198854983,3.426764992745632,10.671937209397404,5.235894137927119,0,69.94917470505615
30.855897031096042,58.126654561152485,6.358832904064594,30.575317586857643,6.5020865175134155,24.449279641651515,0,84.92177015430019
29.21828611851357,89.96288082175849,2.4121671161592224,66.91727251966353,12.069295998388927,27.8442309464528,0,76.3127441041452
22.548957966002853,57.859061633332,8.543598640377857,8.581405484931205,2.981663469747363,17.004060320374876,0,89.38226278863114
23.07230199639535,57.64081648960021,2.553126194156777,15.848769439269372,19.540054254895598,17.43950284276292,0,86.78446280484052
23.15128140182663,60.758610085559475,8.435863653921578,13.198681022637546,11.831178765918693,17.947412051325205,0,87.43959189245703
28.5526765873697,48.18654539347761,22.182610238264694,25.462278524656583,2.2481156453438,20.74171117293523,0,84.50052838721788
24.868423619084965,39.42836383657934,5.901351793314258,12.744527127807267,85.33454120201485,16.180736340151167,0,61.60112883345061
30.470319594877598,80.78820966102123,2.8945032171988507,21.739444815965648,18.582701579387358,27.700996819312092,0,78.63307482104008
13.726866685478045,37.355946406284865,6.675270644360885,65.19750265336927,8.939778438165046,6.9235868958067694,0,67.54806861013776
23.715740674361005,68.70907178163134,3.797804412392925,47.209985529641045,11.712654948647966,19.564288231816935,0,88.82231327234885
22.36973019544475,78.29869239136474,11.888923901474369,4.233344847510011,7.01367313363247,19.581868237317995,0,90.66711487594465
26.71829660813754,43.231605516482624,6.564057952196243,50.77043672090175,11.800950921826107,18.345780510789776,0,85.225947810721
25.309761207549307,51.13597396107393,29.01493221201805,32.41606906835784,2.7626887148642023,18.441435315259355,0,78.99218372175616
31.989218899478832,83.19768782587386,18.734967106918557,136.33533891919393,8.589202320062677,29.536346055180577,0,59.83139603182957
18.703316141699712,72.9933758034056,6.5373742656274585,17.07554768035486,10.625664953848386,15.436043163684655,0,84.6359345267283
28.22745738165376,55.74071439681669,13.098362918944817,64.76173641417353,9.871331025803762,21.721579929258592,0,81.10183132995442
30.791682116058528,83.03373505041756,5.394666998289725,65.62633233635533,81.94924460897745,28.35184062283498,0,50.89585746330798
37.28323718280977,83.09803585181453,7.592534851130725,12.519364546584619,15.174130569279276,34.64606481427964,0,67.92465537526363
25.591170144532626,69.03579039523561,5.533677717830155,116.76761870520546,4.692511793969063,21.35071729808465,0,81.96615272544771
29.622293021762584,51.49759658189505,13.642156865447511,33.783362473886434,2.6732980827751653,22.232116586061316,0,85.56131107987056
18.980686037188175,58.79826944792307,23.251987711985286,56.79754394106163,11.122953166249959,13.943318444131865,0,69.90157836068234
16.04021897843488,69.29580115933085,13.998057440708816,7.882748234920562,12.405351847553861,12.511265354174586,0,76.84447720489746
32.2238718789085,62.17107756278767,15.449077317778626,14.907090395598305,19.73349231182781,26.365156265624194,0,74.6591871325053
27.97219853175965,79.08435767352277,15.46263934975994,44.10740388071631,9.346071407487797,25.049546915605532,0,77.16826242781084
33.892563448992114,42.05338879835996,11.484573934234426,19.211650764927825,4.90414689349048,24.049158117066373,0,84.62809514962696
21.132985555151254,42.58604706400642,2.9700270859805262,34.626660311135794,8.008306886556237,13.620799510007984,0,82.81408406205605
30.599510697643762,67.7130666722365,28.8115749830921,23.420660681233045,84.93335499609739,25.7907279071987,0,46.25493624750013
37.34408920271927,57.626833792896434,31.297200772513378,51.159537798923004,96.56417771497439,30.138516861016125,0,31.83961130400202
30.09852804178633,55.594270779533886,6.128170881117192,33.38814161060459,10.69487826181642,23.348643184889273,0,85.00917620044156
29.382907527955243,38.479149212384044,5.492819357242249,0.2310297248682084,18.025990076047627,19.653758508478177,0,90.70246175292678
28.04278040412175,65.29318767197273,12.060423687703373,52.44553242173021,1.8995283040247148,23.058325134779523,0,83.50457111046444
20.145592714370437,64.20867337998851,11.480503721942693,27.41958693712135,65.19146152504693,15.680958504357406,0,63.308740026836986
34.77786467855174,74.8021847292761,6.286743090745464,20.904600180474894,9.207816779363833,30.857544384160892,0,75.41057960055049
24.94571180097467,66.03359199681458,2.7182260377375185,4.94389821483014,1.1570716504325933,20.32516676024134,0,97.27305646914202
30.522416281915085,63.01093882639255,9.436271676300157,12.446771695942472,13.0333325674494,24.96083454330692,0,82.25149098814549
20.18482846714373,82.65500955185506,11.48623349091064,12.66546815795807,64.6817644367786,18.037779275893392,0,68.4864172069961
22.1027016774611,45.31299044827175,13.205810451134573,136.95344170907677,18.516354630086724,14.827695382314328,0,65.77117546696762
35.17543699611117,73.04583828271365,9.771150503101746,28.326869643872566,10.781625719777217,30.936969205630344,0,72.28240873569061
26.263488555210785,39.93279252806977,5.948314376242075,2.148811870931595,9.159965967752163,17.399572837809796,0,89.85699889224978
35.266377380212724,52.42457179998789,16.36592830889128,7.472394230384786,19.768283739883614,27.30056367451242,0,73.52952299745272
27.60884670470741,46.81014301065029,7.7887376406378035,4.11653609467861,7.304446696491755,19.70431163951852,0,92.81562946399376
18.790511135210714,76.72913803177877,5.093990891686325,44.442216479253425,6.531510161916664,15.971734924392788,0,84.78921523884846
32.4603379986586,64.01884649606909,6.394749700330567,10.32793538749611,3.211837775255465,26.893197795583394,0,84.35942232595819
25.05053841122196,64.79745133110535,1.8280042062110056,34.513330697102504,75.63232567416989,20.244293112640808,0,70.05744993349974
31.493444067585216,48.39900518405824,6.38662870943077,23.10669884706288,9.57546338232323,23.286380335646058,0,86.37462412966816
28.12605433770041,60.50459756100666,12.816702663814743,81.450504486067,4.7323868984198425,22.39107911033901,0,80.28251725450413
20.284408860285648,53.548020450363325,9.697095597269106,19.319139748897932,11.723152523172555,14.419098326455849,0,80.94046820843525
28.821473826852845,70.75182522281324,24.941456491966278,30.6489608731883,14.5185918052496,24.612427246744453,0,72.70620419483149
38.981115710763994,50.13363297002579,5.987177318672152,63.878374647116885,-4.0436229617883175,30.046619761785966,0,76.89651855386938
30.464932292572296,84.94691547807614,10.91186282983712,28.400778987284603,12.77928225775928,28.323438504277046,0,74.95907217735098
27.712411234972684,39.86629325563858,13.932052782051281,78.80391324795309,12.565316715067846,18.56490738655002,0,78.81250445898146
33.376717009784485,52.90220251315158,48.14828918317009,54.18879809922913,9.5428981901544,25.745953867986753,0,58.70707873312711
29.053342326015553,90.15800764949145,8.296322902921256,26.426497387527558,13.31547010670172,27.710093961388456,0,77.20555783213669
29.04767115131397,58.472918780569486,3.20480182987519,35.05714563863367,13.587652582003395,22.893007361286895,0,86.02315595193423
22.541874139204488,45.27682003393382,14.560945847093125,170.87160650926938,16.490969558483055,15.190764795905697,0,62.92152376655736
29.16924012894799,68.28607343806503,32.870706617227306,54.17803124803579,18.580379731992586,24.557357553181117,0,65.1173473261469
33.177217082084724,57.86911636678187,5.708527056552847,117.69140678606678,8.192440137747653,26.473530517304898,0,72.93548663791034
23.819689239499876,52.46194616572541,14.481402367975418,9.846903176979442,8.367586881102218,17.350025086602454,0,85.01045050118395
35.122479106234735,48.56193783801924,19.746622107408818,33.00846453679294,7.449809127428323,26.414062847828188,0,74.72147851173125
27.54146987927437,100.0,16.67069579387228,119.65923765164878,13.166506181278242,27.60501797799363,0,63.902365977149124
23.561152442307296,61.22672149723795,8.169819519397283,19.475557212533182,15.234004517456732,18.382707492667876,0,86.46359425223095
32.98816038460122,36.11648959500684,4.2258524062971485,171.57901230370425,16.712299447033548,22.04203677390756,0,72.09535092327513
26.566028821308652,87.40564638508302,6.923880383914497,5.105927186272528,10.021052604378928,24.87515253688692,0,85.37438741595881
31.79757443743054,74.16606357665856,10.664072304571953,116.48300182007306,8.332881458587936,27.938060721390027,0,68.33494543075903
26.541206838707314,53.50300353470318,15.280507847414178,29.458472010696923,9.986458365758251,19.882378119539492,0,85.9086465992797
27.70086928235048,51.003213669707876,9.65191207682344,3.830240147447015,10.173307160285926,20.486626069727173,0,90.66997845549085
30.46780102167146,75.10209194237346,5.452496770342849,105.81423668469728,91.74367785648387,26.827836935541377,0,45.869346590885485
29.45448528795003,61.29622508765818,11.522523958843143,14.513618713377324,8.89435886042939,23.714995074562673,0,84.25009725058689
18.022341097741307,36.11033272332348,14.70324259560158,1.125069684877877,10.742655078207523,10.186292769063314,0,74.23442586123721
22.39378129952804,91.80859946907003,10.011035606129335,7.297963882662558,9.51972456914962,21.361767643452325,0,89.04879282044072
32.64704992395408,58.490143066760645,3.785016735338525,53.81046724162366,4.954948844575701,26.1104462861978,0,81.9091258640131
27.339317055492263,87.4335760472364,6.390900438953343,190.4090326407821,2.4721432949015822,25.636012428647128,0,68.48558010850724
25.381343486142892,84.17652436948572,15.772321832750864,5.908901034207823,78.90178783272701,23.27232486414376,0,60.31386573974581
21.20712992371263,49.984856832757785,2.4438770984730365,30.99000793292863,8.39415300478159,14.73509217079625,0,84.98364791207113
22.60131839362076,80.49784796544722,1.3846640985295287,9.961376091489441,7.2299223337665,20.091971730409835,0,95.76359863471603
17.89100680019026,55.22836175204478,24.69167840320375,68.33175075373073,5.269799908742234,12.533142317043964,0,67.86409922901026
27.493596406492337,36.99949119794087,11.124303329427239,6.281500249025686,12.24483777785107,17.856885408021636,0,86.51341382979925
25.007812097094764,58.63102750966786,12.005729594145489,13.711432084733943,12.56291576344279,19.308498312896074,0,87.4011008759837
23.167060545073426,70.96456252664419,3.1222266623215984,10.933053610631212,13.7236913485766,19.360873213173402,0,91.81232734467731
27.659382874160233,58.05895028005493,13.330070870234628,40.20614720907711,15.963845008235484,21.588011516157067,0,81.61105090032754
29.81985315426369,60.394274886123476,9.209162847091918,103.25093937199357,12.541843383609756,23.89809182636651,0,75.04257243850167
38.465989661049726,82.1534906739292,2.0803537216100234,35.778863348237934,12.05075783856797,35.629037039926615,0,67.92146196495861
20.440582902183934,66.59740970435138,23.09062593342031,3.000424012016715,9.988463273007627,16.256762446856413,0,79.21030054470359
33.79690521650261,52.350525330725716,8.389212538265918,41.43562407693284,9.615371221104228,26.008529819741582,0,79.44391285319331
32.86550780507536,75.53045485500989,5.382391688397486,79.85595490743216,4.983372712729841,29.16651544860613,0,73.91231125457223
24.104536303116497,67.96513350431368,5.460870466844587,7.087176566315426,70.76282181296065,19.821563876185348,0,72.7055856532373
29.016179772930155,27.175927978069353,1.473768131340418,3.7745117397211008,5.049124807147746,16.9959931235782,0,92.6966128433424
25.711833753311925,71.42529370657174,11.877778241133585,10.400911984502887,6.0055055095343475,21.8046335034735,0,88.31223425592789
28.928442902093696,70.87743061574153,9.11102998494127,68.53804616776937,4.964126321461749,24.731474768302203,0,79.83875946447854
35.54565506702275,65.3018169437129,6.326428722802872,44.785256286257706,0.29152976253527463,29.937338889167325,0,77.35507508871005
31.028031163156566,78.37550871604363,20.548504528559498,38.89111758969333,18.476817470899675,27.866433155061348,0,67.87804708719233
30.54304186616721,54.91409623510246,2.4422330001733603,14.349441948466854,74.77187355927303,23.624202231163316,0,66.98367810523065
25.848453400226788,70.04749683231351,4.584046021269079,20.19106763424614,-1.1832257661035772,21.735117639194574,0,93.48060235585018
20.579716675378325,41.49560943248971,3.743396656505294,168.90092440590422,22.258563124986456,13.007182908148387,0,63.329462551717356
26.95765894729796,71.10635575098247,5.911880771160174,13.762992551347248,15.29435923287781,22.92387834476963,0,86.18382309783814
34.03304077431957,94.29589543309845,7.798847919870795,115.95880999742727,18.7143323502588,33.26214262114732,0,58.3733703251813
20.36416071705176,50.07715471298688,10.422957435597372,43.438342795673314,2.7153122723963508,14.022886787480918,0,80.57391309305658
22.724553159116525,53.60296802018337,5.59806631666677,6.579319489687209,14.270998243064081,16.560391748034952,0,86.62662310039563
28.63133868117034,54.34976835662672,3.6623880666747315,31.4910050981707,76.18334871917645,21.84958807191165,0,66.85087377591927
23.076726075763688,66.94997338702393,28.468709157511444,148.35599435975269,3.1777972057436967,18.73246212769036,0,67.96947344155666
24.03738276442394,49.054455907194225,50.87197351938845,27.112856093875138,9.580445506079984,17.027294682696585,0,64.20018781960314
25.882007091359114,71.3187106803647,8.28651369696736,99.52999911424344,8.817397422971318,21.94864357463817,0,80.04164540381095
21.171912979049253,77.70259918203747,4.033262921824448,14.814530635317475,15.74102392328245,18.36126510668519,0,88.79680516115633
23.129390768918157,73.01520820180676,24.055491441030547,42.3058456090993,5.71052621328513,19.601755133325742,0,81.2407936808017
31.517139583936544,38.47376861542891,2.322384164093644,92.84756881341724,88.93963223734605,21.370754616108684,0,57.85137503333308
21.46315108884518,79.92751497737909,5.652971523327214,126.71857000888625,13.836123137266444,18.92467561907834,0,78.27662962030979
20.010639327525812,79.0605112138052,4.233827197940725,33.25942144422118,6.935710026627966,17.422631423858363,0,88.37918805018575
24.84987510233053,77.45242058519457,2.922301701295542,51.03926198478369,89.19874622791768,21.834976748188055,0,60.94954241928588
31.65977751254923,70.59263372983737,5.906069870406375,0.14922901070977976,21.72209693881898,27.237305360359688,0,78.93538514357998
27.01539096001555,68.30283971307699,3.70121941383717,14.599453882406912,13.921835678852732,22.564848120578525,0,88.20156083102202
25.677094609421907,80.48584097189595,7.46423965627164,16.335846003744745,8.323582627413316,23.047235484991866,0,87.28891480153081
28.221793987578035,93.85270231405181,7.551466132457143,4.90782698328698,8.404177583909156,27.41812384504396,0,81.80490593990707
19.27146283570174,50.704393049527255,4.494860447064798,16.404028205114134,13.264401857361442,13.164964905079682,0,81.43814702778856
30.473528268875164,81.17188093692158,5.493630414854392,19.3656946128237,1.4996391751084683,27.7622938263323,0,83.17329486675582
29.91717515701822,63.70674352988821,6.143046708448839,173.3124650374044,95.63955845045848,24.522641427633324,0,40.93341518376566
25.953457629521395,63.05490421957099,14.124019361607738,55.221817868069714,8.44580425862501,20.8139668389794,0,83.37959018771173
33.02962255898208,41.95203964426942,6.561744379708051,27.75673659295594,7.55649014883938,23.317846715513205,0,86.44785402796745
22.362519505234808,60.72815885726907,14.292878305655325,221.36986751249296,8.406305502112604,17.232362829438134,0,63.76301650604271
33.63954496626785,50.04102563047377,11.806501884025304,8.316445397232075,12.585138224123789,25.43368648014659,0,80.91952872333633
28.772468327976256,58.042183557410816,11.67237054869662,32.3180648887254,14.181154882054336,22.577657029793524,0,82.33847106473742
26.317237050609133,48.52720424332775,22.427250872799565,52.073173075654324,6.388331880748979,18.892699906913652,0,79.78866315615561
27.90063182315844,58.2663741903049,3.0176768977149253,2.8592484176063757,6.472831379713568,21.835955724804105,0,93.29369266227121
27.46367617094529,58.90834464464895,5.060440399338034,63.115217315252856,5.964559701312092,21.546494250111493,0,86.85033012653443
34.101414482088586,66.451323776582,30.284591149407067,5.260657043789477,17.187733754663235,28.811767978077075,0,65.38474216891416
22.61660436264493,40.77875206563003,6.014341093455424,7.557560471958885,10.765965702790389,14.567737292996117,0,84.50002411130711
24.18740380426701,43.31722778382015,0.7771678320112311,8.699191370952878,4.565380917497233,16.260943084782124,0,91.61111793490653
33.1815144603624,70.4287140609579,6.281603771358736,132.17624336974058,11.670346810806937,28.630462333379338,0,66.80576467367526
25.022325324080704,53.038428243948516,8.231363078570771,57.47984129496092,84.18826389683208,18.484115123700363,0,59.799752384491704
32.50266538665796,81.11794685344897,0.9105645438717823,53.27253819719212,71.9652757121842,29.7081374493666,0,55.66683249690026
36.497179915043546,68.3790458302257,21.48056369134929,40.53952965051673,17.178700304674408,31.361279058147705,0,62.437613167160656
25.99102486529183,74.1014322530961,4.174647939619348,17.322512500620714,16.850694524022785,22.448070877608775,0,86.89142028904084
31.406811632876526,86.16038480631342,9.610444656989543,48.496404967432845,10.333348777068926,29.42437931145768,0,72.76411861521912
22.23153859330071,60.354337822901414,6.167013985016695,26.39432684043237,11.254715966183296,17.0633661823582,0,86.12053760825795
31.773666490339046,56.38269941875586,2.6361482738888053,7.857032689454161,10.901423864951182,24.964757813585503,0,86.8152779187482
28.997119929933834,78.0755387839822,3.138024595680213,58.49423805484572,11.046771650938073,25.880870911098587,0,80.07800031304808
30.365191410801074,72.64270345894529,3.4970988712978786,6.939095793872721,10.712931460477872,26.349526460419035,0,84.46227414084261
24.772139639823024,62.190045352680485,17.611243395105532,10.577339041053433,13.946112495302364,19.61537215070649,0,84.91099845930084
19.694582922164138,85.87186950433913,6.56642437718587,85.10489112348947,13.03456855143524,17.960283577176458,0,80.80186788101106
30.516260323747524,61.81633535240104,4.867145310869941,53.957706052972846,12.910834983686739,24.75953560017807,0,80.72774167777173
17.682984237602728,65.49160456333672,3.49842500949064,49.84673314540945,19.679570253612063,13.585488003114051,0,77.0844894341808
26.413247538787324,65.31833976251387,19.23862885221955,27.081665933554937,8.831043162001414,21.56832293389841,0,82.37635352568665
32.70590933209985,50.981091576522935,23.839908831764152,25.232281155071018,5.901343217805702,24.806549564044285,0,76.37987871660917
28.95948867936518,66.16378084229586,19.06387378089381,58.601523346090275,78.92590752323865,24.03437505390417,0,52.24771235300826
37.74171322394906,85.95140266097737,10.956686085352011,67.35474752679956,8.00223472001625,35.57074158691002,0,61.76265825094026
33.12554576290887,71.67452473064263,9.317217508167356,35.68925447149319,10.145520335742056,28.783818795467038,0,75.21489749365243
24.730508058372116,65.46595139598398,2.7933727749013406,174.12456565584472,2.9973880448464385,20.046692083439037,0,80.12168957352415
28.136566899257193,62.573490782514966,6.069915588494597,155.8380322648004,14.370467013824745,22.724043817176458,0,72.50501758223307
27.76314648727782,69.96300542609526,4.275546101720785,26.58795115828636,17.168750171071178,23.506402082870842,0,84.22091198531432
20.089116183269365,76.24649942733778,1.715303980150013,85.91306927265798,-1.0359325896715728,17.14663232997988,0,86.61630044085288
23.298005417578235,74.1385824633463,17.21248057187526,39.18290732762297,-5.996323226060891,19.911607710655993,0,89.34165495597102
25.1961954651007,60.02202707267031,4.234799751836883,35.846988389344475,15.383323257511357,19.68221728681391,0,88.69345279619752
17.818897485720317,69.87172391165171,19.23542297737616,2.8266160962193214,3.67676363856744,14.232992607603887,0,80.22352793357334
28.237467341258213,72.19909611722417,14.960256537202264,42.66282846884704,8.188791511213102,24.28425328055572,0,79.09761179327622
26.754640776734796,49.89207518709532,11.534867229234663,115.41905817181657,5.3348601457936775,19.489142847888942,0,80.14608812476986
19.63553049344213,67.52345811775541,12.064982606306843,75.736816160785,4.5256825381657375,15.631359329515195,0,78.33230522898563
30.02106432638666,32.58044170546457,4.516552105956392,77.16311738807879,9.802417288842195,18.950729829602686,0,85.18403452300389
31.579363723454797,72.23800564731778,32.66421450569071,8.713445641376145,3.1147990528147087,27.425682470198804,0,70.6197581267806
29.135172394324446,74.90514581844022,7.648429592678805,22.193364693738275,3.7147346267827874,25.536695717523177,0,84.41316028240774
26.37965912395515,76.21319188679689,9.407858475943693,13.276783986906821,5.344210749216994,23.116718501891043,0,87.51191102742858
30.957210758759274,59.07429721745649,4.396192973712374,18.983675648505162,6.699179566932201,24.699946841404675,0,86.62055583054222
31.401101802383454,69.63570252536053,3.5080761836019136,43.32021837731517,4.518522051568744,26.842311006441456,0,82.14429954361576
29.537017848598442,86.3593076831175,10.824767623940215,22.689494332221585,11.492139497414092,27.629200405206372,0,77.04415298119348
23.876938747826195,86.20654472436888,8.79348227721761,41.128387990014204,9.940814268798379,22.083074914238672,0,85.05220293476563
29.383003827555903,64.56240951160159,3.9295232468093992,28.85728639565521,12.189360724746777,24.171449781804906,0,84.82921482274016
33.977403254127395,67.0897944609434,2.3379129390128743,16.88674075838918,17.965468090826253,28.80697880536066,0,77.9434118830049
25.01685470694135,81.6636671710165,2.6753000175113657,5.0133109162695595,0.6979424890175281,22.574332356471093,0,94.06687286857155
38.489696695662154,42.48796977106738,19.238374835736703,111.20647020372685,11.68803111236486,27.93479515109546,0,63.461962464327485
25.37184533007308,60.153863859844634,4.524001764478279,0.5719268674008431,7.928066419454824,19.85954197122445,0,94.82743058137251
28.162035066700682,85.03355683305135,5.634301393286322,0.08269275032633502,13.894660902602554,26.095754364010322,0,83.39939484810787
24.637572019968317,79.62800812527149,23.57701288377546,87.66476165374489,15.063176272009706,21.930711168420952,0,71.52789188276978
29.116354179601306,70.53895666474857,3.0110219843284955,287.4014589307197,4.798099245780446,24.85518768729772,0,60.872195168557056
19.288891536823623,42.412513920040695,4.1305234382002,64.9330106521255,11.433424099371715,12.073734689573875,0,75.74089788359092
25.269791005916396,64.25134650438257,3.994772123442501,0.769584232357869,5.594234688268701,20.365962453729704,0,95.51196693835884
22.539393998257164,56.151269056251,26.962709586192954,12.85377844868019,11.447255364253293,16.757398499877738,0,76.55361332376768
28.676691739461454,69.9655835422582,36.40502448671228,178.4619299515945,89.8448423912974,24.357701817864463,0,27.466461237588575
32.97223687754454,52.859799728076794,13.48058605354972,82.6706008187151,8.114221085943635,25.38555901784826,0,74.20956800260004
31.230030935572756,49.61414907538089,13.828169494485554,41.827770164687884,10.314725482709967,23.284181285452462,0,80.53862448053975
16.14170319570554,34.02702083474537,4.644649898419142,13.51573539622121,11.811484018232768,8.430722509157262,0,75.03502393549329
38.2103482646394,83.32707027465052,35.088126241514,0.7237228641755405,9.989513413085277,35.58265047187126,0,55.6797510806568
29.47639970310434,59.00344232835414,9.15368933000456,1.0541073811724984,15.590847074476034,23.36269797530565,0,85.07674860909665
24.117504297535,67.35718675553802,14.621429280682023,47.335030988835456,96.99537838647909,19.748893421074218,0,55.24732959689374
28.785639594954706,64.96642825288728,6.790876695924524,1.1036859075634793,8.265628040549531,23.688364093087753,0,88.20643757479992
28.880949112513463,48.98849100559251,5.963001311841913,252.80890449622805,12.389059231346922,21.160537318019124,0,65.86711650697858
24.665756415242182,46.1140263282771,27.950464199572934,10.129305147728191,2.4659917758235466,17.105198905925885,0,79.84763848572169
28.98958333671038,49.920273110041464,11.379106876801007,62.01582572520948,9.862220317422166,21.414433114703556,0,82.69980754454916
24.962638561898466,54.15247341755911,23.596546553764203,8.424466517517683,20.182911783360403,18.600701025291407,0,78.5326943481831
25.978190036549886,70.49909370520707,9.06356506234349,38.836594973364356,3.9817118704403853,21.92095851307258,0,87.37588291173616
24.568604321224576,53.06423504719083,3.748316368858702,4.20231368824022,3.5318723195885307,18.09222692495954,0,93.66666006098976
20.836643551301737,91.19735947391932,4.633560845911828,72.7883154815622,2.900712327075137,19.744547088599518,0,89.05430455276209
28.72918235107692,80.40726553839727,8.023479606811593,43.964332181564096,10.006766512328209,25.969708242618715,0,79.30167577706698
30.92649718258169,77.12539324498563,4.476313495317256,4.505355103087524,12.929086487337253,27.576306057967155,0,81.6371531593028
30.57441798038186,63.20511646290275,3.046614192245594,94.3869360765755,5.288694030530196,25.039833361895216,0,79.7153512432001
32.09962626317617,87.71421103580725,19.319860831687432,39.59521232828559,16.971695260273442,30.338732558121695,0,65.2152177607207
29.621701050074343,61.72991553318314,4.778391307645463,127.2916634935563,8.238475633254147,23.936073180371675,0,76.23136968184608
25.33637250891548,64.53107878768631,8.252813712271054,124.21936344134987,5.113575839785155,20.46729156253688,0,81.04619417599578
32.198319322155946,67.54961809623904,9.364321399343778,126.60481215427998,2.874666124278372,27.241778113300104,0,70.83646887352384
21.212412300790326,75.52734560815016,4.615764454012182,4.048855548810089,81.37665541725137,18.121397300061894,0,67.34377636245529
23.496643087437597,74.55362118504478,23.585675868773343,6.446116491999307,13.21956505148078,20.155116675557604,0,82.92335371925006
23.178999642883777,57.87312082333095,3.0231114759028,219.93142314195762,14.491730625377645,17.56729976815295,0,68.01567472495638
33.400280295696554,57.00509420861069,9.10933954523186,33.43256560014069,7.701509287630397,26.517104829403213,0,79.75924666072171
32.713942570700375,74.59854435728127,8.997026781106426,13.604483599124032,91.05686211129193,28.87283229769142,0,50.479502432566605
30.436526185224974,75.72854875836849,7.075204287768424,73.41091436684019,3.3860851263688136,26.89491287585957,0,77.65024206351947
33.359649326058985,59.099733127656904,2.618155099874499,15.345638209163335,4.476875129530037,26.855194472147932,0,85.38127521108117
23.60358608794006,41.19217895482319,14.830027959632359,64.95369310330797,9.986609562209338,15.440320515110525,0,75.92122762844903
29.742975599304902,61.89025855987633,13.39402264632404,90.78799276192845,11.329248242541421,24.071710517993452,0,74.34020754280782
27.37412785808418,74.35288698238787,4.304001524767778,76.68484773135144,12.760041551578894,23.790086654145373,0,80.24103729940327
32.23441051942457,92.0812526962967,13.013532346297833,16.013555891897735,100.1690535333588,31.137274769000104,0,41.79628157304155
27.423878837239013,47.030630564890075,9.973445879070153,25.676344618726226,78.00217255795404,19.585240354880337,0,65.82277894492813
26.075285557949595,58.601431207541395,2.6525204036525345,26.657907703315782,90.5184758064251,20.25795641207949,0,65.44818914091455
30.70454259280495,59.15894657711935,3.7316737828136586,33.79217955556079,100.8876522322982,24.487945836360506,0,54.39380898773027
32.380845835956166,85.33708009147252,18.368278016010144,9.158466895349626,18.827805888136304,30.247575141573638,0,68.25271629405407
24.65827402576599,64.4758774931205,9.464357948854042,30.11690581740239,13.678042851577741,19.839538574290902,0,87.45609068807651
27.69462164323812,51.390101609416014,4.704679460747348,35.747455288625936,6.017372124198264,20.545067320641095,0,91.249523051736
22.707796831791736,73.38042924382728,3.718124174955045,37.933268706306286,16.87589528803622,19.253803227471597,0,87.60301745375384
15.509694912535302,58.9304221993858,4.892409691250239,85.71227071396234,11.923752668834016,10.854183435630514,0,71.28925901347975
29.002298157068644,46.63419089963068,5.177987027927492,36.42157043421767,2.2607976936066922,20.85177931446484,0,91.737581239715
31.04452678127316,51.60840039085774,3.7555305764766223,13.119168195883107,7.159532242044871,23.483511887071945,0,89.19853931421717
29.310334045433628,91.01062931633929,1.8341638500179265,54.40272171046009,9.791601109352927,28.087443619372504,0,78.2476134384353
18.252191411228164,70.76313832474193,18.393744410526175,79.80490031916034,8.040231659106956,14.743746357597221,0,72.25818007951439
26.245752849617627,66.61640083178814,16.06281443348164,19.236944375594113,5.3784791575933175,21.605522852800874,0,85.84378768063402
16.908261199744594,61.25159396281931,2.668177455918304,51.82498164630781,3.5779248652245457,12.37859919384389,0,80.8586702764344
34.84850553827093,69.38223263178199,8.240401236212046,7.946152236857131,13.540560700922946,30.006375618442643,0,75.56210049690333
22.569727089409568,69.20353919003742,3.590205480707838,20.9219177403385,11.261649866858379,18.56749021435517,0,90.2100575181922
34.27701804729948,69.3825324231099,5.99392359211766,119.96797847017649,4.71185534882597,29.47514952195738,0,69.22289762437879
32.729348218420725,66.7226763541663,5.607958424510263,121.12937125234168,4.537982359776022,27.594343424512747,0,72.17890773914957
23.497048237319692,78.03197507458324,5.247399536068444,42.82150582629559,5.790633245414556,20.62324617503856,0,90.22906930497352
22.336075243661277,65.34656519001096,36.68462270020295,60.59209436955545,2.0478487074035137,17.834386257123974,0,71.66744236282777
29.75185108193169,50.33091746671042,5.195222494706751,96.21271232252398,5.065436864983419,22.141397160890577,0,82.8805428240639
23.778379814084644,55.813656636486975,3.8705202903127436,159.16721237308627,19.853391957332455,17.804295237615737,0,72.23666415484779
28.512423210791038,35.31471959765432,4.014588519736472,33.65609559758453,90.14265592414858,18.338909421553463,0,62.08790833798731
25.58586204596541,95.40225674063589,17.03076756700629,41.228409979624736,1.3197897022430318,25.00987296870439,0,79.40703586473012
19.09420792767183,77.9413188792903,1.9705607258198645,26.862036434245823,6.299090376968609,16.40857980112078,0,88.84168890302378
16.847659904377707,52.548942573061446,4.014455279558048,3.7352041003258356,20.834420174081558,11.294984135996085,0,77.61692142948867
29.133421242472984,60.7723272590435,23.510761960568054,27.47862340620558,3.3142389457940427,23.34106904675328,0,79.38040679370081
25.192211268346874,55.4468528869035,8.981697991907383,78.18197748190661,12.57953115157014,18.997692721486157,0,81.9943152875615
25.234550915429338,88.13820817061176,8.615282008447728,81.70843514799121,17.38376864924464,23.671908236952493,0,76.21906357580006
31.479319195468925,43.701842535936066,40.679210690957134,111.45609821081712,2.9712686205480594,22.384739008759354,0,63.94725344678467
33.86721138316222,66.71714088228168,8.998684161403219,2.6419193807394374,8.571176419818219,28.64168525568039,0,79.41687929109779
26.637276393190955,63.37208236152728,4.19314509173078,37.44933858880522,6.269394937074822,21.483258820449073,0,89.8438070522222
26.297006465450693,77.40257946063672,5.896378533062386,5.682208077696361,11.961362633252742,23.207241092609923,0,87.68560740903337
30.500715165569417,63.439861584129574,2.9791980476562037,11.20358554391214,13.601307617763045,25.011039486363124,0,85.33971398631499
21.21532215150212,38.62686685016847,20.18116274631427,115.23762319261894,11.623716601755476,13.100711089922093,0,64.16215074187895
29.115765273738486,61.233232480363384,11.700708248475959,34.33751008933666,9.25423005516378,23.39900678486339,0,82.53264133781201
30.75942985911077,50.417566730850126,18.165629506331406,71.05359155222942,83.22970544085183,23.02455017419089,0,51.53176568337441
31.401151042088145,66.19369319834841,19.499467214039623,3.3275128155554397,5.5701495876293565,26.284335701451724,0,78.63429503003726
18.316236487487675,86.5126555478049,5.304902405831419,26.963527250385354,9.052786112369105,16.693079364593487,0,86.67321974814628
24.193223650955296,38.90862133651583,3.4701496450130525,56.07976133141197,9.215275973614107,15.547477724213728,0,82.9064069728015
23.608683735882668,52.996658969001444,7.089604179252906,7.159262433876987,11.077659898970413,17.24491712988285,0,87.91409406215332
28.499434772046065,56.709605693247546,3.675874793439529,19.71274977638526,7.612000243131743,22.119187700476893,0,90.47467266054912
30.40372289883992,59.27553356880183,8.431422499687043,3.3362617807362542,3.2632839042028117,24.237962897218623,0,88.00595692485398
35.483552037229906,76.10188496157866,18.277622632976286,52.68289370367626,5.350366950654195,31.744024772872496,0,66.19340650361742
25.525172598159635,62.39683373657919,6.459088980509526,176.83583869494305,8.064413632100978,20.328156476570108,0,75.90649904802878
25.512137508453932,71.23704088580668,8.331104762429003,87.73633368229034,102.96044208266184,21.59101761088148,0,50.354140473346966
33.74836009439373,55.61340434402335,6.854624315213168,183.6958314946886,9.472573164211116,26.572278558845163,0,65.18716246658644
29.482884692651524,68.44886518126906,14.043814615423527,93.41198491052421,95.68918415238034,24.873224076894548,0,44.43066336843388
34.33825755593987,76.66696446316573,4.330894421627903,96.61864183609424,0.9769854530538833,30.749767518692867,0,71.7223755098527
29.44364001504918,54.015506753943676,1.2748684421834982,43.040104464336885,-1.0911776515620826,22.50603103667602,0,91.66323466131456
22.214416906433645,76.72037179709773,10.76925254843396,36.51673848254134,11.150904031146098,19.22728044319661,0,86.08765253194177
21.334358226110968,65.78559153091352,16.285376160456178,26.065205461087963,12.205522421835106,16.97354543530921,0,80.6426020526819
20.242438754705354,80.68190360723379,10.560275804704863,85.21350646166414,13.436866211187521,17.847210701125995,0,78.49037209944098
31.310259173792367,61.978701498845396,4.427413721930045,10.048780069607957,6.098914259311792,25.505176202013722,0,86.490679409283
33.94298411543504,70.71866982743148,2.9801997290757583,2.8933699756495903,83.14064583862063,29.38946225881998,0,56.42282113679365
37.2468107069319,64.39090652482204,10.974759282071574,147.72358853691568,9.20884931744557,31.329187241387412,0,59.67686420404301
32.2155266616162,63.55681606939132,8.27453860783865,0.189267028687748,67.53270633483908,26.59206365612383,0,63.44480639741313
33.81419288767493,68.88395642338534,6.681656246261333,188.24338368156472,11.918221924848206,28.960803286943314,0,60.42088793668182
25.099918336731577,73.05211203837355,31.75247497899843,65.25477669259156,7.566685963381522,21.460341970366027,0,72.88554323123208
22.21792091628072,46.25652632113992,3.4644709072246553,19.911982711530225,11.038136990079542,15.063377467169833,0,85.19225347929621
32.250396662087766,86.50450413226817,30.570320405825527,59.83659466991615,15.414784145203377,30.300513646304413,0,58.142148478904545
30.088403761197004,37.10505439175302,7.579347573835556,85.15314387644622,13.615800563274764,19.946339829126913,0,83.07592138136971
28.537221871704464,54.72781835391656,1.7015568370802021,14.075859455208656,13.305904952963594,21.82919618008098,0,90.5625397148297
29.93685740316495,63.58596393852649,6.402175641260245,73.67889238103383,8.620736426811273,24.521160949885967,0,79.77570270750044
29.61592741229103,71.18533953628922,15.920329242748487,81.57641210344806,15.171133370023814,25.421287295573507,0,70.69321876824608
34.41908429926781,88.64258791612068,5.517671677516432,14.341097464878635,5.5031339932905174,32.75786581417637,0,74.83587769572586
34.47492792408478,37.12562767662339,2.2709021308337,2.141531481073634,4.942148621478046,23.44956710276515,0,91.82866225850205
30.721101761701735,57.38458807415434,6.477848117387157,11.415486437790342,93.7298564134257,24.203489301665723,0,58.071007873886906
32.22901436281464,33.09749768301102,3.7220035086066505,11.197594452144154,10.291221803296905,20.771583690987253,0,92.43145599623574
30.57031276212388,65.47432960865372,10.951227176216298,3.3732976504272774,4.198135111662675,25.404435925063105,0,84.68102438870024
25.694151339826906,69.07525376750046,13.718151087824353,64.73270621267974,9.28314867514016,21.452009724409034,0,81.39525635649291
31.7828233745657,88.86193613256879,3.173971598214297,23.899767866946554,3.8390076684344763,30.202990720120727,0,79.43888211120561
21.027524655703694,66.80952141340181,4.201143524240355,107.8749835599372,12.531392357437937,16.824810509949437,0,78.1720148609976
33.269457761479416,80.66037694163569,13.535474396789553,14.52905390322106,5.053108646301399,30.373741846816483,0,74.53437509229126
22.027385301169826,73.75755622308588,3.717028569141724,30.18655000563033,5.80450888714476,18.662490207160698,0,91.18172972989223
29.429016433973665,58.47127704492247,3.108914069238966,50.94628006951363,14.605945189122801,23.233299787933166,0,83.63231688015514
23.774230207869206,43.86558879811941,2.8778603803763,104.96790823975005,3.8751299648509585,16.004407089377683,0,80.77917963161971
30.766944915372132,69.12503447437716,9.79263811252013,37.18215560622122,2.936057111043616,26.171055276482676,0,81.15019676471259
27.830373870360457,42.61846974281954,9.462401182212936,23.382290778705897,6.378893430845355,19.158815683796746,0,89.54249604643627
20.026220209183336,84.42810609004466,4.274910539327945,100.87597645787312,10.852830133850631,18.10452473887933,0,81.31412414825084
30.103498155092396,62.56906846944764,7.419178352642442,18.57104412039705,75.98847657365913,24.508407906000095,0,62.34120236141922
25.110396115836448,82.92766117267125,25.070852272994834,4.137769580560248,7.597282871966121,22.838125844601908,0,80.26118051455498
32.405733604066846,57.79678348801401,3.38973543124221,29.443151875087498,8.68885931383084,25.773589088987272,0,83.80414702544562
28.006628443672035,69.03276179601488,1.550544117365829,76.87756643821251,11.95943314471056,23.593216247475098,0,82.16066921137967
29.97710492694019,68.14023286002033,10.634043019871807,1.5632256422622324,10.076937822506343,25.28267900637972,0,83.24365814209952
23.21215522492394,64.32433822983614,6.764437224496435,44.08024566038786,18.613548553603643,18.496946390174696,0,83.7506602224405
25.05333884286319,58.51010729905112,4.186980922023655,45.12728748722296,16.139939047928003,19.33132682200026,0,87.0107913406236
25.706806819494577,70.8868402770578,12.44929742864076,131.93210519083829,8.24256117398151,21.72312521399912,0,75.24993255426995
32.283512401212775,51.107551047751876,14.45991177987293,16.876176652136213,11.915980756042039,24.464969444489594,0,80.41297869276818
36.386885439027445,46.85847006561412,1.2628582244968793,16.344477800570285,8.620184517724995,27.138885710652886,0,84.15239970247353
23.97414124128562,83.6424033999024,4.38382518223143,29.034126576568486,8.21772106722049,21.83452242031052,0,89.41365076502149
33.3842407232884,75.90751983338151,47.18202458337804,22.073910871148637,4.640201815769612,29.719422172128073,0,58.075729424414135
17.15161291137149,65.9883741290336,11.78377909305801,66.655856034654,10.494932435201255,13.156402911180987,0,73.67881840504333
22.029052994538553,89.97713573815672,12.690870930771137,51.326500514261,7.345201764228704,20.76540130252274,0,84.925411941328
23.206107719066125,60.98351721912733,18.88400793545772,71.13153778062214,9.190853684928218,18.028218573029854,0,77.42355221877763
21.237456552796388,84.8405482998347,7.490646134971838,85.75153141871883,8.761942317792744,19.333655030346318,0,83.75935889689742
20.0820580510621,67.63361127388733,13.976080435487237,128.18524288583038,12.232233916523887,16.05782771718791,0,70.20276576394724
30.064994560688987,49.62873874885415,13.124092130421559,28.18818295472746,11.01299262238037,22.287066093150106,0,83.51753895879786
26.929661511360692,92.72060287656275,11.372898464582704,208.98659211818074,86.99272212748446,25.97599459268047,0,35.453325624375054
29.897026988025548,79.86066269936128,5.7109787769545886,12.145685811347779,16.32457947486151,27.009842912568537,0,79.97365116991462
31.452363430607566,63.18468453485654,8.479463131991626,62.65205369893817,15.80950564978253,25.835094875148044,0,75.47258553479412
29.32808496586267,75.90756889300924,4.614994833970792,38.17948196389072,7.83930943215612,25.870757692143208,0,82.45531470435867
31.28881588075187,58.9444484900314,7.465194187047794,84.8863037588163,15.407032721962416,24.97474502649874,0,75.1809774168589
27.652338568788654,77.43723552589313,2.901440350624631,32.38675680098782,9.738514312144968,24.503935915845222,0,85.30852883343941
22.06503305847128,29.13382152074061,3.9255277742883687,76.6096408050585,10.037185694049573,12.225911989493568,0,75.36941145190713
33.28907090410398,49.70297999458109,5.895270188606566,133.08365777075753,10.002858328228884,25.067946446630256,0,72.80779334926595
25.054439336094365,79.68889616430444,3.473058628534324,65.89334548545366,6.758218148387495,22.33890072079349,0,85.91304567320141
23.32201850618787,61.25516692671621,4.933191705789017,74.8265118178283,13.070738470188665,18.170767686177115,0,82.94999167119211
27.11041062097801,68.11313442333113,6.480898891679893,3.476906251917917,13.561916724332281,22.624708562790147,0,87.95415817667228
23.435945403517437,44.798215068268476,10.194107688085166,11.467995534603507,11.532561032348973,15.867137726073906,0,83.71266618082494
25.91284809005284,92.71800493553155,15.790458125307136,183.0704921280281,13.976336062411018,24.96771924785464,0,61.68736416529133
29.720269607817333,82.85794465576515,5.09863319533807,59.075842492484696,15.482968945910617,27.288589777331246,0,75.44922483844876
29.741708696230635,61.98972172437006,21.50066132181821,41.2139603909413,8.62027111953347,24.086634983420765,0,76.12489711835445
23.510849667871852,58.929562147050106,15.656542220609689,22.86237663631892,11.424429498576586,18.01310992235439,0,83.09701294340266
25.56147313525628,80.44406542129539,11.059337188099807,2.270217688360386,15.11716727782255,22.93027992230452,0,84.8088339943831
33.37166502385122,94.73705675253392,8.35549414092488,23.033241234289342,4.754356350560732,32.67201441308001,0,72.92612173630171
30.482000588669706,79.30640383717031,9.538122598604037,34.54876437037355,88.60828408401797,27.48677018069377,0,51.00981229794731
38.37532519674271,97.57704001094902,19.09909440414732,11.878576122704693,14.032377775011327,38.12043233694506,0,57.40448742190117
33.90064086870764,51.16473006407123,19.665458630976556,9.505800212926593,4.5762059924477505,25.87366283907654,0,78.88079440712167
33.721465342799696,52.70919754251814,21.49794572097314,35.506178510012404,18.704290385072174,26.01030228791183,0,70.45019239495372
21.06065724772099,47.16588322919977,7.637432339716903,44.082900849833855,9.251623129933696,14.215768317386008,0,80.0127718445926
31.819301758167114,71.62640974474219,11.518722234811051,13.716442501314951,3.3525321390354055,27.552669684139243,0,80.42247939324231
27.734465991515446,67.63405324706555,21.64635771229843,44.26255841924463,8.80225271557581,23.13025949062049,0,77.12109182747032
25.245090982308753,62.720733147920214,4.4862949012490505,115.29952618197146,81.36129201536687,20.12131502664653,0,58.92449671941957
28.840076702662643,77.13887942184948,5.727427729027274,32.04417736719983,18.916149458722593,25.591536505784276,0,79.23918048718244
32.72605767305742,83.48492907821996,7.484463438588437,97.3821418200849,12.570704953803613,30.294813713177877,0,66.88709854432926
30.504157955021057,42.11506386069737,15.17544999759305,131.05105933006254,11.891294911589611,21.27114112248511,0,73.43669241393968
23.6076309932897,56.045419581483266,15.365699507431412,4.847247356969683,5.694884467558706,17.686922101123546,0,86.46451383975308
31.712294567963102,77.30215391184589,6.142972288128634,5.035875536259958,17.212958107226864,28.352309220973712,0,78.15880976844016
24.81206228962018,57.98391974212127,2.210265041227803,32.31739583519437,8.879168352545353,19.03845694356984,0,91.26109052703964
29.08341559482143,53.02690885462769,8.997503549206062,44.34903059040098,8.575345906784111,22.02450368402941,0,85.17114100471805
26.48324966261433,80.27806141475592,3.544322722098805,27.746143984449013,8.504024249153392,23.7928289105463,0,86.92930612496845
26.905668741321872,45.6574989541403,2.2435311621036895,19.759709532728248,7.066529593936709,18.91570306583232,0,92.92030819977825
31.831214875202548,60.47630288313343,2.6882831385967636,51.220825050371545,10.984259632374103,25.72220804133827,0,81.28904398619903
22.799031400920512,69.92966038707213,9.593682474522518,0.10418408538188559,10.78847109981405,18.878145326337457,0,89.91380131043539
37.72597537138466,56.39270129134822,21.951377388704774,172.21560146481,15.13081107422099,30.236093772514796,0,51.40500680898742
18.89456965352752,76.74733484019762,7.622585472400439,13.203426527434786,7.382231286862744,16.072924091856972,0,86.51700698655418
25.011661583725715,56.466845372039465,8.750444715589296,124.50526813526083,14.763246718462206,18.991024395668262,0,76.73970518269427
29.851059449708703,86.12929240168879,19.035695956456536,5.771369997368061,3.642279639366164,27.901713583515328,0,76.83835143363987
30.92157083217655,63.11380553756341,2.1477828397719434,13.596157098652151,8.62338735956423,25.34061251603181,0,86.68111164301303
27.497621397141476,75.0690520505803,11.202546710064414,13.38571810824507,10.96392038862149,24.01150850020877,0,83.38825195428964
27.713046484992287,76.19035929474225,7.320862673094684,278.021837658428,11.065452874344855,24.379711782144327,0,58.27933293294508
30.052750426638084,55.58689995883891,11.621373746956333,0.23055804028289723,1.5554916571813546,23.307007883285852,0,88.68724827850431
26.8446526127116,34.19770177016167,5.01891047490868,51.03233890117379,10.441545066421785,16.81331591655053,0,84.12676972511348
34.96590628967453,70.41133631995753,3.8406828167682194,101.89064076013396,13.669539409323122,30.29204429069046,0,67.89601494312576
32.19674557115801,66.08432520687305,8.268119734809877,55.778816494009355,3.958240252522005,26.997779933020215,0,78.47197516615647
32.36412175502817,73.3373904136269,27.642461721608843,22.52839214505543,9.97294332673646,28.33953485242458,0,68.09231320380768
23.169216383147916,61.60208791425743,14.712950371918824,158.87393503185928,13.259667005150142,18.081060323151455,0,69.45783279386512
27.603057877971487,58.54358451798926,4.922643996674854,111.99025957971651,11.144637013513771,21.613984658335735,0,80.20379605168273
26.497670256396482,95.12709516472549,2.527479020074109,28.454077887413952,80.41447339868802,25.881099642512595,0,60.26437877122332
22.97199312155267,42.91468907733834,1.923884218699694,42.58704326791787,72.25802519559197,15.190669099863559,0,63.479348815123046
29.800820919728835,76.00925717546357,21.17623498196481,171.35528790025106,6.731546565018715,26.334795483517276,0,60.53031163871034
25.31177121110092,56.38097212724914,3.4415920497755508,202.4504806690607,14.833524906983005,19.243898934561127,0,71.95549600772017
31.277019149251185,59.96332073389367,5.695003831055724,29.875786774519103,8.931848457573071,25.136801981595895,0,83.48243361543535
22.64904218552834,60.24345751139052,21.263009097110633,93.98038720823845,7.46327402007982,17.423760250521777,0,73.61833909971023
36.5952030642091,52.94848588743115,2.0317120979874503,17.975392423738796,0.4510116517053664,28.56066357064145,0,84.1952721354351
23.51833670703969,73.56836315354359,24.38118205704126,23.245859192937253,8.296884743859115,20.042467980534134,0,82.6554928334314
29.09651168600218,85.85965393924936,6.032054325524465,9.005513154763586,-0.2934034310264604,27.126039240176503,0,85.49216380517214
31.959296551940337,72.05020491869992,2.9480187890845726,11.734535239545425,9.394792539662308,27.75197525853147,0,82.5929766804852
25.146797848999437,66.55072994318142,6.06248182475693,53.48277594262879,9.817195286854147,20.584040882228006,0,87.47202174106526
32.262343217164755,50.203392513511304,4.145082014989898,35.74731501279262,2.937084087279695,24.279588628174558,0,86.95431651987072
21.85408201099792,72.75237898736677,10.51345472369103,13.141789721677895,8.656656917954793,18.367903440754528,0,88.09539652113355
35.2605884959128,97.34524447593948,4.399513879504218,25.784339033483437,11.406782687691852,34.96328605148396,0,68.97461918377633
28.070746324828793,59.28958064307361,1.6010925360716903,23.355069031419937,92.30935434101578,22.149915943141107,0,62.86928813377191
25.0179429601556,59.36024630972201,6.19380731336678,218.54525359936238,75.00828157154005,19.424917281510442,0,49.183186381799345
26.50409113786283,56.58366303528504,2.496185978056624,96.05896761480346,-0.050138113724409905,20.330806988583916,0,88.66651247119027
32.044596346963594,57.65878648258369,8.701156146125557,24.548399358605273,10.368703931032725,25.427941439727874,0,81.59643518780732
25.077723540747808,23.82050669491423,2.8584963481298074,122.62192200251205,82.9004721635888,13.401572656749675,0,48.777427889612134
24.253211552886114,71.07553078783569,5.000759282786354,20.97582274802628,11.852510054140458,20.39121245157257,0,90.86438272173186
26.89231701208131,52.31671735468079,8.551188194169013,55.116185283405216,15.8546639306018,19.999753914302282,0,84.92753026916112
22.11518943615016,40.846053218123,6.234092504689774,170.03487035668138,10.620793019236077,14.168344122449149,0,67.59171855591534
37.10271953970908,76.29784924598823,9.028120682104998,24.7376790210579,89.45097257842146,33.31505465353412,0,43.22259891706671
25.168027043926383,48.76973322437096,12.733416171955394,56.9537431870096,12.318569396377235,17.95009359929046,0,80.75686819546462
32.158083930902016,59.91996419174364,2.9260489746772667,17.54343528786883,0.08212160942676228,25.9209137514287,0,87.87388748692251
29.047350418238864,86.9966358678287,7.018025898848365,15.483591950375212,5.253602466471325,27.244227810635582,0,82.3250853174278
23.07732974759016,43.8617630296323,0.5149924503159653,42.68418809650262,13.970579672867727,15.42385238047024,0,83.9530036449412
27.970226453936352,42.01102648103357,9.005780431593163,193.79563997823445,8.484790895264624,19.165243659296557,0,72.03714764356994
31.92001389655374,69.03959284343507,5.808652961477364,30.177560125902314,8.715550080375555,27.22817172011976,0,80.33047656636626
27.058693324568466,82.24231046015552,3.3643682002165396,138.73913261051885,84.601794238849,24.625942072762097,0,49.304391450080374
33.96556472925514,41.38487423402056,9.51220335397809,122.8821960626087,6.715633588533029,23.968482583390962,0,74.76441031215263
33.10757696390932,71.11534605255765,18.881036559913444,14.635575769148259,12.764715945990528,28.674897658584815,0,71.82867233992106
32.59457427329165,73.71499309942539,5.0489777745734115,25.69312878902536,5.24880639427384,28.61754792824502,0,80.23027421001862
25.701716138635014,34.1125927446152,3.469978534118456,51.54335675205799,14.196239226952976,15.904846572075972,0,82.23586517353127
22.600787761092565,76.9775200686083,8.43188379225813,36.4953182668604,14.603772826286193,19.62867333519109,0,86.70961200454279
24.932061973186027,78.1490881976327,2.5383510230498625,5.044002279849062,14.628334739539307,22.009469155552665,0,90.33610894731473
28.981204703333603,60.32321640115963,4.356612925787581,253.34465081147286,91.57986829774974,23.131946619933004,0,37.26268576014284
30.728933567661777,83.78519543447013,19.64694252114261,69.84835588766532,4.702057581489579,28.40484680742632,0,69.01707041235949
17.14214297619776,82.04683361487268,7.765907993173418,28.78545806293961,5.317400770972544,15.024515091510324,0,84.0028059107273
27.95943399194125,66.54676888575807,1.642839962816333,48.13879986194233,10.708882803997446,23.173146967622557,0,86.03535197963129
28.790446126615922,58.228319145125994,1.7548908867210107,4.582349822673663,8.318398140852395,22.62378583201561,0,91.95584144606458
26.612278718422242,50.407581611255644,8.412078200645334,34.189718111033116,14.262044388990985,19.450191260788568,0,86.79626118342654
34.4563691950794,64.43654735950713,14.730386376791431,133.56114813890719,15.061229538264525,28.78767034441022,0,61.07677663501006
30.108900371254354,73.54638379556269,2.025674705771653,113.45797912363838,3.5845728181177874,26.2485410936561,0,77.07369548822692
34.550959540404484,60.137347084390385,10.588516724291734,20.577744070969565,2.9937299290011588,28.10958453927024,0,79.4856804455181
26.92019739824884,32.03748492106955,21.41892347867661,37.89685880667091,5.586605889197017,16.45180286262836,0,78.31635471087148
32.68738746253462,84.03070841864856,33.45787518375263,59.76445156417156,16.887886679227087,30.342579573868573,0,56.15145233116131
36.17533197263759,67.8533483276734,9.630914720850212,20.776474241489595,6.357355618892578,30.97005935438386,0,74.5326876442193
34.55846724636331,59.305632549847495,11.08332886905874,3.353978976355925,14.275945266964136,27.965895035496064,0,77.41544669226957
22.539292032856334,77.85737582634933,1.3410494215855178,35.20450752431354,2.6216062590492086,19.685883697685366,0,94.46398133028754
26.731619612288096,87.86957894724134,39.63854638563651,46.01942278232898,0.2292487983557958,25.102263728998206,0,67.84897266933294
26.27417647275102,22.971326457681627,4.662761315051724,0.292936450340337,9.192764334150663,14.061862938214972,0,85.66786532671235
30.44627267538164,71.51395474883107,3.5016107372016103,5.022815466831252,8.928563463183337,26.249282122566107,0,85.3968020798058
31.431767775072665,43.60026183784479,6.024503639203381,11.61493179985343,6.228376807267965,22.325518771805182,0,90.26185124028254
23.80553662987132,72.48665760198412,24.762706008109447,21.389545752131404,3.7240094254208467,20.165632772315632,0,83.9899067871184
28.33919256958469,66.91890803561868,43.22576969132328,38.94083358648694,18.275211107343658,23.57982041290796,0,63.03156414054651
17.900363339219318,74.53589789660825,8.168840225896385,17.39587857812346,12.438930087554489,14.864365919412318,0,82.32623087917311
35.20972502900945,57.511285782580174,16.419461992057123,16.160890306652927,18.161226294494327,28.2176018422188,0,71.79403511181317
25.43812879661653,36.90139832271272,7.648910649559618,101.76141322744232,95.76575315244258,16.201257554364364,0,48.37937196654165
28.279319699222484,58.24447713114998,3.2212311190238543,7.835652040349992,14.708744276821854,22.17036115655537,0,89.4473627426794
26.451751430059694,71.10271452709675,24.08032065599045,34.205420992869115,7.478245730298713,22.450376194482317,0,78.37098470422815
33.73013787506707,80.23088493012835,4.491999904943406,152.69425937258202,3.0082146276988873,30.747853934551618,0,65.36005499920971
13.812467793013106,47.422530492912124,25.23986322542881,49.043229230600105,20.01655940191023,8.10094851547524,0,57.954981770135035
27.916948288370456,80.40590640309526,20.880862378529653,63.15173612131198,5.6821582014505365,25.188859555522217,0,73.5670531315038
27.47090621251151,55.28191565530218,12.076108676291506,28.214571834914615,5.6247765278601465,20.98055589180701,0,87.79472913136556
25.731818062041587,70.4367482239179,31.91830931968226,1.0066746244072533,90.6681693206206,21.68215925676861,0,51.1942158856917
36.63113272817816,57.35159070701551,44.07429913658722,51.94133529504877,9.335968489616524,29.451339369665842,0,55.47971835116391
23.563352705721144,67.73255941568152,6.422486253466865,49.97333024947394,10.374259061078089,19.288869948228513,0,87.26664241696925
31.858980886178305,78.37816451855412,3.868878629626797,5.850721106834881,10.610460482255423,28.66095944699366,0,80.95222924326082
29.78126394353042,46.59478884067197,1.6629350278326842,31.009681418346137,81.51594170495585,21.502899689489144,0,66.64123424169671
34.30759626267758,54.80141154879753,44.511420840472255,123.44907336587036,6.729078371198357,26.914636713276046,0,52.78440104952999
24.664054576112473,67.7744388101313,5.197898414638267,11.475993845218861,78.72181254046681,20.312386616910484,0,69.54426730263765
24.335155504381206,100.0,18.3206618482517,30.911147155237785,7.147576571794614,24.3760278554031,0,78.80198705331418
33.48034953738699,52.05215431749758,4.08366841589949,30.911558230983218,17.909380467494938,25.67739435443462,0,80.38112494813502
30.126606541650553,95.60200828995379,25.295145825734355,83.23734931873096,3.8267729125906733,29.567271263496448,0,63.402194289151495
20.27531326661621,95.06634955512756,4.220298780245412,87.02743195592119,11.261829620915368,19.672118906230533,0,84.94134256665919
25.30347492768365,63.540332739476135,2.8480219284210353,71.20384473745057,11.515081462374814,20.293589765123244,0,87.17685942690129
29.931913269240304,60.5277121070015,6.253834872823245,22.74228736475966,16.459988130630283,24.020772045894564,0,83.08103304806048
32.18882110773295,54.619022020029625,4.828710424849068,3.738166843911092,8.192038499653268,25.019243934643985,0,86.95228270133396
24.603846734035223,63.97696204500996,11.905968492452997,21.49939063078267,10.434425699389058,19.71868465008944,0,87.99696176603304
13.428720050915295,43.89920851160663,7.091409048503593,56.93909999721394,13.879840804482022,7.39800761296744,0,67.23078329398396
30.616115928685165,63.856414740191035,12.20885997523036,60.65851097355876,4.729472815021572,25.184033296906204,0,78.47717803132912
21.898396550280122,87.45320410776284,5.854337394838652,167.6206601279875,6.757766733140393,20.312519969314287,0,77.58939642476369
17.913306009387945,55.833724062849235,4.340172540444923,30.223971687765104,11.987020164434227,12.627027528128625,0,79.75238446504923
13.838370375079297,61.38913544016424,4.632754250184829,50.04283455867824,10.158848563488174,9.621078553577288,0,73.72467439490964
32.0699043009887,39.482892885991376,37.93791616167619,38.73856789983226,2.128951771989403,22.0255356341186,0,73.40923108733764
28.643087252024834,70.61093132196565,8.847516036498169,8.162345609658407,15.108626343800363,24.42446674929818,0,83.08709851557101
26.87171809643874,68.9672252742706,1.511330263849186,30.92077113374847,77.55335097585086,22.52971955786729,0,66.50656142594934
34.94512181481381,65.95553539648657,4.873599539532691,39.35478141291058,-0.6429510441346551,29.501588440731066,0,79.58965644255755
31.186623415115363,61.74759424666785,7.9844254545162485,150.5418956127037,9.086501140390565,25.35471136802145,0,69.89269694597581
36.08150021360959,60.60863121841318,32.34048157371793,22.827846487711017,5.510345533099715,29.573004835059667,0,65.35068546741385
21.036322639165018,72.52850350551007,16.8265664329866,195.8495239158222,4.490500135056435,17.570651232508013,0,66.86090786233436
27.82724688023018,64.56775097617066,3.534690458785302,39.077074652656464,17.18948496684216,22.749925448528128,0,84.47023081026879
19.91643312525993,69.72457807332998,51.146016105199514,13.884556976131709,16.47598088450384,16.167703181786667,0,61.79809739429913
26.853088340722664,68.22474226181822,7.207136445776022,10.638897204800518,3.1603230695432885,22.402981319001377,0,90.67462905494878
26.756920731166613,81.85140930643642,20.026649244919888,7.639783420347827,11.233641056431363,24.27908669924589,0,79.05951996782599
31.133068186315356,75.15491146062581,2.9329044212019784,30.15918805947717,8.515570086538505,27.465824749514763,0,81.48036849699965
28.227819405709493,67.89292764725286,1.0848801540548467,1.1085193305945178,16.808117291544086,23.62561458097672,0,88.30558035460001
31.11703569139958,87.7763304597827,2.3946924462865584,29.443438006139537,3.856366197772104,29.385598327099725,0,80.49445708633581
31.51720066569447,71.30402793584842,0.5486652431290713,222.85773794513705,83.48654265350719,27.218224033766745,0,38.78370998210258
38.77464338691571,84.57444033185628,40.03169285637189,55.44931501498862,14.391027827183226,36.34315446577831,0,45.12748109591998
26.423516723569378,74.10413912579956,8.772539534534967,71.31127954119842,12.200253303467868,22.856609654014967,0,80.13093669643428
23.294886496668106,37.37121381602685,3.5264256183493705,6.335188596381597,4.978408078084959,14.571560812812884,0,87.80114019104482
29.230418076582044,84.57252144978995,10.6132075838665,32.0373068392269,5.054289599596895,27.067470726995985,0,79.20369623378446
23.988599864302284,67.02764362014004,8.597463594993725,16.85924159464627,6.031477102488807,19.584044061117066,0,91.38091776721784
35.40980384218268,64.22067843648833,12.142925253016179,112.2618341883709,14.355226465726087,29.620414467343476,0,63.48665676506425
26.583909805273837,69.22022521234365,19.445683567958625,10.001418379682734,10.015318187203372,22.2995402461771,0,82.48926661305231
25.17211816063005,59.82525257064399,5.859492979523195,30.69215978867928,10.577179537006561,19.63162790907853,0,89.92275288265276
25.64342139424441,68.40543290583418,3.6551186502341446,44.34238787838415,5.275597494379923,21.308738013327154,0,90.01656236892714
31.592087117358204,56.12185900485361,14.328064572703665,36.081560461467845,7.7197916285701424,24.758558554383693,0,79.51670995973579
27.211265083842573,84.11408388101555,14.039379778586744,88.66951932194807,9.74541134830391,25.040014725990016,0,73.30486564009216
24.79166589934809,63.29617829568424,8.0091821039489,13.16268913435385,10.579303794209999,19.792351971508054,0,90.84123339378225
36.32675958811765,59.2612423591635,42.184099078371055,23.691837146318516,10.503516070169889,29.5420508320632,0,58.72451847469786
23.71915079669125,51.12611276421089,5.205638170264622,78.53112767079315,89.30013380023584,17.064867896289783,0,55.374658725477765
28.17783037016497,69.03163683722963,3.5970484086736803,37.546380044776825,16.562546719772175,23.752019309840378,0,83.29795991983418
31.26153075805115,67.80660650187637,10.324019204195249,25.71804206852298,3.324266941695707,26.417856411408188,0,81.53131259337256
19.843324447914632,70.82636920516259,4.306173602158799,1.494232275493654,10.717115937672922,16.237595358510614,0,88.48151102991285
30.401302507029627,49.591221687423065,10.983709486381043,69.9964291097499,14.99574797308593,22.568969146974204,0,78.65646596767787
22.72446162259775,40.98228201782641,3.7946546118229243,179.10373942730604,7.1781978765798335,14.687569238358016,0,69.83091998336835
32.11391390417001,74.3838695375984,5.3645160857983125,48.41697998815717,13.131221330316588,28.271452995026824,0,75.6917906889727
23.18674494040512,87.26962792814761,33.537772334982456,97.08537686169974,-4.231871581634067,21.549556361989566,0,72.60886546389914
31.463845159244304,49.604695664151556,5.341626072628683,36.374069897468615,7.499154513130481,23.48308207582674,0,85.96743868915519
33.529165331473564,88.84161925342548,3.899774631949079,13.177511124407658,12.826275281289934,31.915239522685685,0,74.58407719379285
32.30718262816403,69.25866588104572,18.850567715340667,0.7273703254903116,7.039429393324983,27.623613003084618,0,76.72008314071205
29.256583241190512,64.89405643173755,3.187275382514016,52.9789451707671,11.411088774853214,24.10815220612307,0,83.14254322419728
26.8434952853515,59.03676955181333,4.244590785250565,33.972949463263404,9.038608435942773,21.011413316546925,0,89.9504202075804
25.11790211832578,44.23222970862505,11.719438769105768,76.18552667844358,12.158528926607401,17.182382621738483,0,78.24245890467469
35.35517345408552,79.815927738869,15.654041697865601,59.320139489674936,12.651530911248011,32.24041214459757,0,63.66317001478735
24.502523899161783,53.36590457843595,19.61669742222422,220.9443585012737,13.688933781449585,18.079797790860344,0,60.65393419790117
22.81466963215002,53.30289986393599,4.0642228106299845,35.69940083845488,13.093042738051418,16.596302772859552,0,84.92805509077837
31.32684467516415,79.87889464830432,11.903196034539398,27.858732593092423,0.18504046173639388,28.384801376062743,0,78.62364650541481
24.019315984067525,36.755248299924105,5.089163322665986,16.895441662359623,15.699283021808515,15.046417829678855,0,83.10240657634648
23.249682512669363,42.1460328399775,4.551584859996124,32.3954316810302,7.2772940952247565,15.300488311476325,0,85.00963217070515
20.781978689151174,64.72798634737877,19.34763569748234,103.12783604746762,8.929711146839914,16.329398107263433,0,71.53092532512724
25.585450802697412,69.39926643507278,4.760517987910386,2.1683305171907814,12.372919098469723,21.39743784574751,0,91.18244481954788
27.586424880517534,72.27101971953385,9.230965769750219,190.6089905053634,3.9967813383945234,23.684097026810043,0,69.46521207824198
29.215458638303495,60.47302259905621,8.368407264252648,250.33610533901748,9.428780429489372,23.36684500976813,0,62.588991509489944
32.75653122149742,100.0,3.1374064865473064,45.54294785891994,106.40308779836562,32.856940501527305,0,39.123895285754855
30.634489618328967,61.58161161851249,16.00456964515196,20.139250416466332,13.491327682460478,24.827822163994913,0,78.24494766229819
27.045638902234103,61.53820771845917,11.5677923507892,12.618897644697235,9.570302637515852,21.57641807940425,0,87.39948606185735
27.0090216181014,53.04519996779184,1.5082763526229723,16.182072910120517,9.250189885518646,20.218124022161124,0,94.21707187092856
30.550787344575916,66.85860224781607,9.225181725648698,2.570213790707633,17.17212658222401,25.60906104437319,0,80.99275399747043
34.36285081464285,74.22441848070162,3.9813511741178393,32.228419411003834,3.1566446573997107,30.369108684453845,0,78.18060455936003
28.631570997416002,83.0536708180019,17.772640870877904,2.9516463514186912,8.495411433773253,26.26389399796156,0,78.59087012121908
25.654345728947956,42.66073603339673,2.3249072146728436,63.37656181111575,10.884796248699166,17.36813130134536,0,84.92382174733699
23.035669994572274,61.31006992466449,5.555666651135441,23.25513934343229,9.08498560188048,17.919810997262335,0,88.7480407020224
20.773973677938873,71.70055416213717,9.871182371914106,11.117489055854923,14.877364778355675,17.21860958110201,0,84.82145268732525
31.331348360217618,73.80586301891803,7.7173592180264565,39.35680304521372,7.832841811799277,27.44118594567603,0,78.4329138973516
30.889892618197784,65.09822986706808,13.604037250880609,182.0221957227481,14.455393386986987,25.636423834257506,0,61.72266158856963
30.886817625533308,73.13635954298152,2.192982328343902,59.393663181085465,1.8951997527317985,26.91712359875157,0,81.95672386868155
27.35670276823972,52.865541606113,27.702743995429667,33.83878144802453,85.55789628616553,20.492371601649694,0,53.506893692953
35.03467372945875,88.36858148477535,11.247160840096466,75.00996365368864,14.014749632597475,33.318449147611574,0,62.226166282299715
25.57940752707591,79.88942154469144,21.928223916727543,66.87072850530343,12.962105036936533,22.870370245185,0,73.72255814434953
32.77634618603603,44.82608319402242,14.87068961096926,111.1588806091622,2.524301707580583,23.686692430629165,0,75.07729458512854
27.806285525052285,48.873454278248666,7.320743606754614,11.449841644247401,88.21721372015799,20.221889818643643,0,65.45607139751317
24.95824617660331,49.296173748396406,2.644921619127716,97.90637559169075,83.35844566506184,17.85295028288114,0,57.880178500568164
30.962651536588808,75.16954956344793,4.7075022287751995,17.907092898110324,12.283207636539727,27.306770506401268,0,80.80098129068622
30.048180593419968,45.729083503737996,26.354806449139833,141.50998313927767,4.304716669301448,21.570328454759988,0,68.88120022292853
29.78486379633463,60.03463498687879,22.384085225048175,16.4992267931312,11.13291964513654,23.807868523161197,0,77.73525870837548
28.406392110280994,71.82056594625162,4.501091918588301,130.76116179807153,3.7778197612565236,24.38584520311939,0,76.83529680246744
27.810534591415845,64.00751098180348,0.7751928600097444,165.9219843262729,5.0945636835265935,22.648834569367693,0,77.34876538880744
39.94185996435219,68.88331273569058,6.232940504611001,7.861433116276004,12.088407025086237,34.64772774984037,0,70.09632580294426
33.921283225980865,49.01295932976863,5.869900537547504,183.4536124449079,10.14364346235652,25.47678394715711,0,67.12329807854762
31.61413447492756,73.92281560095867,6.050748058109279,4.481082772715438,4.191763071814294,27.726360942318312,0,83.53972192292491
28.55899579101694,55.80182161286005,11.277745526982683,12.331343599508669,11.021274713285129,22.024250999204654,0,86.41785813998911
33.03578600298334,60.130704884030884,14.894173012224122,29.364529676845773,13.799282525297299,26.74622121395773,0,74.897367863501
30.58997388195726,68.56597591858979,16.317524250309543,252.552288287918,14.994310801641072,25.917853756396024,0,52.71112481091237
28.13102376387018,66.54617332296272,10.55465834870806,33.52654841869861,14.751396417441399,23.331042920821794,0,81.45631946339628
26.482178373670425,65.3597002852339,1.7495934356556546,39.97089920670498,7.852680052361959,21.637639802744356,0,90.05409363993115
27.59541331168656,53.74059767034866,5.6239834617356035,59.277993306700196,10.763911835501178,20.842320844589928,0,86.40875705974356
12.147871320609722,60.50675883201212,46.677947031717835,172.5617704843952,6.465783268426998,8.004785539938641,0,39.25676665613386
29.05300419648821,65.03275386255554,9.967934468558761,76.47392967130612,12.882232463015026,23.943554895531296,0,77.15922996762139
25.557619599448202,44.37372150249372,9.917051554165303,12.69006189017314,11.187059745054698,17.5723875642251,0,86.40202946521946
35.96334999141442,58.06200550529932,9.851155439618891,18.04784281734745,13.467588321127032,28.991798488264816,0,75.29274415901625
28.09672035405877,70.81519818549269,10.301646100044946,5.136434631021588,79.4964641218018,23.94513724017502,0,61.919006252678905
22.055182902325193,45.83845094231986,1.0980218636419008,51.70480209959717,10.658626440325758,14.864965086135467,0,83.02508100731394
27.750599229359413,82.3487247739136,6.1005598549704985,9.967707967876137,91.71850307175194,25.309600405417964,0,57.41571431034955
22.769394574687478,84.04419893899764,7.168423346636194,14.880216009241467,14.944614585710365,20.71918128380123,0,88.86745660481913
30.367037078562333,46.32274136059871,20.598048110786664,109.51358506597299,-0.25069521277676543,21.947852708237043,0,75.91140344657938
29.454736821697427,85.36429449575209,7.676305031512657,19.78234885400797,10.851014123067694,27.402321367211133,0,79.46312584033694
32.789198155541335,62.84627616931798,1.9793943037660802,41.8100995346435,3.771169179431886,26.99323823248943,0,83.08237915277451
24.045591041527175,71.27771838735582,10.423588104975325,25.33885888877853,2.208850757160649,20.224954510122057,0,91.18060470773118
28.170040481140735,57.5502342180763,3.8842902659593954,3.845741630107287,6.162267493849234,21.962013366389424,0,92.67617148980902
21.174891022866824,78.84567240840143,2.7914787884954193,22.53859392159951,5.791329655029495,18.51003847862321,0,92.18501571318399
31.507473909623574,71.09141028273001,3.791162736309601,26.218192928301377,12.695470521275512,27.175098507253065,0,80.48812807104363
30.59435590220061,52.78770115103595,11.40444719018396,113.02472409294069,86.58647451212279,23.300573594234915,0,49.18228543355398
30.479025105137854,47.52197000052067,20.22681080232261,19.61145363265944,12.69017419577231,22.262065944949224,0,80.30229225289148
28.008095156784705,43.09546347186166,10.873666580198819,23.84062745185061,12.78968890762187,19.390940690404108,0,87.00228536444773
30.073864453943955,67.81912664649134,12.251134915879867,76.36911590783832,10.99510556381366,25.321561702771398,0,74.59014320918125
36.02169554154298,73.58707117669604,10.788019558585324,71.13892455874723,20.69027605817002,31.8259684098273,0,62.85638646403498
26.57452871478993,74.76448518169163,8.012972104331089,80.04504201984909,15.90159158493055,23.09407891179765,0,78.04736084984289
28.69322591855042,63.230283580889335,12.904092485200168,153.70711748380478,15.067630675454929,23.332472808293517,0,68.15598923809418
22.56936850409295,47.64505316503454,1.067137282675307,79.37342543892227,9.160822838097847,15.56486630602939,0,81.82278066111492
23.658695192008338,54.768878029643254,8.075789870005034,26.179352205748792,10.084598995833751,17.547235377930782,0,86.30348991270753
28.489066465466536,82.28522958442889,3.202910642912056,86.16071963077897,12.711296956242753,26.013824093005567,0,76.52463759054348
33.519667733509536,57.73057153099878,18.73366285188881,35.5324353442178,11.398838538641082,26.753721072902888,0,73.1497305840658
26.71859587874214,67.15126446022214,6.5684360224587195,16.266707083147303,11.356365150546466,22.120115833205542,0,88.12348248046544
26.82041735343938,48.86524274637669,7.574281312178019,18.042544563477,88.75621231703042,19.377706802530465,0,63.88976098568218
25.965573777478127,70.04874568188552,2.2165290926266956,12.669983595053228,5.394870358867358,21.844418114531795,0,93.05981980276118
25.326216645778384,58.134731574813834,16.667566598466188,7.832278680558584,6.13741262157803,19.519186634541207,0,88.11596457733017
29.474857278544107,80.70069070663645,12.205204952647003,10.197104980327836,11.276771710560018,26.730186988180968,0,79.02348263985226
20.513711774106778,76.6033655931022,11.536988969793956,3.263101804774011,14.998897897587613,17.594925623130944,0,85.29795113679283
34.40469788333364,57.5644108013765,3.8558123774529265,109.66450559488825,12.366076045037943,27.511264346385875,0,71.71672138385992
24.672888509352696,63.10003958978505,3.9792291675732336,133.68809820556098,3.575156268490228,19.65614978554834,0,82.9340815178164
31.609517427190706,56.73325639939057,8.836400085455335,44.187594506314234,5.365575838569099,24.880418533923972,0,82.05388742623191
21.65000701303062,43.70850205182485,4.239313186477136,91.78229415465336,4.462874771996449,14.213530670992967,0,78.53478507378674
31.34420065273109,52.13836355679175,10.463723496921673,10.140772630431211,14.9554643829902,23.83809608729206,0,83.01176206322788
31.359723039072488,67.9732599158123,1.3116290546204106,115.97325064394448,9.744727936199709,26.535654780299865,0,74.69513559244564
29.921010360029484,69.87889247344373,5.002632905178833,35.2975965925678,16.315945615090165,25.503178766880044,0,80.27550719947035
23.02785739100104,67.22821855388959,31.106063634194857,3.4763467361072777,13.271486967371377,18.725258790374642,0,77.76339270573001
29.247740947990387,60.47400419062046,10.502240994059333,7.617525151404508,8.359453558198794,23.396065101442375,0,86.10654481626672
22.084719076328057,78.99599908581479,8.443821002934579,18.47906951815786,6.4254707647520934,19.400250634142683,0,90.88873490968025
26.736183724519073,65.95312856841406,36.16823431676668,2.2267345462812926,5.377223902653419,21.958790752710087,0,76.96261529037227
33.14706550477663,75.54880742143921,1.140238105372191,18.502005779164822,1.7571620019356153,29.436342405273397,0,82.83944609417546
31.98350963535371,38.39337301696222,3.8487603451188344,3.0900699568083105,5.66982777388304,21.72938178870674,0,93.2825975574053
28.075914712702165,20.0,5.360522558574923,13.461181145987558,17.08538516671572,14.591284726140419,0,82.16541930641917
23.12596712038579,69.2568204175712,14.682862339055745,15.439821382586244,6.685050193644762,19.091521754426605,0,87.52351925930516
31.227938560870967,43.62851519417766,14.887546983552818,258.97320178681895,2.334992106982849,22.161607714708197,0,62.63816405515178
28.096906188490127,61.81322445930416,3.6957911044149148,13.429715341767471,7.03833897572986,22.569676864092344,0,90.60850462556732
16.398422008847884,60.46854438463092,16.417756420877716,13.668347815732757,6.488513934043821,11.82762656585411,0,76.00288887875442
31.913149131582593,88.81100903623306,5.351346364388269,58.04390465653445,12.359058697530724,30.32325647723383,0,71.91536540379144
27.87883583065154,70.9999482941541,19.478507934045453,98.07669582843495,-1.5708199133623424,23.769210315910783,0,75.32286761405506
34.01225623991536,67.4878854019801,3.2345371484472825,24.474037144691852,9.07772764672716,28.90716327290726,0,79.54867358637057
22.523647405785976,77.5548673195051,6.694931320390621,104.21989819991246,4.307096331328086,19.631190481741886,0,84.24163146531691
12.116480934019997,70.52746380258559,4.992147349199688,20.7865325033993,13.80884863131887,8.989633506424315,0,74.30677379092374
29.395419291725926,58.134845105173504,17.198536573310275,10.97101702960401,92.72622985968033,23.14819671792261,0,54.67259164694043
29.457818383409865,81.0721389538184,4.863581140488585,19.996932183729875,0.5569040514114025,26.769176679741403,0,85.22911650796681
19.546641861967743,48.35374808167589,7.142345164190588,46.99797884419587,14.695049392609192,13.091350676453398,0,76.46770575062882
23.10750227066697,69.84870781300343,11.083406923549246,22.875552123333556,13.222663436565234,19.15448864488887,0,86.49491981437025
41.77608871859951,41.78645308795534,11.429603484337916,55.87352011824751,92.391186527732,30.473564903915115,0,42.190436714222955
26.471946929230985,68.05915786273992,15.022695425256918,13.52066068872388,8.437164709893366,22.025772526123394,0,85.28553919268293
31.65479488188108,67.89484462659394,8.7486536632684,60.364396997563816,16.450800118829967,26.7958985221778,0,73.91178564573272
24.746700863158082,90.14682442871994,5.287792530589087,21.342484089606405,8.719170468770832,23.465020537915507,0,87.11793436261462
17.548485505734217,41.52539159837331,5.585874518566822,30.42820487138609,8.531537371471854,10.5233570304338,0,77.10543200873806
27.148708766020473,55.98669236219281,7.542380528613677,40.793447887230236,5.102173426827245,20.808023528915815,0,89.23670517798733
26.671977198569476,77.34023639861216,9.02207165186546,57.953956029468976,20.555289893174454,23.555681890085,0,77.50828243826805
26.000608806658143,70.02975884595962,6.56835014659614,13.637288282930921,17.23567399222422,21.874325498486627,0,86.79538318660416
27.426795822468037,67.70457577006255,7.503448664369053,90.37784086643995,10.787587486663998,22.856472072215343,0,79.3299209772938
29.32134135822818,50.65796445562191,2.1950326289508366,63.97843384238928,4.484703679344928,21.82715603931674,0,88.26900501586223
27.24941524373097,56.13772477862857,12.60236163273365,13.335047451836218,9.36535399964264,20.920883756451538,0,87.8622041372247
21.67996916026318,83.67561512334885,8.541100221942095,184.3931237764209,71.61200788420554,19.61458305849121,0,52.841342804388496
30.430923957809696,64.22736209369108,16.46927182211322,54.650946688752754,6.371661985584897,25.07528988165949,0,76.56344726905058
18.253141223387885,70.6303954421671,7.3900049584371335,30.11296427535828,10.878768258440427,14.728664033015505,0,81.76044105662206
17.748212713579,63.272175068352816,1.8391103277888863,8.570702558651218,13.475822915755332,13.379743331930339,0,83.8010486062175
31.69590247350784,47.25371727125352,5.546921274658885,38.094968583651166,3.3494980860006045,23.244776777531303,0,87.43337797600829
30.535101360676784,79.00715639112495,6.296891264334395,9.002759556720637,13.350836310652316,27.491953207708182,0,80.26306983038103
27.71302317462982,72.54848576798744,13.387516179780974,28.061376190269428,5.228101383486856,23.84396519232767,0,82.99145604142879
21.02275747622464,99.58455256050783,1.4102699844436677,26.272647734888054,7.150510402939471,20.98768438795373,0,92.80257018471228
24.460445296629622,49.766279305241824,7.636532306516673,63.63750715698975,9.474992485479392,17.498523738641655,0,82.90743791051204
26.68626626156748,77.33859381800721,11.144433912982569,10.683378356703324,78.59485775644019,23.569062225010033,0,61.807565951509936
20.020530157129432,45.32684050944498,4.3527581070488806,86.2624632142817,13.221280904053959,13.082614527281734,0,74.41420278128534
24.304856709883836,67.36019851509616,7.843635258710389,19.736075911489003,14.926100864045504,19.922302049076762,0,89.01266089842922
31.261651690883397,79.64759883594746,4.474393414381055,29.348326492431305,14.695444718155652,28.286531646327287,0,77.49969160135686
35.13652682144608,33.91797325855269,4.122013070698966,73.99531381146424,16.58529338983682,23.222517820318117,0,80.1772542230813
25.90282623670725,61.92601288637588,5.329535679778323,49.09381000528325,1.1332298269626389,20.600907241056408,0,91.14674702234369
31.78244177158049,56.551853989360694,4.1847476608333665,18.410297979374914,19.625565619684597,25.002078992441476,0,82.02162267642208
18.429699647062662,54.470640525573174,12.767394924027455,24.40454507319491,12.870821041819259,12.913043267182477,0,76.25513925083408
31.297256205568058,70.77818978389031,4.104313519256712,18.24880905969027,7.5835830285120664,26.92859198496041,0,83.20221334745798
23.980257926362594,81.81028559633893,3.5882764666431726,45.16504423157931,7.94396594714592,21.594343987756336,0,88.64985271283734
29.53672808353985,63.00081927156267,30.39697003281571,20.220123635772648,4.459733365852788,24.06319073181431,0,75.19813873367582
26.761237908801455,68.0822964134003,15.936180215139279,64.67622385375678,87.3734811948953,22.296932479667614,0,52.994395055921494
34.602070048919174,66.71463129588872,1.6666061472765539,43.34969653950194,4.4895402220372045,29.31824493030459,0,79.35784646960892
23.62782175830041,65.02705259534622,4.007571184317439,7.874029911443264,7.748027795922752,18.974361894582138,0,93.0876783265959
31.138031487809155,48.659860434318404,8.970759802905645,18.57265298116549,13.85391573990628,23.031123141678165,0,84.49269817461129
26.60246268351733,81.6266690258434,9.57354967658069,12.515938899484272,13.384414100766083,24.09828637419096,0,83.35273034355276
27.20847260995168,69.42793052238254,2.2425322753230725,24.740495844065304,11.05285376166971,22.9106179783291,0,88.35447272321505
27.08073053420395,70.92322235003867,18.668775973393956,36.281874653665554,14.982906476373111,23.012047840329775,0,77.52505062865077
23.771634477529435,52.902355564616265,14.298856018296958,35.33826004423263,11.342679651222873,17.37314663414566,0,81.59557272057245
27.92950517046664,58.11169403016139,10.864725031232412,70.22773893057004,17.886636485252367,21.837201350561944,0,78.82684940373309
27.68675888939089,62.35798703433832,21.87583914822656,10.484958149290392,4.6667331554061295,22.28261569145221,0,83.03408335531066
29.206201242033647,41.98812959826723,10.610371796095334,146.37829452000608,11.482337830246127,20.178399930828913,0,75.96193881029298
28.42252572846431,39.679485122034826,10.578934404022544,20.99177650569508,13.568676098306799,19.106827722958247,0,86.74870469908765
31.98997274806118,55.988781040421486,25.691068889008,17.851525136837715,3.2939509406647636,25.086978680784764,0,76.64086137374683
32.61754308023684,72.83781149663585,17.83166241666251,57.78748578856662,15.592347057216719,28.497184693858376,0,67.36219415295227
22.746883390860994,55.202939151050884,3.768940897213201,81.87043070464803,82.49572782563239,16.807103465264053,0,57.64056573694722
32.343862502953854,49.7179220361393,12.262626525692445,23.77869691765917,2.6815639491624177,24.259317227408356,0,84.20798655455452
22.068317864450727,52.779715201434946,4.343088400408262,68.68805653908554,18.862182716479513,15.871088681641083,0,78.47888892952244
30.939279440688676,58.16986365282031,11.05987441071939,107.5945717189757,14.587310767968601,24.530966665128886,0,72.0517187023932
31.098693923514343,59.69211555769844,10.818858898552914,72.79372708201399,12.804216429882104,24.930924404711927,0,75.64673909216022
18.44341554168748,97.48282178309836,2.4429984310072257,1.7397433335246744,10.140423085192976,18.138259210781307,0,92.43177423891822
28.46489623264705,80.81930942730978,6.702787676288424,87.82991985026948,-3.350839666857734,25.77609685808173,0,80.31841544532548
25.65751943319842,80.37161168422593,9.135844378250738,74.46753410801674,14.174178687923312,23.01251321423152,0,78.74182834941791
24.206173710323124,82.52870546410072,5.212021827599806,55.325707034579175,16.38809506615861,21.909308076238066,0,83.53475791299888
34.75426165349503,50.01768695998926,9.504524552517427,71.3604886434832,14.06844983520364,26.387632468466027,0,73.84075687829272
24.731604296812904,46.66453077519141,14.079477231568127,194.18488855472063,8.72489130609399,17.24771887214263,0,66.50505373492649
23.96811535440975,48.39694562698915,7.210408078214615,28.203663070393638,6.6425124302625695,16.86806388486365,0,86.66235467106128
28.378474700025468,85.01759200006757,8.843472191427123,3.479468626198348,11.87156544773249,26.304034552369224,0,81.81707673053526
31.42794873149208,56.792123166762636,22.348054333593616,30.891779546224484,11.11515128792567,24.729625270390308,0,74.93730654368673
27.291757069949366,46.2296572664107,10.789325509158722,2.37731381397213,18.720840680736472,19.337714328149747,0,87.13389712933589
33.83185272834626,58.53505699670281,8.676857567591243,17.424739504122215,8.318449772746778,27.17667247675624,0,80.38127195974221
30.654878309820454,61.42091702428059,3.4333501214110913,44.200833367317514,98.59137683302019,24.819717668711426,0,53.76987282182216
17.10894340134285,69.02619910541843,12.639423886889134,18.52586493469846,10.659088662983594,13.47302007253781,0,78.48420211756444
25.35266518246496,68.76426531068064,9.622652549952063,57.821908846610484,15.99286835433126,21.09053120477952,0,82.43972991508322
25.190789503241504,52.57729154189738,20.635059506402865,86.29474604427355,8.91143479391255,18.560493716223554,0,75.92325795206904
30.39680476714711,75.28484588770567,7.67142843474783,27.27423339605235,6.466891220218508,26.788839302489126,0,81.09797308254765
14.87591471812944,55.412096993747625,1.7280382402180203,115.19827791640232,79.32136852748584,9.897477415749881,0,46.02191303604696
40.74504854358861,62.65585494942435,1.8962975078332898,4.160327482184674,4.224850797959908,34.18303084564957,0,75.95298863007056
30.65513047447105,75.30161105755033,13.310385710764855,91.66444951194843,11.13876960629418,27.036096197042614,0,69.91129469576074
28.744384019588455,55.37267894083488,4.682560716055036,88.17993036870433,89.63280341790389,22.117514586201697,0,55.78685358649821
33.907838582095735,56.45972864628294,10.479429086064124,19.429949430718256,9.247058302956827,26.8681548630294,0,79.43270545169975
39.71827026406312,73.87502074539697,8.096129561784341,17.742058967419272,7.927180683756533,35.361373314045935,0,68.49327579004482
32.35373322294202,52.13400235092471,6.4658098153751355,18.199005314344504,5.51612377746424,24.71418322519763,0,86.03721179726013
32.7440654823581,59.22811964593894,6.8408430128268805,83.40467853808367,10.063064171761212,26.32652055246973,0,75.3949750871532
28.65345012232191,73.3361326706434,3.6976164004669543,89.08654250074585,16.626544986338693,24.84575995395212,0,76.43171595665086
27.29237123316526,95.81138662153963,7.2963764549173895,20.00317059076689,15.06346102275468,26.768950663118435,0,79.1769150445354
25.621022779975494,74.0810675714412,4.629298078847145,44.89680412015019,9.755613832402029,22.09601765875131,0,86.7997727829671
23.86944004142729,72.08959644485017,5.485974717191018,7.479161377508318,9.0619542767786,20.171351112260634,0,93.23141840966984
24.56492950150251,72.96202375509094,5.703504236258264,31.628832789726797,12.077689969185013,20.944611929196647,0,88.54255005270821
21.247220178285083,48.902145888994255,6.1635036122532885,335.97468891260445,67.30108664109422,14.6183686640179,1,32.81463675160835
27.620642746574884,66.73395108019862,15.452004950846842,8.648618708297882,-1.9099563656832927,22.88947373020403,0,87.71157718033518
19.576662113868068,64.55350267495398,6.660318702504319,147.40679819208196,7.041763007421242,15.204828718119607,0,72.38914957091197
28.954582620718554,69.82376810559134,16.75944314514708,86.93598080815069,75.51645893378326,24.59482272634313,0,50.862293279168945
27.81834695978829,66.74762078713806,25.286836428477713,179.16232048305864,9.185829802244477,23.073695426538,0,61.76786333023345
28.73467649193344,70.69549516125669,14.642902115852127,9.89686820266841,7.764517010671714,24.522812135864203,0,82.31647158112023
25.38934214990004,60.327992076511975,11.331368214265087,12.009303327096825,9.867872393164687,19.90099012285421,0,89.69557994671753
43.38430185090252,65.87913376057689,9.597146047790142,0.8505526369130894,8.584891972305359,37.23995837318968,0,66.39480349519398
34.80057950090156,46.58257150914512,14.765405334995785,64.49502260458738,9.422713414054053,25.74085128844064,0,74.41561366803106
21.777287499576385,60.201390829956296,7.936628721921745,51.654528815536985,9.274327084893292,16.63398605418957,0,82.72576947713868
29.16434043713449,85.86250322264965,16.242899781462096,9.804724788122629,11.629818026639967,27.192592175467713,0,76.23258335837514
24.95996928531338,69.78212509442383,12.076780525930639,78.30574413566808,5.837992616199706,20.869924309956396,0,82.88015131980004
22.92760136646293,64.68618443925385,5.540737592712391,17.776316344862337,87.21811148330961,18.286521838899272,0,63.80907849973661
21.299639644380328,93.4418491438152,15.130017797156826,7.251032495113027,10.144362400872339,20.486731671375917,0,87.59833621122229
30.16108345379627,44.58747532548381,7.950096005700409,27.45776766649657,22.224906503332008,21.454191167257527,0,83.6895863118365
24.59309882465213,48.35816666830671,6.787579472927768,4.768850765365451,12.84650833944691,17.39507232541755,0,87.9397642286436
32.83913012012602,90.69067116914408,5.048245068387253,15.274902349082447,11.07517906068615,31.522359603235014,0,74.97312147248357
32.9689110726522,65.68941404073401,8.438588694208565,23.207707218654498,19.86866721367926,27.640897123461666,0,75.37570017461135
34.86957192605725,61.361254455653096,16.398175724474203,95.48128431572145,87.03660422726178,28.617209318235187,0,40.31476831975072
23.738066169629484,47.01193512356535,15.046599284129941,78.64294323514251,17.838251798937517,16.461182262944497,0,73.35809549585835
30.376828053460052,71.71544399592518,9.80326053473037,29.23744988198102,6.161649228475956,26.215781895716674,0,80.79706882470305
31.162271083211504,73.16689804291194,11.93786059880107,64.4720064720327,14.18873112777576,27.181117334828375,0,72.08261600856171
25.629109124480177,48.58258458747656,20.43721356146402,42.041730500629996,9.896064080545495,18.314267097722546,0,79.74993278894031
24.141140213035627,62.89586621674358,6.553681593354627,20.839589807487886,18.42223169705418,19.14368379526008,0,87.21398201644595
36.047603328879866,59.96726251950401,3.0272783973229447,64.70843386684554,10.320512824751127,29.4235249596013,0,74.44005903366832
29.13747937866027,68.83965719628156,20.924147645171455,57.52146829446204,8.443673928478233,24.61349400996537,0,74.0509803568606
31.17983875355869,48.21124636669035,4.836432675106728,48.260190717796924,4.594057609805043,22.984378648946677,0,86.74784408064525
23.889619940860364,83.77921181769736,4.253446099526201,48.11091200471383,4.69557872150208,21.770900264209626,0,88.84064244628372
21.90357766738903,78.73735672396407,1.7560057957216904,57.43983500893906,13.79569599460055,19.19332610060359,0,87.56943742061712
25.152751127539446,59.552366619007756,11.670058306184446,24.269714013561273,14.340273271138884,19.574060661425204,0,86.31899934730983
27.379893063050016,61.753719325424434,2.0194756537351095,101.65684321455069,2.0567791570167167,21.91169031279323,0,85.27144933014863
22.678899965913256,62.95366774583576,4.054360440203694,8.855230169332797,8.913069002917474,17.822903206153875,0,90.8506285712232
27.950775956748085,53.32537170490245,11.829417477007851,107.65890945755991,9.602164755069312,21.08546965590995,0,78.49047424685205
19.5574740596575,58.348558726474465,13.164673630246497,20.94893861464605,10.344655261542362,14.40173117396504,0,79.47714766384559
22.39976288765064,60.94594448488086,4.386960777067083,6.678376270072178,93.48087158800925,17.295711310563174,0,61.921958420967584
31.354556241384376,89.19302556060691,6.6371147165074555,45.81796204593354,8.658850323301067,29.832246314741045,0,74.46499352394099
31.018952601389472,79.19927462495656,3.6763645831052507,23.579177358584346,76.96807704872944,27.98477328022027,0,58.17071436934872
26.04061617306567,79.01982061004935,4.764928681086622,84.50521681944662,9.142710346795802,23.19080642992948,0,81.3332342170192
22.911178454615236,70.54888419506585,9.142850503480968,28.174894172603064,2.0805220445607535,19.06590160452803,0,90.51643038960434
22.862982242369945,48.240094866031484,4.946511877459508,55.21580506048846,10.932531084417,15.902378406319627,0,82.21455413656184
26.13365877029343,64.3776334313393,6.077709924433859,18.4271105040792,17.93098632539565,21.17349831275362,0,87.38119107644617
31.22259245822646,79.5573268942007,2.2892738122161225,11.75146887500528,13.790400051486701,28.235137980458116,0,80.730709218542
32.64122845672162,46.12603055949069,18.290191487099044,24.555155780435708,2.620644514492941,23.82813145444657,0,81.78364332523941
25.517341322590156,74.54829810309897,11.112307463124,46.67284080713579,12.124480520862015,22.063967795185178,0,82.63911698799265
22.23253787007608,99.8391383789415,13.933894114011123,53.49347823017894,15.552486395457883,22.237796377130376,0,79.14284842246168
29.339218189331667,80.92724968984598,20.745726210285873,43.16199065482496,10.219022783036072,26.633430838465188,0,71.95445064399809
23.882325146870752,86.21043703342981,3.8183931759673415,221.37513305474047,10.795826301606942,22.08885109065386,0,69.22140470335917
25.408736805693987,68.2750812566324,5.547150727930189,58.735295518280765,13.21496577366667,21.072630681048476,0,85.3389604714119
34.62638045218519,79.51897923147484,1.622766657618773,134.06040545171575,1.900400984057832,31.492588723898702,0,67.91022604548505
32.135577142828836,54.232201784689465,91.13467231602904,6.274374154722384,2.935412002925638,24.903338846638377,0,45.4717474889138
28.789871561257257,76.93795718511839,6.5556793333262355,3.166851750611409,13.852402183437516,25.513805867229753,0,83.51729896295194
21.640404994436388,74.81582201091145,16.962114866924388,18.625315930522817,8.309066415087658,18.43490710081514,0,84.53908281967901
29.056982837353296,69.34866761056495,2.7441492081455103,7.343219212037442,1.9965844549200717,24.617160455098425,0,90.30233464043584
33.313286453937636,84.74011129577747,16.39720249184806,37.31353145695182,6.9458099886090725,31.061703270430346,0,69.16222070653224
26.121831671172323,56.91822743228917,32.657440006305755,36.59245178358818,0.7121427741654145,20.043318864188116,0,79.70967559748432
34.75557044993357,62.19413725289506,7.041177401924029,42.788854804227974,10.462656958705386,28.6633873987662,0,75.71789240089743
34.463726447591036,66.43193062037444,3.291340085707275,68.36928918425706,10.595310391215381,29.141883429992195,0,74.27280576332724
36.31866416071737,49.55583543365899,6.6125071551200225,177.5946771323814,4.8348557748252805,27.638710997834462,0,65.86459362084173
29.526215632656765,68.40397915700372,1.2443219710911986,105.29284535790893,9.113386060549807,24.906385551387455,0,78.45118079806572
30.936958499030062,39.216043805692294,7.168458505102584,6.298984054143631,14.512458277789236,21.053855376551546,0,89.36760318461062
35.07093644165545,80.70431801642314,14.250239469496359,20.663299458604534,11.917835658535324,32.11356549734438,0,68.66559018719636
30.236969685344878,65.69956049848949,7.1806785524083665,14.773820143821984,8.586938049956808,25.13476038421072,0,84.3678254497786
25.493829461048936,57.18660644144355,5.886657540816477,9.728859021146699,12.943944386115765,19.526468660881342,0,91.05884019009385
25.757285817360692,52.48439581557318,11.268987603198699,39.34266880389234,2.4689256454674577,19.039124456005133,0,88.1669507868633
29.192774768868695,61.48131455571219,11.979775794868637,40.28941814023319,100.40566611341313,23.508279474841864,0,51.25019570514185
21.547192890268906,75.3238956615862,1.9582976501495082,12.88965024339172,10.160126716841086,18.412418754713265,0,91.96380537704228
27.283705423179036,73.2160846810634,7.933214951538703,62.221904635246936,89.8342823064746,23.538579104295106,0,54.55857263543843
33.48273559115127,54.41693079082309,51.872464455155786,66.00928475953557,13.731974367611015,26.118782213317424,0,53.70734118728875
17.043730744173594,52.309404910585485,2.539550262846236,1.0601601187164802,14.531405600880104,11.436796626792205,0,80.93560192993351
35.672410508972575,74.85348059479472,6.900990373767875,25.189000435498208,16.74736552630812,31.71222558205557,0,70.87981122104685
33.611871093515795,54.164788930774556,34.93177584521474,110.42771438093285,89.31332186353048,26.185556136499642,0,32.44189914670639
25.70117692084762,65.89864661119255,17.873874565636708,36.73165813229127,2.294834654497686,20.9999038795183,0,85.1250961998425
30.716954139359046,66.85631963786416,4.900232511802922,21.35700116217607,4.3957536609418915,25.761853198630305,0,85.3061526096215
28.015738634531633,69.68093197590107,8.713802856718779,14.629782991748415,17.023954209798795,23.69927636390741,0,82.9565543233384
34.14995184219342,77.87405645272807,7.376583979250334,13.943022872940283,17.813743925265058,30.768175048882316,0,72.8272285080023
32.91341571384971,46.055555946990154,4.061460169202066,5.2551404350672986,17.04724741551084,24.04370444209496,0,85.69578340357951
20.999646384084954,36.332610121092685,6.9629157345980905,84.97535774930247,12.279513165838235,12.578914809947992,0,72.79620751741328
30.936312067320884,56.488290781574726,5.906344391458278,4.5322114120083254,11.859084054973613,24.241584523635623,0,86.27820185929205
26.97186073178376,92.0229261174828,8.086525439228586,17.28638039716569,6.4590896855049404,25.920277135480905,0,83.19465364227946
28.4141628525905,95.33261150131068,4.06044858102371,2.3375884302334926,4.324402902943804,27.820426871476695,0,84.56390892493515
24.35914049515092,92.46765703348831,2.6610091746348177,76.02251337247124,8.681473472117231,23.39410117121779,0,83.08226782790304
36.74068534560418,62.105279483589655,7.149020692820375,2.0038054207688645,10.409527063020366,30.445875065020022,0,77.08645415964277
33.20030909951288,38.268273770227566,29.139498032155156,18.430226962699898,9.4628012258152,22.681379069137137,0,76.410892608675
24.301144180135164,29.854413475222387,7.8913114755274965,42.58339627146545,10.442517369089408,14.037655283342069,0,79.371648437073
21.326946965448837,55.78942757675883,5.667368931823023,26.344478058998362,18.264170931695137,15.636051309061465,0,81.89788771454914
26.07163684511076,62.028895547759596,13.50781820390636,16.58316561021414,5.995795419186055,20.769053465360447,0,88.43559566592272
30.17251323045653,84.50938101583938,6.510031597684641,16.092222384710077,18.88933570139404,27.97359021436745,0,76.87893140733749
29.201029219731115,78.01708189313669,32.9313911104395,79.92250154724121,10.607750413925771,26.066829082998133,0,62.905893860917004
34.26566412384122,68.4110761848743,7.365964455755234,182.4408299508662,11.292874503685708,29.299199110489543,0,60.35984461007288
31.94959861090426,51.65232843588288,12.940962272989433,21.388685526270525,12.73853096581572,24.275692592733026,0,80.73093443317345
32.84784512876453,50.58830662632665,4.040290090948232,1.9966150212419442,9.727033669436432,24.855695656402663,0,87.25430541131888
29.634277003052187,68.81191530607153,11.050452779772725,1.862553160668699,15.290528089980182,25.07018154733048,0,81.58640327639098
21.05350634894505,75.4557646825959,9.208019430147463,71.19221390536762,7.276518564401438,17.961640771812977,0,82.79372386397516
27.021507344265494,70.87821893368377,7.062471776894417,40.189394106936305,15.004015216912762,22.950109960633704,0,83.02332135427102
33.300448699543324,49.48103060590018,4.946072320767621,76.52964009908034,10.387991948726684,25.035330730540664,0,78.85833975098826
27.74238535737677,74.76001443188129,4.435214001525861,59.78320591082632,1.7615323261520395,24.19776738897441,0,84.92024388264214
30.515451843118733,71.38866450652117,9.261649191029065,119.0307638763314,8.673880672747329,26.294384686915276,0,71.13322842889697
26.406258423769334,48.94000390714733,12.220945058189876,108.50083552864966,8.942489965748965,19.03578847669613,0,78.6122966445013
22.850940757290775,53.235185445496164,6.674336262180228,77.6357258483798,14.81295991422901,16.618279660827344,0,78.88902547056992
27.383279679769448,75.3274396184235,9.29813965727141,32.23586930790386,85.65553725150278,23.940954403816075,0,57.66406588434887
29.54523721516327,61.48238697281164,7.168298064691032,18.41760049992091,9.024091635427114,23.827000441939443,0,85.82555970961086
24.72156140269278,88.83720952454686,7.995035766818952,35.365022100159166,4.013011568498499,23.263384038404745,0,86.23323332613465
26.82144377571666,72.51693914096865,6.294297179585178,34.86495010475355,10.570845417440642,23.002015370118094,0,85.33971820540803
23.302683790070088,57.700532177160966,7.496063855386685,47.115766259302305,13.015980365293425,17.65301629269232,0,83.68125576365043
33.59622458782048,64.84691599413601,63.97116055374887,10.295739115239854,4.50652092465734,28.072273214069146,0,53.374262348945415
26.52772121205983,65.95075088956577,9.481167275802656,53.300461648200546,5.761640253924825,21.766901682370946,0,85.35847092241393
35.263777725630916,54.07414530137435,12.38192275696392,30.495564138747493,3.718569792965373,27.61644310336904,0,78.09529428826794
35.64373925270454,51.3111770273356,10.489962884916972,48.4061601507342,13.251555987481714,27.40971099759251,0,74.38265071691876
27.594770176391282,75.5208484071425,5.987934580289525,13.695850549826647,21.518921546087466,24.169574749281242,0,82.20911168225489
22.957756337263252,77.67909945563143,20.80495897670878,28.49295683211771,5.861343051517085,20.061567131350213,0,84.70209311423616
17.57051061133331,74.05672204329439,5.853670987454666,11.798853390086261,22.285022216252568,14.496123594410374,0,80.20912382012875
20.639814634866042,87.72977141485703,17.185115635714855,104.09428902267783,4.871032075371295,19.115157133919592,0,78.04707162229708
21.1308258755067,56.87340145982597,5.6555332462799,33.46772864668079,13.031607666831581,15.608700002854974,0,82.89464129419724
34.89234813730752,90.11406149106695,3.4281542084464,12.743413500577242,6.430729198534934,33.45656690425632,0,74.68315478982295
28.57912293613473,51.48618322168771,9.8978441083142,2.104092293194841,17.1508637180939,21.32682269147495,0,87.13348010661304
29.948022620459938,49.80971654947261,3.053429286147499,56.3102748866842,9.824840504235754,22.21862212761375,0,86.23937784209195
16.897894955324368,38.600616767761245,11.341994674041349,12.080953497285785,90.83050730963885,9.61792661576832,0,47.27096146702361
22.010167853913693,58.31307029259774,2.842469097884863,228.21193300346684,12.443307686302386,16.586219698378546,0,66.48913246951125
32.43539888223143,57.44416494755819,5.724719631754003,38.146343798637695,13.417086156194458,25.738039539113526,0,80.24358444352413
29.433870561912933,72.88905920381976,2.3504721968007605,17.052524781037405,8.383715234756963,25.512251098843983,0,86.05656303031091
27.263973606572012,68.65836412430676,70.76281193306744,53.600090519281885,15.732895306576854,22.84799349192677,0,49.74229630812232
30.824211793000615,47.10539943471295,1.9676350754741145,16.094350640918936,15.521315336303338,22.47843027646609,0,88.51533020470414
36.17898903067908,59.10910642361274,7.447295842334633,85.81617226970343,12.77998525785722,29.3811524796965,0,69.36301104636519
26.894787682314746,59.42806968368472,18.442235088072877,18.425524780885613,11.408479569136768,21.117522174316452,0,83.45722019335473
28.346849013290345,38.360266295571606,16.930364519091242,222.18545347147423,9.850226769367351,18.797166704958588,0,64.2286135276224
28.962984593656525,50.28579909479946,14.600761687621674,46.46180633531675,12.789315149438071,21.454347334921867,0,81.608812470462
39.96054817636996,53.437795540788656,5.7328757987472425,93.02691605536934,8.84273892506173,31.598389427950796,0,67.48570671147601
17.503218677904872,86.5043752973142,21.777365641050885,3.780133564151602,14.62148466154056,15.898066676588215,0,77.7065756174282
31.41611507394404,67.87176073936028,15.343821312498637,21.408502582669527,4.587794781097822,26.571374025264472,0,78.80091312055441
27.42598875620468,74.9325313092125,8.756880148912856,66.87275013014975,2.1362479715425557,23.9237787393163,0,82.3365341463733
30.833858630920897,42.52046754276182,8.957262055989773,53.21909706696668,15.121731009929125,21.62123550121486,0,82.72702901017645
24.713137230026376,82.91321724520988,5.794225869358242,10.798661073691466,16.92155876515393,22.45174076513651,0,86.70489022186233
27.75517484570775,84.5165309453614,3.5689747844814494,22.018585601116847,16.768060547733832,25.62574355701994,0,81.9856851962064
31.557052897327477,35.02482549283061,19.880130794022612,15.288460311590269,-4.557749596603244,20.674102252503186,0,89.0391850586093
43.5645510052192,54.420249141262275,21.1104123461004,47.514377735672284,12.633821085023387,34.968201925665525,0,58.02977946987649
32.040180947010356,72.43648359523266,3.642654547592157,21.123053442614292,9.472035203556608,27.88997599231862,0,81.07405832561236
23.759672009847456,74.66582680307273,6.533689999791118,18.484697806266112,70.76839722851435,20.418908014614924,0,70.66685745471733
